src,label,path,y,group,split
/kaggle/input/datasets/researchersajid/mangoclassify-12-native-mango-dataset-from-bd/MangoClassify-12/Amrapali/IMG20250627175959.jpg,Amrapali,/kaggle/working/small/Amrapali/00000.jpg,0,29,train
/kaggle/input/datasets/researchersajid/mangoclassify-12-native-mango-dataset-from-bd/MangoClassify-12/Amrapali/IMG20250627180009.jpg,Amrapali,/kaggle/working/small/Amrapali/00001.jpg,0,163,train
/kaggle/input/datasets/researchersajid/mangoclassify-12-native-mango-dataset-from-bd/MangoClassify-12/Amrapali/IMG20250627180028.jpg,Amrapali,/kaggle/working/small/Amrapali/00002.jpg,0,163,train
/kaggle/input/datasets/researchersajid/mangoclassify-12-native-mango-dataset-from-bd/MangoClassify-12/Amrapali/IMG20250627180029.jpg,Amrapali,/kaggle/working/small/Amrapali/00003.jpg,0,163,train
/kaggle/input/datasets/researchersajid/mangoclassify-12-native-mango-dataset-from-bd/MangoClassify-12/Amrapali/IMG20250627180036.jpg,Amrapali,/kaggle/working/small/Amrapali/00004.jpg,0,0,train
/kaggle/input/datasets/researchersajid/mangoclassify-12-native-mango-dataset-from-bd/MangoClassify-12/Amrapali/IMG20250627180036_01.jpg,Amrapali,/kaggle/working/small/Amrapali/00005.jpg,0,0,train
/kaggle/input/datasets/researchersajid/mangoclassify-12-native-mango-dataset-from-bd/MangoClassify-12/Amrapali/IMG20250627180042.jpg,Amrapali,/kaggle/working/small/Amrapali/00006.jpg,0,0,train
/kaggle/input/datasets/researchersajid/mangoclassify-12-native-mango-dataset-from-bd/MangoClassify-12/Amrapali/IMG20250627180043.jpg,Amrapali,/kaggle/working/small/Amrapali/00007.jpg,0,0,train
/kaggle/input/datasets/researchersajid/mangoclassify-12-native-mango-dataset-from-bd/MangoClassify-12/Amrapali/IMG20250627180047.jpg,Amrapali,/kaggle/working/small/Amrapali/00008.jpg,0,0,train
/kaggle/input/datasets/researchersajid/mangoclassify-12-native-mango-dataset-from-bd/MangoClassify-12/Amrapali/IMG20250627180048.jpg,Amrapali,/kaggle/working/small/Amrapali/00009.jpg,0,0,train
/kaggle/input/datasets/researchersajid/mangoclassify-12-native-mango-dataset-from-bd/MangoClassify-12/Amrapali/IMG20250627180101.jpg,Amrapali,/kaggle/working/small/Amrapali/00010.jpg,0,28,train
/kaggle/input/datasets/researchersajid/mangoclassify-12-native-mango-dataset-from-bd/MangoClassify-12/Amrapali/IMG20250627180101_01.jpg,Amrapali,/kaggle/working/small/Amrapali/00011.jpg,0,28,train
/kaggle/input/datasets/researchersajid/mangoclassify-12-native-mango-dataset-from-bd/MangoClassify-12/Amrapali/IMG20250627180109.jpg,Amrapali,/kaggle/working/small/Amrapali/00012.jpg,0,0,train
/kaggle/input/datasets/researchersajid/mangoclassify-12-native-mango-dataset-from-bd/MangoClassify-12/Amrapali/IMG20250627180114.jpg,Amrapali,/kaggle/working/small/Amrapali/00013.jpg,0,0,train
/kaggle/input/datasets/researchersajid/mangoclassify-12-native-mango-dataset-from-bd/MangoClassify-12/Amrapali/IMG20250627180120.jpg,Amrapali,/kaggle/working/small/Amrapali/00014.jpg,0,0,train
/kaggle/input/datasets/researchersajid/mangoclassify-12-native-mango-dataset-from-bd/MangoClassify-12/Amrapali/IMG20250627180131.jpg,Amrapali,/kaggle/working/small/Amrapali/00015.jpg,0,0,train
/kaggle/input/datasets/researchersajid/mangoclassify-12-native-mango-dataset-from-bd/MangoClassify-12/Amrapali/IMG20250627180141.jpg,Amrapali,/kaggle/working/small/Amrapali/00016.jpg,0,25,val
/kaggle/input/datasets/researchersajid/mangoclassify-12-native-mango-dataset-from-bd/MangoClassify-12/Amrapali/IMG20250627180142.jpg,Amrapali,/kaggle/working/small/Amrapali/00017.jpg,0,25,val
/kaggle/input/datasets/researchersajid/mangoclassify-12-native-mango-dataset-from-bd/MangoClassify-12/Amrapali/IMG20250627180148.jpg,Amrapali,/kaggle/working/small/Amrapali/00018.jpg,0,28,train
/kaggle/input/datasets/researchersajid/mangoclassify-12-native-mango-dataset-from-bd/MangoClassify-12/Amrapali/IMG20250627180149.jpg,Amrapali,/kaggle/working/small/Amrapali/00019.jpg,0,28,train
/kaggle/input/datasets/researchersajid/mangoclassify-12-native-mango-dataset-from-bd/MangoClassify-12/Amrapali/IMG20250627180159.jpg,Amrapali,/kaggle/working/small/Amrapali/00020.jpg,0,144,train
/kaggle/input/datasets/researchersajid/mangoclassify-12-native-mango-dataset-from-bd/MangoClassify-12/Amrapali/IMG20250627180200.jpg,Amrapali,/kaggle/working/small/Amrapali/00021.jpg,0,144,train
/kaggle/input/datasets/researchersajid/mangoclassify-12-native-mango-dataset-from-bd/MangoClassify-12/Amrapali/IMG20250627180210.jpg,Amrapali,/kaggle/working/small/Amrapali/00022.jpg,0,0,train
/kaggle/input/datasets/researchersajid/mangoclassify-12-native-mango-dataset-from-bd/MangoClassify-12/Amrapali/IMG20250627180210_01.jpg,Amrapali,/kaggle/working/small/Amrapali/00023.jpg,0,0,train
/kaggle/input/datasets/researchersajid/mangoclassify-12-native-mango-dataset-from-bd/MangoClassify-12/Amrapali/IMG20250627180214.jpg,Amrapali,/kaggle/working/small/Amrapali/00024.jpg,0,0,train
/kaggle/input/datasets/researchersajid/mangoclassify-12-native-mango-dataset-from-bd/MangoClassify-12/Amrapali/IMG20250627180216.jpg,Amrapali,/kaggle/working/small/Amrapali/00025.jpg,0,0,train
/kaggle/input/datasets/researchersajid/mangoclassify-12-native-mango-dataset-from-bd/MangoClassify-12/Amrapali/IMG20250627180220.jpg,Amrapali,/kaggle/working/small/Amrapali/00026.jpg,0,0,train
/kaggle/input/datasets/researchersajid/mangoclassify-12-native-mango-dataset-from-bd/MangoClassify-12/Amrapali/IMG20250627180221.jpg,Amrapali,/kaggle/working/small/Amrapali/00027.jpg,0,0,train
/kaggle/input/datasets/researchersajid/mangoclassify-12-native-mango-dataset-from-bd/MangoClassify-12/Amrapali/IMG20250627180228.jpg,Amrapali,/kaggle/working/small/Amrapali/00028.jpg,0,0,train
/kaggle/input/datasets/researchersajid/mangoclassify-12-native-mango-dataset-from-bd/MangoClassify-12/Amrapali/IMG20250627180229.jpg,Amrapali,/kaggle/working/small/Amrapali/00029.jpg,0,0,train
/kaggle/input/datasets/researchersajid/mangoclassify-12-native-mango-dataset-from-bd/MangoClassify-12/Amrapali/IMG20250627180239.jpg,Amrapali,/kaggle/working/small/Amrapali/00030.jpg,0,0,train
/kaggle/input/datasets/researchersajid/mangoclassify-12-native-mango-dataset-from-bd/MangoClassify-12/Amrapali/IMG20250627180244.jpg,Amrapali,/kaggle/working/small/Amrapali/00031.jpg,0,172,train
/kaggle/input/datasets/researchersajid/mangoclassify-12-native-mango-dataset-from-bd/MangoClassify-12/Amrapali/IMG20250627180248.jpg,Amrapali,/kaggle/working/small/Amrapali/00032.jpg,0,172,train
/kaggle/input/datasets/researchersajid/mangoclassify-12-native-mango-dataset-from-bd/MangoClassify-12/Amrapali/IMG20250627180249.jpg,Amrapali,/kaggle/working/small/Amrapali/00033.jpg,0,172,train
/kaggle/input/datasets/researchersajid/mangoclassify-12-native-mango-dataset-from-bd/MangoClassify-12/Amrapali/IMG20250627180254.jpg,Amrapali,/kaggle/working/small/Amrapali/00034.jpg,0,29,train
/kaggle/input/datasets/researchersajid/mangoclassify-12-native-mango-dataset-from-bd/MangoClassify-12/Amrapali/IMG20250627180254_01.jpg,Amrapali,/kaggle/working/small/Amrapali/00035.jpg,0,29,train
/kaggle/input/datasets/researchersajid/mangoclassify-12-native-mango-dataset-from-bd/MangoClassify-12/Amrapali/IMG20250627180312.jpg,Amrapali,/kaggle/working/small/Amrapali/00036.jpg,0,0,train
/kaggle/input/datasets/researchersajid/mangoclassify-12-native-mango-dataset-from-bd/MangoClassify-12/Amrapali/IMG20250627180313.jpg,Amrapali,/kaggle/working/small/Amrapali/00037.jpg,0,0,train
/kaggle/input/datasets/researchersajid/mangoclassify-12-native-mango-dataset-from-bd/MangoClassify-12/Amrapali/IMG20250627180317.jpg,Amrapali,/kaggle/working/small/Amrapali/00038.jpg,0,0,train
/kaggle/input/datasets/researchersajid/mangoclassify-12-native-mango-dataset-from-bd/MangoClassify-12/Amrapali/IMG20250627180322.jpg,Amrapali,/kaggle/working/small/Amrapali/00039.jpg,0,172,train
/kaggle/input/datasets/researchersajid/mangoclassify-12-native-mango-dataset-from-bd/MangoClassify-12/Amrapali/IMG20250627180326.jpg,Amrapali,/kaggle/working/small/Amrapali/00040.jpg,0,0,train
/kaggle/input/datasets/researchersajid/mangoclassify-12-native-mango-dataset-from-bd/MangoClassify-12/Amrapali/IMG20250627180339.jpg,Amrapali,/kaggle/working/small/Amrapali/00041.jpg,0,172,train
/kaggle/input/datasets/researchersajid/mangoclassify-12-native-mango-dataset-from-bd/MangoClassify-12/Amrapali/IMG20250627180345.jpg,Amrapali,/kaggle/working/small/Amrapali/00042.jpg,0,172,train
/kaggle/input/datasets/researchersajid/mangoclassify-12-native-mango-dataset-from-bd/MangoClassify-12/Amrapali/IMG20250627180346.jpg,Amrapali,/kaggle/working/small/Amrapali/00043.jpg,0,172,train
/kaggle/input/datasets/researchersajid/mangoclassify-12-native-mango-dataset-from-bd/MangoClassify-12/Amrapali/IMG20250627180351.jpg,Amrapali,/kaggle/working/small/Amrapali/00044.jpg,0,172,train
/kaggle/input/datasets/researchersajid/mangoclassify-12-native-mango-dataset-from-bd/MangoClassify-12/Amrapali/IMG20250627180352.jpg,Amrapali,/kaggle/working/small/Amrapali/00045.jpg,0,172,train
/kaggle/input/datasets/researchersajid/mangoclassify-12-native-mango-dataset-from-bd/MangoClassify-12/Amrapali/IMG20250627180356.jpg,Amrapali,/kaggle/working/small/Amrapali/00046.jpg,0,172,train
/kaggle/input/datasets/researchersajid/mangoclassify-12-native-mango-dataset-from-bd/MangoClassify-12/Amrapali/IMG20250627180356_01.jpg,Amrapali,/kaggle/working/small/Amrapali/00047.jpg,0,172,train
/kaggle/input/datasets/researchersajid/mangoclassify-12-native-mango-dataset-from-bd/MangoClassify-12/Amrapali/IMG20250627180404.jpg,Amrapali,/kaggle/working/small/Amrapali/00048.jpg,0,0,train
/kaggle/input/datasets/researchersajid/mangoclassify-12-native-mango-dataset-from-bd/MangoClassify-12/Amrapali/IMG20250627180405.jpg,Amrapali,/kaggle/working/small/Amrapali/00049.jpg,0,0,train
/kaggle/input/datasets/researchersajid/mangoclassify-12-native-mango-dataset-from-bd/MangoClassify-12/Amrapali/IMG20250627180408.jpg,Amrapali,/kaggle/working/small/Amrapali/00050.jpg,0,28,train
/kaggle/input/datasets/researchersajid/mangoclassify-12-native-mango-dataset-from-bd/MangoClassify-12/Amrapali/IMG20250627180409.jpg,Amrapali,/kaggle/working/small/Amrapali/00051.jpg,0,28,train
/kaggle/input/datasets/researchersajid/mangoclassify-12-native-mango-dataset-from-bd/MangoClassify-12/Amrapali/IMG20250627180417.jpg,Amrapali,/kaggle/working/small/Amrapali/00052.jpg,0,28,train
/kaggle/input/datasets/researchersajid/mangoclassify-12-native-mango-dataset-from-bd/MangoClassify-12/Amrapali/IMG20250627180444.jpg,Amrapali,/kaggle/working/small/Amrapali/00053.jpg,0,28,train
/kaggle/input/datasets/researchersajid/mangoclassify-12-native-mango-dataset-from-bd/MangoClassify-12/Amrapali/IMG20250627180445.jpg,Amrapali,/kaggle/working/small/Amrapali/00054.jpg,0,28,train
/kaggle/input/datasets/researchersajid/mangoclassify-12-native-mango-dataset-from-bd/MangoClassify-12/Amrapali/IMG20250627180448.jpg,Amrapali,/kaggle/working/small/Amrapali/00055.jpg,0,0,train
/kaggle/input/datasets/researchersajid/mangoclassify-12-native-mango-dataset-from-bd/MangoClassify-12/Amrapali/IMG20250627180450.jpg,Amrapali,/kaggle/working/small/Amrapali/00056.jpg,0,0,train
/kaggle/input/datasets/researchersajid/mangoclassify-12-native-mango-dataset-from-bd/MangoClassify-12/Amrapali/IMG20250627180454.jpg,Amrapali,/kaggle/working/small/Amrapali/00057.jpg,0,0,train
/kaggle/input/datasets/researchersajid/mangoclassify-12-native-mango-dataset-from-bd/MangoClassify-12/Amrapali/IMG20250627180456.jpg,Amrapali,/kaggle/working/small/Amrapali/00058.jpg,0,0,train
/kaggle/input/datasets/researchersajid/mangoclassify-12-native-mango-dataset-from-bd/MangoClassify-12/Amrapali/IMG20250627180503.jpg,Amrapali,/kaggle/working/small/Amrapali/00059.jpg,0,0,train
/kaggle/input/datasets/researchersajid/mangoclassify-12-native-mango-dataset-from-bd/MangoClassify-12/Amrapali/IMG20250627180504.jpg,Amrapali,/kaggle/working/small/Amrapali/00060.jpg,0,0,train
/kaggle/input/datasets/researchersajid/mangoclassify-12-native-mango-dataset-from-bd/MangoClassify-12/Amrapali/IMG20250627180508.jpg,Amrapali,/kaggle/working/small/Amrapali/00061.jpg,0,0,train
/kaggle/input/datasets/researchersajid/mangoclassify-12-native-mango-dataset-from-bd/MangoClassify-12/Amrapali/IMG20250627180509.jpg,Amrapali,/kaggle/working/small/Amrapali/00062.jpg,0,0,train
/kaggle/input/datasets/researchersajid/mangoclassify-12-native-mango-dataset-from-bd/MangoClassify-12/Amrapali/IMG20250627180520.jpg,Amrapali,/kaggle/working/small/Amrapali/00063.jpg,0,0,train
/kaggle/input/datasets/researchersajid/mangoclassify-12-native-mango-dataset-from-bd/MangoClassify-12/Amrapali/IMG20250627180529.jpg,Amrapali,/kaggle/working/small/Amrapali/00064.jpg,0,29,train
/kaggle/input/datasets/researchersajid/mangoclassify-12-native-mango-dataset-from-bd/MangoClassify-12/Amrapali/IMG20250627180533.jpg,Amrapali,/kaggle/working/small/Amrapali/00065.jpg,0,91,train
/kaggle/input/datasets/researchersajid/mangoclassify-12-native-mango-dataset-from-bd/MangoClassify-12/Amrapali/IMG20250627180542.jpg,Amrapali,/kaggle/working/small/Amrapali/00066.jpg,0,91,train
/kaggle/input/datasets/researchersajid/mangoclassify-12-native-mango-dataset-from-bd/MangoClassify-12/Amrapali/IMG20250627180542_01.jpg,Amrapali,/kaggle/working/small/Amrapali/00067.jpg,0,91,train
/kaggle/input/datasets/researchersajid/mangoclassify-12-native-mango-dataset-from-bd/MangoClassify-12/Amrapali/IMG20250627180546.jpg,Amrapali,/kaggle/working/small/Amrapali/00068.jpg,0,29,train
/kaggle/input/datasets/researchersajid/mangoclassify-12-native-mango-dataset-from-bd/MangoClassify-12/Amrapali/IMG20250627180547.jpg,Amrapali,/kaggle/working/small/Amrapali/00069.jpg,0,29,train
/kaggle/input/datasets/researchersajid/mangoclassify-12-native-mango-dataset-from-bd/MangoClassify-12/Amrapali/IMG20250627180553.jpg,Amrapali,/kaggle/working/small/Amrapali/00070.jpg,0,29,train
/kaggle/input/datasets/researchersajid/mangoclassify-12-native-mango-dataset-from-bd/MangoClassify-12/Amrapali/IMG20250627180554.jpg,Amrapali,/kaggle/working/small/Amrapali/00071.jpg,0,29,train
/kaggle/input/datasets/researchersajid/mangoclassify-12-native-mango-dataset-from-bd/MangoClassify-12/Amrapali/IMG20250627180557.jpg,Amrapali,/kaggle/working/small/Amrapali/00072.jpg,0,29,train
/kaggle/input/datasets/researchersajid/mangoclassify-12-native-mango-dataset-from-bd/MangoClassify-12/Amrapali/IMG20250627180559.jpg,Amrapali,/kaggle/working/small/Amrapali/00073.jpg,0,29,train
/kaggle/input/datasets/researchersajid/mangoclassify-12-native-mango-dataset-from-bd/MangoClassify-12/Amrapali/IMG20250627180607.jpg,Amrapali,/kaggle/working/small/Amrapali/00074.jpg,0,56,val
/kaggle/input/datasets/researchersajid/mangoclassify-12-native-mango-dataset-from-bd/MangoClassify-12/Amrapali/IMG20250627180608.jpg,Amrapali,/kaggle/working/small/Amrapali/00075.jpg,0,56,val
/kaggle/input/datasets/researchersajid/mangoclassify-12-native-mango-dataset-from-bd/MangoClassify-12/Amrapali/IMG20250627180612.jpg,Amrapali,/kaggle/working/small/Amrapali/00076.jpg,0,56,val
/kaggle/input/datasets/researchersajid/mangoclassify-12-native-mango-dataset-from-bd/MangoClassify-12/Amrapali/IMG20250627180617.jpg,Amrapali,/kaggle/working/small/Amrapali/00077.jpg,0,144,train
/kaggle/input/datasets/researchersajid/mangoclassify-12-native-mango-dataset-from-bd/MangoClassify-12/Amrapali/IMG20250627180617_01.jpg,Amrapali,/kaggle/working/small/Amrapali/00078.jpg,0,144,train
/kaggle/input/datasets/researchersajid/mangoclassify-12-native-mango-dataset-from-bd/MangoClassify-12/Amrapali/IMG20250627180626.jpg,Amrapali,/kaggle/working/small/Amrapali/00079.jpg,0,0,train
/kaggle/input/datasets/researchersajid/mangoclassify-12-native-mango-dataset-from-bd/MangoClassify-12/Amrapali/IMG20250627180630.jpg,Amrapali,/kaggle/working/small/Amrapali/00080.jpg,0,0,train
/kaggle/input/datasets/researchersajid/mangoclassify-12-native-mango-dataset-from-bd/MangoClassify-12/Amrapali/IMG20250627180634.jpg,Amrapali,/kaggle/working/small/Amrapali/00081.jpg,0,0,train
/kaggle/input/datasets/researchersajid/mangoclassify-12-native-mango-dataset-from-bd/MangoClassify-12/Amrapali/IMG20250627180635.jpg,Amrapali,/kaggle/working/small/Amrapali/00082.jpg,0,0,train
/kaggle/input/datasets/researchersajid/mangoclassify-12-native-mango-dataset-from-bd/MangoClassify-12/Amrapali/IMG20250627180642.jpg,Amrapali,/kaggle/working/small/Amrapali/00083.jpg,0,0,train
/kaggle/input/datasets/researchersajid/mangoclassify-12-native-mango-dataset-from-bd/MangoClassify-12/Amrapali/IMG20250627180646.jpg,Amrapali,/kaggle/working/small/Amrapali/00084.jpg,0,0,train
/kaggle/input/datasets/researchersajid/mangoclassify-12-native-mango-dataset-from-bd/MangoClassify-12/Amrapali/IMG20250627180647.jpg,Amrapali,/kaggle/working/small/Amrapali/00085.jpg,0,0,train
/kaggle/input/datasets/researchersajid/mangoclassify-12-native-mango-dataset-from-bd/MangoClassify-12/Amrapali/IMG20250627180659.jpg,Amrapali,/kaggle/working/small/Amrapali/00086.jpg,0,0,train
/kaggle/input/datasets/researchersajid/mangoclassify-12-native-mango-dataset-from-bd/MangoClassify-12/Amrapali/IMG20250627180703.jpg,Amrapali,/kaggle/working/small/Amrapali/00087.jpg,0,0,train
/kaggle/input/datasets/researchersajid/mangoclassify-12-native-mango-dataset-from-bd/MangoClassify-12/Amrapali/IMG20250627180709.jpg,Amrapali,/kaggle/working/small/Amrapali/00088.jpg,0,7,train
/kaggle/input/datasets/researchersajid/mangoclassify-12-native-mango-dataset-from-bd/MangoClassify-12/Amrapali/IMG20250627180710.jpg,Amrapali,/kaggle/working/small/Amrapali/00089.jpg,0,7,train
/kaggle/input/datasets/researchersajid/mangoclassify-12-native-mango-dataset-from-bd/MangoClassify-12/Amrapali/IMG20250627180714.jpg,Amrapali,/kaggle/working/small/Amrapali/00090.jpg,0,0,train
/kaggle/input/datasets/researchersajid/mangoclassify-12-native-mango-dataset-from-bd/MangoClassify-12/Amrapali/IMG20250627180714_01.jpg,Amrapali,/kaggle/working/small/Amrapali/00091.jpg,0,0,train
/kaggle/input/datasets/researchersajid/mangoclassify-12-native-mango-dataset-from-bd/MangoClassify-12/Amrapali/IMG20250627180719.jpg,Amrapali,/kaggle/working/small/Amrapali/00092.jpg,0,7,train
/kaggle/input/datasets/researchersajid/mangoclassify-12-native-mango-dataset-from-bd/MangoClassify-12/Amrapali/IMG20250627180723.jpg,Amrapali,/kaggle/working/small/Amrapali/00093.jpg,0,0,train
/kaggle/input/datasets/researchersajid/mangoclassify-12-native-mango-dataset-from-bd/MangoClassify-12/Amrapali/IMG20250627180734.jpg,Amrapali,/kaggle/working/small/Amrapali/00094.jpg,0,29,train
/kaggle/input/datasets/researchersajid/mangoclassify-12-native-mango-dataset-from-bd/MangoClassify-12/Amrapali/IMG20250627180739.jpg,Amrapali,/kaggle/working/small/Amrapali/00095.jpg,0,0,train
/kaggle/input/datasets/researchersajid/mangoclassify-12-native-mango-dataset-from-bd/MangoClassify-12/Amrapali/IMG20250627180747.jpg,Amrapali,/kaggle/working/small/Amrapali/00096.jpg,0,28,train
/kaggle/input/datasets/researchersajid/mangoclassify-12-native-mango-dataset-from-bd/MangoClassify-12/Amrapali/IMG20250627180751.jpg,Amrapali,/kaggle/working/small/Amrapali/00097.jpg,0,7,train
/kaggle/input/datasets/researchersajid/mangoclassify-12-native-mango-dataset-from-bd/MangoClassify-12/Amrapali/IMG20250627180757.jpg,Amrapali,/kaggle/working/small/Amrapali/00098.jpg,0,56,val
/kaggle/input/datasets/researchersajid/mangoclassify-12-native-mango-dataset-from-bd/MangoClassify-12/Amrapali/IMG20250627180803.jpg,Amrapali,/kaggle/working/small/Amrapali/00099.jpg,0,25,val
/kaggle/input/datasets/researchersajid/mangoclassify-12-native-mango-dataset-from-bd/MangoClassify-12/Amrapali/IMG20250627180810.jpg,Amrapali,/kaggle/working/small/Amrapali/00100.jpg,0,95,train
/kaggle/input/datasets/researchersajid/mangoclassify-12-native-mango-dataset-from-bd/MangoClassify-12/Amrapali/IMG20250627180815.jpg,Amrapali,/kaggle/working/small/Amrapali/00101.jpg,0,127,train
/kaggle/input/datasets/researchersajid/mangoclassify-12-native-mango-dataset-from-bd/MangoClassify-12/Amrapali/IMG_20250614_183353.jpg,Amrapali,/kaggle/working/small/Amrapali/00102.jpg,0,141,train
/kaggle/input/datasets/researchersajid/mangoclassify-12-native-mango-dataset-from-bd/MangoClassify-12/Amrapali/IMG_20250627_151404 (1).jpg,Amrapali,/kaggle/working/small/Amrapali/00103.jpg,0,175,train
/kaggle/input/datasets/researchersajid/mangoclassify-12-native-mango-dataset-from-bd/MangoClassify-12/Amrapali/IMG_20250627_151410 (1).jpg,Amrapali,/kaggle/working/small/Amrapali/00104.jpg,0,78,train
/kaggle/input/datasets/researchersajid/mangoclassify-12-native-mango-dataset-from-bd/MangoClassify-12/Amrapali/IMG_20250627_151417 (1).jpg,Amrapali,/kaggle/working/small/Amrapali/00105.jpg,0,78,train
/kaggle/input/datasets/researchersajid/mangoclassify-12-native-mango-dataset-from-bd/MangoClassify-12/Amrapali/IMG_20250627_151423 (1).jpg,Amrapali,/kaggle/working/small/Amrapali/00106.jpg,0,102,test
/kaggle/input/datasets/researchersajid/mangoclassify-12-native-mango-dataset-from-bd/MangoClassify-12/Amrapali/IMG_20250627_151438 (1).jpg,Amrapali,/kaggle/working/small/Amrapali/00107.jpg,0,103,train
/kaggle/input/datasets/researchersajid/mangoclassify-12-native-mango-dataset-from-bd/MangoClassify-12/Amrapali/IMG_20250627_151448 (1).jpg,Amrapali,/kaggle/working/small/Amrapali/00108.jpg,0,123,train
/kaggle/input/datasets/researchersajid/mangoclassify-12-native-mango-dataset-from-bd/MangoClassify-12/Amrapali/IMG_20250627_151457 (1).jpg,Amrapali,/kaggle/working/small/Amrapali/00109.jpg,0,103,train
/kaggle/input/datasets/researchersajid/mangoclassify-12-native-mango-dataset-from-bd/MangoClassify-12/Amrapali/IMG_20250627_151505 (1).jpg,Amrapali,/kaggle/working/small/Amrapali/00110.jpg,0,103,train
/kaggle/input/datasets/researchersajid/mangoclassify-12-native-mango-dataset-from-bd/MangoClassify-12/Amrapali/IMG_20250627_151525 (1).jpg,Amrapali,/kaggle/working/small/Amrapali/00111.jpg,0,130,train
/kaggle/input/datasets/researchersajid/mangoclassify-12-native-mango-dataset-from-bd/MangoClassify-12/Amrapali/IMG_20250627_151531 (1).jpg,Amrapali,/kaggle/working/small/Amrapali/00112.jpg,0,71,train
/kaggle/input/datasets/researchersajid/mangoclassify-12-native-mango-dataset-from-bd/MangoClassify-12/Amrapali/IMG_20250627_151536 (1).jpg,Amrapali,/kaggle/working/small/Amrapali/00113.jpg,0,66,train
/kaggle/input/datasets/researchersajid/mangoclassify-12-native-mango-dataset-from-bd/MangoClassify-12/Amrapali/IMG_20250627_151543 (1).jpg,Amrapali,/kaggle/working/small/Amrapali/00114.jpg,0,23,train
/kaggle/input/datasets/researchersajid/mangoclassify-12-native-mango-dataset-from-bd/MangoClassify-12/Amrapali/IMG_20250627_151548 (1).jpg,Amrapali,/kaggle/working/small/Amrapali/00115.jpg,0,66,train
/kaggle/input/datasets/researchersajid/mangoclassify-12-native-mango-dataset-from-bd/MangoClassify-12/Amrapali/IMG_20250627_151554 (1).jpg,Amrapali,/kaggle/working/small/Amrapali/00116.jpg,0,66,train
/kaggle/input/datasets/researchersajid/mangoclassify-12-native-mango-dataset-from-bd/MangoClassify-12/Amrapali/IMG_20250627_151610 (1).jpg,Amrapali,/kaggle/working/small/Amrapali/00117.jpg,0,80,train
/kaggle/input/datasets/researchersajid/mangoclassify-12-native-mango-dataset-from-bd/MangoClassify-12/Amrapali/IMG_20250627_151619 (1).jpg,Amrapali,/kaggle/working/small/Amrapali/00118.jpg,0,71,train
/kaggle/input/datasets/researchersajid/mangoclassify-12-native-mango-dataset-from-bd/MangoClassify-12/Amrapali/IMG_20250627_151623 (1).jpg,Amrapali,/kaggle/working/small/Amrapali/00119.jpg,0,68,train
/kaggle/input/datasets/researchersajid/mangoclassify-12-native-mango-dataset-from-bd/MangoClassify-12/Amrapali/IMG_20250627_151634 (1).jpg,Amrapali,/kaggle/working/small/Amrapali/00120.jpg,0,73,train
/kaggle/input/datasets/researchersajid/mangoclassify-12-native-mango-dataset-from-bd/MangoClassify-12/Amrapali/IMG_20250627_151640 (1).jpg,Amrapali,/kaggle/working/small/Amrapali/00121.jpg,0,14,val
/kaggle/input/datasets/researchersajid/mangoclassify-12-native-mango-dataset-from-bd/MangoClassify-12/Amrapali/IMG_20250627_151646 (1).jpg,Amrapali,/kaggle/working/small/Amrapali/00122.jpg,0,68,train
/kaggle/input/datasets/researchersajid/mangoclassify-12-native-mango-dataset-from-bd/MangoClassify-12/Amrapali/IMG_20250627_151719 (1).jpg,Amrapali,/kaggle/working/small/Amrapali/00123.jpg,0,74,train
/kaggle/input/datasets/researchersajid/mangoclassify-12-native-mango-dataset-from-bd/MangoClassify-12/Amrapali/IMG_20250627_151748 (1).jpg,Amrapali,/kaggle/working/small/Amrapali/00124.jpg,0,149,val
/kaggle/input/datasets/researchersajid/mangoclassify-12-native-mango-dataset-from-bd/MangoClassify-12/Amrapali/IMG_20250627_151802 (1).jpg,Amrapali,/kaggle/working/small/Amrapali/00125.jpg,0,81,train
/kaggle/input/datasets/researchersajid/mangoclassify-12-native-mango-dataset-from-bd/MangoClassify-12/Amrapali/IMG_20250627_151814 (1).jpg,Amrapali,/kaggle/working/small/Amrapali/00126.jpg,0,99,train
/kaggle/input/datasets/researchersajid/mangoclassify-12-native-mango-dataset-from-bd/MangoClassify-12/Amrapali/IMG_20250627_151819 (1).jpg,Amrapali,/kaggle/working/small/Amrapali/00127.jpg,0,81,train
/kaggle/input/datasets/researchersajid/mangoclassify-12-native-mango-dataset-from-bd/MangoClassify-12/Amrapali/IMG_20250627_151835 (1).jpg,Amrapali,/kaggle/working/small/Amrapali/00128.jpg,0,9,train
/kaggle/input/datasets/researchersajid/mangoclassify-12-native-mango-dataset-from-bd/MangoClassify-12/Amrapali/IMG_20250627_151844 (1).jpg,Amrapali,/kaggle/working/small/Amrapali/00129.jpg,0,9,train
/kaggle/input/datasets/researchersajid/mangoclassify-12-native-mango-dataset-from-bd/MangoClassify-12/Amrapali/IMG_20250627_151850 (1).jpg,Amrapali,/kaggle/working/small/Amrapali/00130.jpg,0,14,val
/kaggle/input/datasets/researchersajid/mangoclassify-12-native-mango-dataset-from-bd/MangoClassify-12/Amrapali/IMG_20250627_151855 (1).jpg,Amrapali,/kaggle/working/small/Amrapali/00131.jpg,0,3,train
/kaggle/input/datasets/researchersajid/mangoclassify-12-native-mango-dataset-from-bd/MangoClassify-12/Amrapali/IMG_20250627_151900 (1).jpg,Amrapali,/kaggle/working/small/Amrapali/00132.jpg,0,151,train
/kaggle/input/datasets/researchersajid/mangoclassify-12-native-mango-dataset-from-bd/MangoClassify-12/Amrapali/IMG_20250627_151906 (1).jpg,Amrapali,/kaggle/working/small/Amrapali/00133.jpg,0,14,val
/kaggle/input/datasets/researchersajid/mangoclassify-12-native-mango-dataset-from-bd/MangoClassify-12/Amrapali/IMG_20250627_151937 (1).jpg,Amrapali,/kaggle/working/small/Amrapali/00134.jpg,0,64,train
/kaggle/input/datasets/researchersajid/mangoclassify-12-native-mango-dataset-from-bd/MangoClassify-12/Amrapali/IMG_20250627_151943 (1).jpg,Amrapali,/kaggle/working/small/Amrapali/00135.jpg,0,64,train
/kaggle/input/datasets/researchersajid/mangoclassify-12-native-mango-dataset-from-bd/MangoClassify-12/Amrapali/IMG_20250627_151949 (1).jpg,Amrapali,/kaggle/working/small/Amrapali/00136.jpg,0,160,test
/kaggle/input/datasets/researchersajid/mangoclassify-12-native-mango-dataset-from-bd/MangoClassify-12/Amrapali/IMG_20250627_151954 (1).jpg,Amrapali,/kaggle/working/small/Amrapali/00137.jpg,0,178,test
/kaggle/input/datasets/researchersajid/mangoclassify-12-native-mango-dataset-from-bd/MangoClassify-12/Amrapali/IMG_20250627_151959 (1).jpg,Amrapali,/kaggle/working/small/Amrapali/00138.jpg,0,64,train
/kaggle/input/datasets/researchersajid/mangoclassify-12-native-mango-dataset-from-bd/MangoClassify-12/Amrapali/IMG_20250627_152021 (1).jpg,Amrapali,/kaggle/working/small/Amrapali/00139.jpg,0,62,val
/kaggle/input/datasets/researchersajid/mangoclassify-12-native-mango-dataset-from-bd/MangoClassify-12/Amrapali/IMG_20250627_152027 (1).jpg,Amrapali,/kaggle/working/small/Amrapali/00140.jpg,0,62,val
/kaggle/input/datasets/researchersajid/mangoclassify-12-native-mango-dataset-from-bd/MangoClassify-12/Amrapali/IMG_20250627_152034 (1).jpg,Amrapali,/kaggle/working/small/Amrapali/00141.jpg,0,62,val
/kaggle/input/datasets/researchersajid/mangoclassify-12-native-mango-dataset-from-bd/MangoClassify-12/Amrapali/IMG_20250627_152040 (1).jpg,Amrapali,/kaggle/working/small/Amrapali/00142.jpg,0,37,train
/kaggle/input/datasets/researchersajid/mangoclassify-12-native-mango-dataset-from-bd/MangoClassify-12/Amrapali/IMG_20250627_152045 (1).jpg,Amrapali,/kaggle/working/small/Amrapali/00143.jpg,0,102,test
/kaggle/input/datasets/researchersajid/mangoclassify-12-native-mango-dataset-from-bd/MangoClassify-12/Amrapali/IMG_20250627_152050 (1).jpg,Amrapali,/kaggle/working/small/Amrapali/00144.jpg,0,21,test
/kaggle/input/datasets/researchersajid/mangoclassify-12-native-mango-dataset-from-bd/MangoClassify-12/Amrapali/IMG_20250627_152100 (1).jpg,Amrapali,/kaggle/working/small/Amrapali/00145.jpg,0,32,train
/kaggle/input/datasets/researchersajid/mangoclassify-12-native-mango-dataset-from-bd/MangoClassify-12/Amrapali/IMG_20250627_152106 (1).jpg,Amrapali,/kaggle/working/small/Amrapali/00146.jpg,0,109,train
/kaggle/input/datasets/researchersajid/mangoclassify-12-native-mango-dataset-from-bd/MangoClassify-12/Amrapali/IMG_20250627_152119 (1).jpg,Amrapali,/kaggle/working/small/Amrapali/00147.jpg,0,23,train
/kaggle/input/datasets/researchersajid/mangoclassify-12-native-mango-dataset-from-bd/MangoClassify-12/Amrapali/IMG_20250627_152131 (1).jpg,Amrapali,/kaggle/working/small/Amrapali/00148.jpg,0,87,train
/kaggle/input/datasets/researchersajid/mangoclassify-12-native-mango-dataset-from-bd/MangoClassify-12/Amrapali/IMG_20250627_152156 (1).jpg,Amrapali,/kaggle/working/small/Amrapali/00149.jpg,0,9,train
/kaggle/input/datasets/researchersajid/mangoclassify-12-native-mango-dataset-from-bd/MangoClassify-12/Amrapali/IMG_20250627_152205 (1).jpg,Amrapali,/kaggle/working/small/Amrapali/00150.jpg,0,126,train
/kaggle/input/datasets/researchersajid/mangoclassify-12-native-mango-dataset-from-bd/MangoClassify-12/Amrapali/IMG_20250627_152210 (1).jpg,Amrapali,/kaggle/working/small/Amrapali/00151.jpg,0,126,train
/kaggle/input/datasets/researchersajid/mangoclassify-12-native-mango-dataset-from-bd/MangoClassify-12/Amrapali/IMG_20250627_152222 (1).jpg,Amrapali,/kaggle/working/small/Amrapali/00152.jpg,0,14,val
/kaggle/input/datasets/researchersajid/mangoclassify-12-native-mango-dataset-from-bd/MangoClassify-12/Amrapali/IMG_20250627_152230 (1).jpg,Amrapali,/kaggle/working/small/Amrapali/00153.jpg,0,126,train
/kaggle/input/datasets/researchersajid/mangoclassify-12-native-mango-dataset-from-bd/MangoClassify-12/Amrapali/IMG_20250627_152526 (1).jpg,Amrapali,/kaggle/working/small/Amrapali/00154.jpg,0,33,train
/kaggle/input/datasets/researchersajid/mangoclassify-12-native-mango-dataset-from-bd/MangoClassify-12/Amrapali/IMG_20250627_152533 (1).jpg,Amrapali,/kaggle/working/small/Amrapali/00155.jpg,0,76,test
/kaggle/input/datasets/researchersajid/mangoclassify-12-native-mango-dataset-from-bd/MangoClassify-12/Amrapali/IMG_20250627_152539 (1).jpg,Amrapali,/kaggle/working/small/Amrapali/00156.jpg,0,92,train
/kaggle/input/datasets/researchersajid/mangoclassify-12-native-mango-dataset-from-bd/MangoClassify-12/Amrapali/IMG_20250627_152544 (1).jpg,Amrapali,/kaggle/working/small/Amrapali/00157.jpg,0,33,train
/kaggle/input/datasets/researchersajid/mangoclassify-12-native-mango-dataset-from-bd/MangoClassify-12/Amrapali/IMG_20250627_152601 (1).jpg,Amrapali,/kaggle/working/small/Amrapali/00158.jpg,0,76,test
/kaggle/input/datasets/researchersajid/mangoclassify-12-native-mango-dataset-from-bd/MangoClassify-12/Amrapali/IMG_20250627_152613 (1).jpg,Amrapali,/kaggle/working/small/Amrapali/00159.jpg,0,13,train
/kaggle/input/datasets/researchersajid/mangoclassify-12-native-mango-dataset-from-bd/MangoClassify-12/Amrapali/IMG_20250627_152633 (1).jpg,Amrapali,/kaggle/working/small/Amrapali/00160.jpg,0,31,train
/kaggle/input/datasets/researchersajid/mangoclassify-12-native-mango-dataset-from-bd/MangoClassify-12/Amrapali/IMG_20250627_152642 (1).jpg,Amrapali,/kaggle/working/small/Amrapali/00161.jpg,0,38,train
/kaggle/input/datasets/researchersajid/mangoclassify-12-native-mango-dataset-from-bd/MangoClassify-12/Amrapali/IMG_20250627_152651 (1).jpg,Amrapali,/kaggle/working/small/Amrapali/00162.jpg,0,80,train
/kaggle/input/datasets/researchersajid/mangoclassify-12-native-mango-dataset-from-bd/MangoClassify-12/Amrapali/IMG_20250627_152655 (1).jpg,Amrapali,/kaggle/working/small/Amrapali/00163.jpg,0,83,val
/kaggle/input/datasets/researchersajid/mangoclassify-12-native-mango-dataset-from-bd/MangoClassify-12/Amrapali/IMG_20250627_152701 (1).jpg,Amrapali,/kaggle/working/small/Amrapali/00164.jpg,0,81,train
/kaggle/input/datasets/researchersajid/mangoclassify-12-native-mango-dataset-from-bd/MangoClassify-12/Amrapali/IMG_20250627_152717 (1).jpg,Amrapali,/kaggle/working/small/Amrapali/00165.jpg,0,76,test
/kaggle/input/datasets/researchersajid/mangoclassify-12-native-mango-dataset-from-bd/MangoClassify-12/Amrapali/IMG_20250627_152733 (1).jpg,Amrapali,/kaggle/working/small/Amrapali/00166.jpg,0,13,train
/kaggle/input/datasets/researchersajid/mangoclassify-12-native-mango-dataset-from-bd/MangoClassify-12/Amrapali/IMG_20250627_152741 (1).jpg,Amrapali,/kaggle/working/small/Amrapali/00167.jpg,0,92,train
/kaggle/input/datasets/researchersajid/mangoclassify-12-native-mango-dataset-from-bd/MangoClassify-12/Amrapali/IMG_20250627_152745 (1).jpg,Amrapali,/kaggle/working/small/Amrapali/00168.jpg,0,152,test
/kaggle/input/datasets/researchersajid/mangoclassify-12-native-mango-dataset-from-bd/MangoClassify-12/Amrapali/IMG_20250627_152750 (1).jpg,Amrapali,/kaggle/working/small/Amrapali/00169.jpg,0,120,train
/kaggle/input/datasets/researchersajid/mangoclassify-12-native-mango-dataset-from-bd/MangoClassify-12/Amrapali/IMG_20250627_152802 (1).jpg,Amrapali,/kaggle/working/small/Amrapali/00170.jpg,0,42,train
/kaggle/input/datasets/researchersajid/mangoclassify-12-native-mango-dataset-from-bd/MangoClassify-12/Amrapali/IMG_20250627_152803 (1).jpg,Amrapali,/kaggle/working/small/Amrapali/00171.jpg,0,42,train
/kaggle/input/datasets/researchersajid/mangoclassify-12-native-mango-dataset-from-bd/MangoClassify-12/Amrapali/IMG_20250627_152821 (1).jpg,Amrapali,/kaggle/working/small/Amrapali/00172.jpg,0,183,test
/kaggle/input/datasets/researchersajid/mangoclassify-12-native-mango-dataset-from-bd/MangoClassify-12/Amrapali/IMG_20250627_152828 (1).jpg,Amrapali,/kaggle/working/small/Amrapali/00173.jpg,0,133,train
/kaggle/input/datasets/researchersajid/mangoclassify-12-native-mango-dataset-from-bd/MangoClassify-12/Amrapali/IMG_20250627_152837 (1).jpg,Amrapali,/kaggle/working/small/Amrapali/00174.jpg,0,122,test
/kaggle/input/datasets/researchersajid/mangoclassify-12-native-mango-dataset-from-bd/MangoClassify-12/Amrapali/IMG_20250627_152847 (1).jpg,Amrapali,/kaggle/working/small/Amrapali/00175.jpg,0,158,train
/kaggle/input/datasets/researchersajid/mangoclassify-12-native-mango-dataset-from-bd/MangoClassify-12/Amrapali/IMG_20250627_152853 (1).jpg,Amrapali,/kaggle/working/small/Amrapali/00176.jpg,0,107,val
/kaggle/input/datasets/researchersajid/mangoclassify-12-native-mango-dataset-from-bd/MangoClassify-12/Amrapali/IMG_20250627_152912 (1).jpg,Amrapali,/kaggle/working/small/Amrapali/00177.jpg,0,119,train
/kaggle/input/datasets/researchersajid/mangoclassify-12-native-mango-dataset-from-bd/MangoClassify-12/Amrapali/IMG_20250627_152921 (1).jpg,Amrapali,/kaggle/working/small/Amrapali/00178.jpg,0,33,train
/kaggle/input/datasets/researchersajid/mangoclassify-12-native-mango-dataset-from-bd/MangoClassify-12/Amrapali/IMG_20250627_152925 (1).jpg,Amrapali,/kaggle/working/small/Amrapali/00179.jpg,0,62,val
/kaggle/input/datasets/researchersajid/mangoclassify-12-native-mango-dataset-from-bd/MangoClassify-12/Amrapali/IMG_20250627_152931 (1).jpg,Amrapali,/kaggle/working/small/Amrapali/00180.jpg,0,9,train
/kaggle/input/datasets/researchersajid/mangoclassify-12-native-mango-dataset-from-bd/MangoClassify-12/Amrapali/IMG_20250627_152938 (1).jpg,Amrapali,/kaggle/working/small/Amrapali/00181.jpg,0,32,train
/kaggle/input/datasets/researchersajid/mangoclassify-12-native-mango-dataset-from-bd/MangoClassify-12/Amrapali/IMG_20250627_152949 (1).jpg,Amrapali,/kaggle/working/small/Amrapali/00182.jpg,0,51,val
/kaggle/input/datasets/researchersajid/mangoclassify-12-native-mango-dataset-from-bd/MangoClassify-12/Amrapali/IMG_20250627_153023 (1).jpg,Amrapali,/kaggle/working/small/Amrapali/00183.jpg,0,9,train
/kaggle/input/datasets/researchersajid/mangoclassify-12-native-mango-dataset-from-bd/MangoClassify-12/Amrapali/IMG_20250627_153030 (1).jpg,Amrapali,/kaggle/working/small/Amrapali/00184.jpg,0,15,train
/kaggle/input/datasets/researchersajid/mangoclassify-12-native-mango-dataset-from-bd/MangoClassify-12/Amrapali/IMG_20250627_153038 (1).jpg,Amrapali,/kaggle/working/small/Amrapali/00185.jpg,0,9,train
/kaggle/input/datasets/researchersajid/mangoclassify-12-native-mango-dataset-from-bd/MangoClassify-12/Amrapali/IMG_20250627_153052 (1).jpg,Amrapali,/kaggle/working/small/Amrapali/00186.jpg,0,9,train
/kaggle/input/datasets/researchersajid/mangoclassify-12-native-mango-dataset-from-bd/MangoClassify-12/Amrapali/IMG_20250627_153059 (1).jpg,Amrapali,/kaggle/working/small/Amrapali/00187.jpg,0,81,train
/kaggle/input/datasets/researchersajid/mangoclassify-12-native-mango-dataset-from-bd/MangoClassify-12/Amrapali/IMG_20250627_153105 (1).jpg,Amrapali,/kaggle/working/small/Amrapali/00188.jpg,0,135,train
/kaggle/input/datasets/researchersajid/mangoclassify-12-native-mango-dataset-from-bd/MangoClassify-12/Amrapali/IMG_20250627_153124 (1).jpg,Amrapali,/kaggle/working/small/Amrapali/00189.jpg,0,9,train
/kaggle/input/datasets/researchersajid/mangoclassify-12-native-mango-dataset-from-bd/MangoClassify-12/Amrapali/IMG_20250627_153129 (1).jpg,Amrapali,/kaggle/working/small/Amrapali/00190.jpg,0,171,train
/kaggle/input/datasets/researchersajid/mangoclassify-12-native-mango-dataset-from-bd/MangoClassify-12/Amrapali/IMG_20250627_153134 (1).jpg,Amrapali,/kaggle/working/small/Amrapali/00191.jpg,0,145,train
/kaggle/input/datasets/researchersajid/mangoclassify-12-native-mango-dataset-from-bd/MangoClassify-12/Amrapali/IMG_20250627_153141 (1).jpg,Amrapali,/kaggle/working/small/Amrapali/00192.jpg,0,93,train
/kaggle/input/datasets/researchersajid/mangoclassify-12-native-mango-dataset-from-bd/MangoClassify-12/Amrapali/IMG_20250627_153145 (1).jpg,Amrapali,/kaggle/working/small/Amrapali/00193.jpg,0,18,val
/kaggle/input/datasets/researchersajid/mangoclassify-12-native-mango-dataset-from-bd/MangoClassify-12/Amrapali/IMG_20250627_153157 (1).jpg,Amrapali,/kaggle/working/small/Amrapali/00194.jpg,0,9,train
/kaggle/input/datasets/researchersajid/mangoclassify-12-native-mango-dataset-from-bd/MangoClassify-12/Amrapali/IMG_20250627_153204 (1).jpg,Amrapali,/kaggle/working/small/Amrapali/00195.jpg,0,38,train
/kaggle/input/datasets/researchersajid/mangoclassify-12-native-mango-dataset-from-bd/MangoClassify-12/Amrapali/IMG_20250627_153210 (1).jpg,Amrapali,/kaggle/working/small/Amrapali/00196.jpg,0,79,train
/kaggle/input/datasets/researchersajid/mangoclassify-12-native-mango-dataset-from-bd/MangoClassify-12/Amrapali/IMG_20250627_153217 (1).jpg,Amrapali,/kaggle/working/small/Amrapali/00197.jpg,0,3,train
/kaggle/input/datasets/researchersajid/mangoclassify-12-native-mango-dataset-from-bd/MangoClassify-12/Amrapali/IMG_20250627_153223 (1).jpg,Amrapali,/kaggle/working/small/Amrapali/00198.jpg,0,81,train
/kaggle/input/datasets/researchersajid/mangoclassify-12-native-mango-dataset-from-bd/MangoClassify-12/Amrapali/IMG_20250627_153231 (1).jpg,Amrapali,/kaggle/working/small/Amrapali/00199.jpg,0,87,train
/kaggle/input/datasets/researchersajid/mangoclassify-12-native-mango-dataset-from-bd/MangoClassify-12/Amrapali/IMG_20250627_170607.jpg,Amrapali,/kaggle/working/small/Amrapali/00200.jpg,0,63,train
/kaggle/input/datasets/researchersajid/mangoclassify-12-native-mango-dataset-from-bd/MangoClassify-12/Amrapali/IMG_20250627_170612.jpg,Amrapali,/kaggle/working/small/Amrapali/00201.jpg,0,44,train
/kaggle/input/datasets/researchersajid/mangoclassify-12-native-mango-dataset-from-bd/MangoClassify-12/Amrapali/IMG_20250627_170614.jpg,Amrapali,/kaggle/working/small/Amrapali/00202.jpg,0,143,val
/kaggle/input/datasets/researchersajid/mangoclassify-12-native-mango-dataset-from-bd/MangoClassify-12/Amrapali/IMG_20250627_170618.jpg,Amrapali,/kaggle/working/small/Amrapali/00203.jpg,0,9,train
/kaggle/input/datasets/researchersajid/mangoclassify-12-native-mango-dataset-from-bd/MangoClassify-12/Amrapali/IMG_20250627_170623.jpg,Amrapali,/kaggle/working/small/Amrapali/00204.jpg,0,101,train
/kaggle/input/datasets/researchersajid/mangoclassify-12-native-mango-dataset-from-bd/MangoClassify-12/Amrapali/IMG_20250627_170624.jpg,Amrapali,/kaggle/working/small/Amrapali/00205.jpg,0,9,train
/kaggle/input/datasets/researchersajid/mangoclassify-12-native-mango-dataset-from-bd/MangoClassify-12/Amrapali/IMG_20250627_170627.jpg,Amrapali,/kaggle/working/small/Amrapali/00206.jpg,0,73,train
/kaggle/input/datasets/researchersajid/mangoclassify-12-native-mango-dataset-from-bd/MangoClassify-12/Amrapali/IMG_20250627_170632.jpg,Amrapali,/kaggle/working/small/Amrapali/00207.jpg,0,30,val
/kaggle/input/datasets/researchersajid/mangoclassify-12-native-mango-dataset-from-bd/MangoClassify-12/Amrapali/IMG_20250627_170634.jpg,Amrapali,/kaggle/working/small/Amrapali/00208.jpg,0,81,train
/kaggle/input/datasets/researchersajid/mangoclassify-12-native-mango-dataset-from-bd/MangoClassify-12/Amrapali/IMG_20250627_170643.jpg,Amrapali,/kaggle/working/small/Amrapali/00209.jpg,0,9,train
/kaggle/input/datasets/researchersajid/mangoclassify-12-native-mango-dataset-from-bd/MangoClassify-12/Amrapali/IMG_20250627_170648.jpg,Amrapali,/kaggle/working/small/Amrapali/00210.jpg,0,32,train
/kaggle/input/datasets/researchersajid/mangoclassify-12-native-mango-dataset-from-bd/MangoClassify-12/Amrapali/IMG_20250627_170651.jpg,Amrapali,/kaggle/working/small/Amrapali/00211.jpg,0,2,train
/kaggle/input/datasets/researchersajid/mangoclassify-12-native-mango-dataset-from-bd/MangoClassify-12/Amrapali/IMG_20250627_170652.jpg,Amrapali,/kaggle/working/small/Amrapali/00212.jpg,0,6,test
/kaggle/input/datasets/researchersajid/mangoclassify-12-native-mango-dataset-from-bd/MangoClassify-12/Amrapali/IMG_20250627_170659.jpg,Amrapali,/kaggle/working/small/Amrapali/00213.jpg,0,150,train
/kaggle/input/datasets/researchersajid/mangoclassify-12-native-mango-dataset-from-bd/MangoClassify-12/Amrapali/IMG_20250627_170701.jpg,Amrapali,/kaggle/working/small/Amrapali/00214.jpg,0,57,test
/kaggle/input/datasets/researchersajid/mangoclassify-12-native-mango-dataset-from-bd/MangoClassify-12/Amrapali/IMG_20250627_170703.jpg,Amrapali,/kaggle/working/small/Amrapali/00215.jpg,0,69,val
/kaggle/input/datasets/researchersajid/mangoclassify-12-native-mango-dataset-from-bd/MangoClassify-12/Amrapali/IMG_20250627_170711.jpg,Amrapali,/kaggle/working/small/Amrapali/00216.jpg,0,57,test
/kaggle/input/datasets/researchersajid/mangoclassify-12-native-mango-dataset-from-bd/MangoClassify-12/Amrapali/IMG_20250627_170715.jpg,Amrapali,/kaggle/working/small/Amrapali/00217.jpg,0,10,train
/kaggle/input/datasets/researchersajid/mangoclassify-12-native-mango-dataset-from-bd/MangoClassify-12/Amrapali/IMG_20250627_170715_1.jpg,Amrapali,/kaggle/working/small/Amrapali/00218.jpg,0,10,train
/kaggle/input/datasets/researchersajid/mangoclassify-12-native-mango-dataset-from-bd/MangoClassify-12/Amrapali/IMG_20250627_170719.jpg,Amrapali,/kaggle/working/small/Amrapali/00219.jpg,0,77,val
/kaggle/input/datasets/researchersajid/mangoclassify-12-native-mango-dataset-from-bd/MangoClassify-12/Amrapali/IMG_20250627_170722.jpg,Amrapali,/kaggle/working/small/Amrapali/00220.jpg,0,9,train
/kaggle/input/datasets/researchersajid/mangoclassify-12-native-mango-dataset-from-bd/MangoClassify-12/Amrapali/IMG_20250627_170731.jpg,Amrapali,/kaggle/working/small/Amrapali/00221.jpg,0,6,test
/kaggle/input/datasets/researchersajid/mangoclassify-12-native-mango-dataset-from-bd/MangoClassify-12/Amrapali/IMG_20250627_170736.jpg,Amrapali,/kaggle/working/small/Amrapali/00222.jpg,0,9,train
/kaggle/input/datasets/researchersajid/mangoclassify-12-native-mango-dataset-from-bd/MangoClassify-12/Amrapali/IMG_20250627_170739.jpg,Amrapali,/kaggle/working/small/Amrapali/00223.jpg,0,76,test
/kaggle/input/datasets/researchersajid/mangoclassify-12-native-mango-dataset-from-bd/MangoClassify-12/Amrapali/IMG_20250627_170744.jpg,Amrapali,/kaggle/working/small/Amrapali/00224.jpg,0,6,test
/kaggle/input/datasets/researchersajid/mangoclassify-12-native-mango-dataset-from-bd/MangoClassify-12/Amrapali/IMG_20250627_170752.jpg,Amrapali,/kaggle/working/small/Amrapali/00225.jpg,0,111,train
/kaggle/input/datasets/researchersajid/mangoclassify-12-native-mango-dataset-from-bd/MangoClassify-12/Amrapali/IMG_20250627_170804.jpg,Amrapali,/kaggle/working/small/Amrapali/00226.jpg,0,111,train
/kaggle/input/datasets/researchersajid/mangoclassify-12-native-mango-dataset-from-bd/MangoClassify-12/Amrapali/IMG_20250627_170811.jpg,Amrapali,/kaggle/working/small/Amrapali/00227.jpg,0,44,train
/kaggle/input/datasets/researchersajid/mangoclassify-12-native-mango-dataset-from-bd/MangoClassify-12/Amrapali/IMG_20250627_170820.jpg,Amrapali,/kaggle/working/small/Amrapali/00228.jpg,0,167,test
/kaggle/input/datasets/researchersajid/mangoclassify-12-native-mango-dataset-from-bd/MangoClassify-12/Amrapali/IMG_20250627_170821.jpg,Amrapali,/kaggle/working/small/Amrapali/00229.jpg,0,100,test
/kaggle/input/datasets/researchersajid/mangoclassify-12-native-mango-dataset-from-bd/MangoClassify-12/Amrapali/IMG_20250627_170828.jpg,Amrapali,/kaggle/working/small/Amrapali/00230.jpg,0,9,train
/kaggle/input/datasets/researchersajid/mangoclassify-12-native-mango-dataset-from-bd/MangoClassify-12/Amrapali/IMG_20250627_170829.jpg,Amrapali,/kaggle/working/small/Amrapali/00231.jpg,0,58,test
/kaggle/input/datasets/researchersajid/mangoclassify-12-native-mango-dataset-from-bd/MangoClassify-12/Amrapali/IMG_20250627_170838.jpg,Amrapali,/kaggle/working/small/Amrapali/00232.jpg,0,9,train
/kaggle/input/datasets/researchersajid/mangoclassify-12-native-mango-dataset-from-bd/MangoClassify-12/Amrapali/IMG_20250627_170842.jpg,Amrapali,/kaggle/working/small/Amrapali/00233.jpg,0,9,train
/kaggle/input/datasets/researchersajid/mangoclassify-12-native-mango-dataset-from-bd/MangoClassify-12/Amrapali/IMG_20250627_170846.jpg,Amrapali,/kaggle/working/small/Amrapali/00234.jpg,0,32,train
/kaggle/input/datasets/researchersajid/mangoclassify-12-native-mango-dataset-from-bd/MangoClassify-12/Amrapali/IMG_20250627_170852.jpg,Amrapali,/kaggle/working/small/Amrapali/00235.jpg,0,14,val
/kaggle/input/datasets/researchersajid/mangoclassify-12-native-mango-dataset-from-bd/MangoClassify-12/Amrapali/IMG_20250627_170859.jpg,Amrapali,/kaggle/working/small/Amrapali/00236.jpg,0,9,train
/kaggle/input/datasets/researchersajid/mangoclassify-12-native-mango-dataset-from-bd/MangoClassify-12/Amrapali/IMG_20250627_170902.jpg,Amrapali,/kaggle/working/small/Amrapali/00237.jpg,0,76,test
/kaggle/input/datasets/researchersajid/mangoclassify-12-native-mango-dataset-from-bd/MangoClassify-12/Amrapali/IMG_20250627_170906.jpg,Amrapali,/kaggle/working/small/Amrapali/00238.jpg,0,61,train
/kaggle/input/datasets/researchersajid/mangoclassify-12-native-mango-dataset-from-bd/MangoClassify-12/Amrapali/IMG_20250627_170908.jpg,Amrapali,/kaggle/working/small/Amrapali/00239.jpg,0,76,test
/kaggle/input/datasets/researchersajid/mangoclassify-12-native-mango-dataset-from-bd/MangoClassify-12/Amrapali/IMG_20250627_170914.jpg,Amrapali,/kaggle/working/small/Amrapali/00240.jpg,0,76,test
/kaggle/input/datasets/researchersajid/mangoclassify-12-native-mango-dataset-from-bd/MangoClassify-12/Amrapali/IMG_20250627_170915.jpg,Amrapali,/kaggle/working/small/Amrapali/00241.jpg,0,58,test
/kaggle/input/datasets/researchersajid/mangoclassify-12-native-mango-dataset-from-bd/MangoClassify-12/Amrapali/IMG_20250627_170919.jpg,Amrapali,/kaggle/working/small/Amrapali/00242.jpg,0,76,test
/kaggle/input/datasets/researchersajid/mangoclassify-12-native-mango-dataset-from-bd/MangoClassify-12/Amrapali/IMG_20250627_170926.jpg,Amrapali,/kaggle/working/small/Amrapali/00243.jpg,0,60,train
/kaggle/input/datasets/researchersajid/mangoclassify-12-native-mango-dataset-from-bd/MangoClassify-12/Amrapali/IMG_20250627_170929.jpg,Amrapali,/kaggle/working/small/Amrapali/00244.jpg,0,111,train
/kaggle/input/datasets/researchersajid/mangoclassify-12-native-mango-dataset-from-bd/MangoClassify-12/Amrapali/IMG_20250627_170940.jpg,Amrapali,/kaggle/working/small/Amrapali/00245.jpg,0,9,train
/kaggle/input/datasets/researchersajid/mangoclassify-12-native-mango-dataset-from-bd/MangoClassify-12/Amrapali/IMG_20250627_170945.jpg,Amrapali,/kaggle/working/small/Amrapali/00246.jpg,0,157,train
/kaggle/input/datasets/researchersajid/mangoclassify-12-native-mango-dataset-from-bd/MangoClassify-12/Amrapali/IMG_20250627_170946.jpg,Amrapali,/kaggle/working/small/Amrapali/00247.jpg,0,9,train
/kaggle/input/datasets/researchersajid/mangoclassify-12-native-mango-dataset-from-bd/MangoClassify-12/Amrapali/IMG_20250627_170954.jpg,Amrapali,/kaggle/working/small/Amrapali/00248.jpg,0,128,val
/kaggle/input/datasets/researchersajid/mangoclassify-12-native-mango-dataset-from-bd/MangoClassify-12/Amrapali/IMG_20250627_170955.jpg,Amrapali,/kaggle/working/small/Amrapali/00249.jpg,0,19,val
/kaggle/input/datasets/researchersajid/mangoclassify-12-native-mango-dataset-from-bd/MangoClassify-12/Amrapali/IMG_20250627_171001.jpg,Amrapali,/kaggle/working/small/Amrapali/00250.jpg,0,4,train
/kaggle/input/datasets/researchersajid/mangoclassify-12-native-mango-dataset-from-bd/MangoClassify-12/Amrapali/IMG_20250627_171007.jpg,Amrapali,/kaggle/working/small/Amrapali/00251.jpg,0,81,train
/kaggle/input/datasets/researchersajid/mangoclassify-12-native-mango-dataset-from-bd/MangoClassify-12/Amrapali/IMG_20250627_171008.jpg,Amrapali,/kaggle/working/small/Amrapali/00252.jpg,0,19,val
/kaggle/input/datasets/researchersajid/mangoclassify-12-native-mango-dataset-from-bd/MangoClassify-12/Amrapali/IMG_20250627_171012.jpg,Amrapali,/kaggle/working/small/Amrapali/00253.jpg,0,14,val
/kaggle/input/datasets/researchersajid/mangoclassify-12-native-mango-dataset-from-bd/MangoClassify-12/Amrapali/IMG_20250627_171020.jpg,Amrapali,/kaggle/working/small/Amrapali/00254.jpg,0,2,train
/kaggle/input/datasets/researchersajid/mangoclassify-12-native-mango-dataset-from-bd/MangoClassify-12/Amrapali/IMG_20250627_171027.jpg,Amrapali,/kaggle/working/small/Amrapali/00255.jpg,0,57,test
/kaggle/input/datasets/researchersajid/mangoclassify-12-native-mango-dataset-from-bd/MangoClassify-12/Amrapali/IMG_20250627_171033.jpg,Amrapali,/kaggle/working/small/Amrapali/00256.jpg,0,40,train
/kaggle/input/datasets/researchersajid/mangoclassify-12-native-mango-dataset-from-bd/MangoClassify-12/Amrapali/IMG_20250627_171038.jpg,Amrapali,/kaggle/working/small/Amrapali/00257.jpg,0,57,test
/kaggle/input/datasets/researchersajid/mangoclassify-12-native-mango-dataset-from-bd/MangoClassify-12/Amrapali/IMG_20250627_171040.jpg,Amrapali,/kaggle/working/small/Amrapali/00258.jpg,0,39,train
/kaggle/input/datasets/researchersajid/mangoclassify-12-native-mango-dataset-from-bd/MangoClassify-12/Amrapali/IMG_20250627_171046.jpg,Amrapali,/kaggle/working/small/Amrapali/00259.jpg,0,44,train
/kaggle/input/datasets/researchersajid/mangoclassify-12-native-mango-dataset-from-bd/MangoClassify-12/Amrapali/IMG_20250627_171047.jpg,Amrapali,/kaggle/working/small/Amrapali/00260.jpg,0,67,train
/kaggle/input/datasets/researchersajid/mangoclassify-12-native-mango-dataset-from-bd/MangoClassify-12/Amrapali/IMG_20250627_171057.jpg,Amrapali,/kaggle/working/small/Amrapali/00261.jpg,0,174,train
/kaggle/input/datasets/researchersajid/mangoclassify-12-native-mango-dataset-from-bd/MangoClassify-12/Amrapali/IMG_20250627_171104.jpg,Amrapali,/kaggle/working/small/Amrapali/00262.jpg,0,51,val
/kaggle/input/datasets/researchersajid/mangoclassify-12-native-mango-dataset-from-bd/MangoClassify-12/Amrapali/IMG_20250627_171114.jpg,Amrapali,/kaggle/working/small/Amrapali/00263.jpg,0,6,test
/kaggle/input/datasets/researchersajid/mangoclassify-12-native-mango-dataset-from-bd/MangoClassify-12/Amrapali/IMG_20250627_171121.jpg,Amrapali,/kaggle/working/small/Amrapali/00264.jpg,0,111,train
/kaggle/input/datasets/researchersajid/mangoclassify-12-native-mango-dataset-from-bd/MangoClassify-12/Amrapali/IMG_20250627_171131.jpg,Amrapali,/kaggle/working/small/Amrapali/00265.jpg,0,111,train
/kaggle/input/datasets/researchersajid/mangoclassify-12-native-mango-dataset-from-bd/MangoClassify-12/Amrapali/IMG_20250627_171141.jpg,Amrapali,/kaggle/working/small/Amrapali/00266.jpg,0,82,train
/kaggle/input/datasets/researchersajid/mangoclassify-12-native-mango-dataset-from-bd/MangoClassify-12/Amrapali/IMG_20250627_171149.jpg,Amrapali,/kaggle/working/small/Amrapali/00267.jpg,0,76,test
/kaggle/input/datasets/researchersajid/mangoclassify-12-native-mango-dataset-from-bd/MangoClassify-12/Amrapali/IMG_20250627_171156.jpg,Amrapali,/kaggle/working/small/Amrapali/00268.jpg,0,78,train
/kaggle/input/datasets/researchersajid/mangoclassify-12-native-mango-dataset-from-bd/MangoClassify-12/Amrapali/IMG_20250627_171159.jpg,Amrapali,/kaggle/working/small/Amrapali/00269.jpg,0,30,val
/kaggle/input/datasets/researchersajid/mangoclassify-12-native-mango-dataset-from-bd/MangoClassify-12/Amrapali/IMG_20250627_171201.jpg,Amrapali,/kaggle/working/small/Amrapali/00270.jpg,0,39,train
/kaggle/input/datasets/researchersajid/mangoclassify-12-native-mango-dataset-from-bd/MangoClassify-12/Amrapali/IMG_20250627_171204.jpg,Amrapali,/kaggle/working/small/Amrapali/00271.jpg,0,154,train
/kaggle/input/datasets/researchersajid/mangoclassify-12-native-mango-dataset-from-bd/MangoClassify-12/Amrapali/IMG_20250627_171209.jpg,Amrapali,/kaggle/working/small/Amrapali/00272.jpg,0,40,train
/kaggle/input/datasets/researchersajid/mangoclassify-12-native-mango-dataset-from-bd/MangoClassify-12/Amrapali/IMG_20250627_171210.jpg,Amrapali,/kaggle/working/small/Amrapali/00273.jpg,0,154,train
/kaggle/input/datasets/researchersajid/mangoclassify-12-native-mango-dataset-from-bd/MangoClassify-12/Amrapali/IMG_20250627_171223.jpg,Amrapali,/kaggle/working/small/Amrapali/00274.jpg,0,121,val
/kaggle/input/datasets/researchersajid/mangoclassify-12-native-mango-dataset-from-bd/MangoClassify-12/Amrapali/IMG_20250627_171237.jpg,Amrapali,/kaggle/working/small/Amrapali/00275.jpg,0,142,train
/kaggle/input/datasets/researchersajid/mangoclassify-12-native-mango-dataset-from-bd/MangoClassify-12/Amrapali/IMG_20250627_171245.jpg,Amrapali,/kaggle/working/small/Amrapali/00276.jpg,0,9,train
/kaggle/input/datasets/researchersajid/mangoclassify-12-native-mango-dataset-from-bd/MangoClassify-12/Amrapali/IMG_20250627_171253.jpg,Amrapali,/kaggle/working/small/Amrapali/00277.jpg,0,76,test
/kaggle/input/datasets/researchersajid/mangoclassify-12-native-mango-dataset-from-bd/MangoClassify-12/Amrapali/IMG_20250627_171255.jpg,Amrapali,/kaggle/working/small/Amrapali/00278.jpg,0,19,val
/kaggle/input/datasets/researchersajid/mangoclassify-12-native-mango-dataset-from-bd/MangoClassify-12/Amrapali/IMG_20250627_171300.jpg,Amrapali,/kaggle/working/small/Amrapali/00279.jpg,0,126,train
/kaggle/input/datasets/researchersajid/mangoclassify-12-native-mango-dataset-from-bd/MangoClassify-12/Amrapali/IMG_20250627_171303.jpg,Amrapali,/kaggle/working/small/Amrapali/00280.jpg,0,164,test
/kaggle/input/datasets/researchersajid/mangoclassify-12-native-mango-dataset-from-bd/MangoClassify-12/Amrapali/IMG_20250627_171314.jpg,Amrapali,/kaggle/working/small/Amrapali/00281.jpg,0,90,train
/kaggle/input/datasets/researchersajid/mangoclassify-12-native-mango-dataset-from-bd/MangoClassify-12/Amrapali/IMG_20250627_171327.jpg,Amrapali,/kaggle/working/small/Amrapali/00282.jpg,0,23,train
/kaggle/input/datasets/researchersajid/mangoclassify-12-native-mango-dataset-from-bd/MangoClassify-12/Amrapali/IMG_20250627_171328.jpg,Amrapali,/kaggle/working/small/Amrapali/00283.jpg,0,30,val
/kaggle/input/datasets/researchersajid/mangoclassify-12-native-mango-dataset-from-bd/MangoClassify-12/Amrapali/IMG_20250627_171334.jpg,Amrapali,/kaggle/working/small/Amrapali/00284.jpg,0,9,train
/kaggle/input/datasets/researchersajid/mangoclassify-12-native-mango-dataset-from-bd/MangoClassify-12/Amrapali/IMG_20250627_171335.jpg,Amrapali,/kaggle/working/small/Amrapali/00285.jpg,0,94,train
/kaggle/input/datasets/researchersajid/mangoclassify-12-native-mango-dataset-from-bd/MangoClassify-12/Amrapali/IMG_20250627_171338.jpg,Amrapali,/kaggle/working/small/Amrapali/00286.jpg,0,32,train
/kaggle/input/datasets/researchersajid/mangoclassify-12-native-mango-dataset-from-bd/MangoClassify-12/Amrapali/IMG_20250627_171344.jpg,Amrapali,/kaggle/working/small/Amrapali/00287.jpg,0,32,train
/kaggle/input/datasets/researchersajid/mangoclassify-12-native-mango-dataset-from-bd/MangoClassify-12/Amrapali/IMG_20250627_171350.jpg,Amrapali,/kaggle/working/small/Amrapali/00288.jpg,0,19,val
/kaggle/input/datasets/researchersajid/mangoclassify-12-native-mango-dataset-from-bd/MangoClassify-12/Amrapali/IMG_20250627_171352.jpg,Amrapali,/kaggle/working/small/Amrapali/00289.jpg,0,14,val
/kaggle/input/datasets/researchersajid/mangoclassify-12-native-mango-dataset-from-bd/MangoClassify-12/Amrapali/IMG_20250627_171401.jpg,Amrapali,/kaggle/working/small/Amrapali/00290.jpg,0,30,val
/kaggle/input/datasets/researchersajid/mangoclassify-12-native-mango-dataset-from-bd/MangoClassify-12/Amrapali/IMG_20250627_171406.jpg,Amrapali,/kaggle/working/small/Amrapali/00291.jpg,0,76,test
/kaggle/input/datasets/researchersajid/mangoclassify-12-native-mango-dataset-from-bd/MangoClassify-12/Amrapali/IMG_20250627_171408.jpg,Amrapali,/kaggle/working/small/Amrapali/00292.jpg,0,19,val
/kaggle/input/datasets/researchersajid/mangoclassify-12-native-mango-dataset-from-bd/MangoClassify-12/Amrapali/IMG_20250627_171412.jpg,Amrapali,/kaggle/working/small/Amrapali/00293.jpg,0,104,train
/kaggle/input/datasets/researchersajid/mangoclassify-12-native-mango-dataset-from-bd/MangoClassify-12/Amrapali/IMG_20250627_171416.jpg,Amrapali,/kaggle/working/small/Amrapali/00294.jpg,0,8,train
/kaggle/input/datasets/researchersajid/mangoclassify-12-native-mango-dataset-from-bd/MangoClassify-12/Amrapali/IMG_20250627_171424.jpg,Amrapali,/kaggle/working/small/Amrapali/00295.jpg,0,8,train
/kaggle/input/datasets/researchersajid/mangoclassify-12-native-mango-dataset-from-bd/MangoClassify-12/Amrapali/IMG_20250627_171431.jpg,Amrapali,/kaggle/working/small/Amrapali/00296.jpg,0,20,test
/kaggle/input/datasets/researchersajid/mangoclassify-12-native-mango-dataset-from-bd/MangoClassify-12/Amrapali/IMG_20250627_171432.jpg,Amrapali,/kaggle/working/small/Amrapali/00297.jpg,0,19,val
/kaggle/input/datasets/researchersajid/mangoclassify-12-native-mango-dataset-from-bd/MangoClassify-12/Amrapali/IMG_20250627_171441.jpg,Amrapali,/kaggle/working/small/Amrapali/00298.jpg,0,157,train
/kaggle/input/datasets/researchersajid/mangoclassify-12-native-mango-dataset-from-bd/MangoClassify-12/Amrapali/IMG_20250627_171448.jpg,Amrapali,/kaggle/working/small/Amrapali/00299.jpg,0,92,train
/kaggle/input/datasets/researchersajid/mangoclassify-12-native-mango-dataset-from-bd/MangoClassify-12/Amrapali/IMG_20250627_171454.jpg,Amrapali,/kaggle/working/small/Amrapali/00300.jpg,0,22,train
/kaggle/input/datasets/researchersajid/mangoclassify-12-native-mango-dataset-from-bd/MangoClassify-12/Amrapali/IMG_20250627_171458.jpg,Amrapali,/kaggle/working/small/Amrapali/00301.jpg,0,9,train
/kaggle/input/datasets/researchersajid/mangoclassify-12-native-mango-dataset-from-bd/MangoClassify-12/Amrapali/IMG_20250627_171504.jpg,Amrapali,/kaggle/working/small/Amrapali/00302.jpg,0,104,train
/kaggle/input/datasets/researchersajid/mangoclassify-12-native-mango-dataset-from-bd/MangoClassify-12/Amrapali/IMG_20250627_171510.jpg,Amrapali,/kaggle/working/small/Amrapali/00303.jpg,0,20,test
/kaggle/input/datasets/researchersajid/mangoclassify-12-native-mango-dataset-from-bd/MangoClassify-12/Amrapali/IMG_20250627_171519.jpg,Amrapali,/kaggle/working/small/Amrapali/00304.jpg,0,30,val
/kaggle/input/datasets/researchersajid/mangoclassify-12-native-mango-dataset-from-bd/MangoClassify-12/Amrapali/IMG_20250627_171536.jpg,Amrapali,/kaggle/working/small/Amrapali/00305.jpg,0,16,train
/kaggle/input/datasets/researchersajid/mangoclassify-12-native-mango-dataset-from-bd/MangoClassify-12/Amrapali/IMG_20250627_171539.jpg,Amrapali,/kaggle/working/small/Amrapali/00306.jpg,0,2,train
/kaggle/input/datasets/researchersajid/mangoclassify-12-native-mango-dataset-from-bd/MangoClassify-12/Amrapali/IMG_20250627_171545.jpg,Amrapali,/kaggle/working/small/Amrapali/00307.jpg,0,161,train
/kaggle/input/datasets/researchersajid/mangoclassify-12-native-mango-dataset-from-bd/MangoClassify-12/Amrapali/IMG_20250627_171547.jpg,Amrapali,/kaggle/working/small/Amrapali/00308.jpg,0,35,train
/kaggle/input/datasets/researchersajid/mangoclassify-12-native-mango-dataset-from-bd/MangoClassify-12/Amrapali/IMG_20250627_171549.jpg,Amrapali,/kaggle/working/small/Amrapali/00309.jpg,0,74,train
/kaggle/input/datasets/researchersajid/mangoclassify-12-native-mango-dataset-from-bd/MangoClassify-12/Amrapali/IMG_20250627_171554.jpg,Amrapali,/kaggle/working/small/Amrapali/00310.jpg,0,16,train
/kaggle/input/datasets/researchersajid/mangoclassify-12-native-mango-dataset-from-bd/MangoClassify-12/Amrapali/IMG_20250627_171555.jpg,Amrapali,/kaggle/working/small/Amrapali/00311.jpg,0,47,train
/kaggle/input/datasets/researchersajid/mangoclassify-12-native-mango-dataset-from-bd/MangoClassify-12/Amrapali/IMG_20250627_171559.jpg,Amrapali,/kaggle/working/small/Amrapali/00312.jpg,0,16,train
/kaggle/input/datasets/researchersajid/mangoclassify-12-native-mango-dataset-from-bd/MangoClassify-12/Amrapali/IMG_20250627_171631.jpg,Amrapali,/kaggle/working/small/Amrapali/00313.jpg,0,62,val
/kaggle/input/datasets/researchersajid/mangoclassify-12-native-mango-dataset-from-bd/MangoClassify-12/Amrapali/IMG_20250627_171637.jpg,Amrapali,/kaggle/working/small/Amrapali/00314.jpg,0,182,test
/kaggle/input/datasets/researchersajid/mangoclassify-12-native-mango-dataset-from-bd/MangoClassify-12/Amrapali/IMG_20250627_171645.jpg,Amrapali,/kaggle/working/small/Amrapali/00315.jpg,0,4,train
/kaggle/input/datasets/researchersajid/mangoclassify-12-native-mango-dataset-from-bd/MangoClassify-12/Amrapali/IMG_20250627_171653.jpg,Amrapali,/kaggle/working/small/Amrapali/00316.jpg,0,14,val
/kaggle/input/datasets/researchersajid/mangoclassify-12-native-mango-dataset-from-bd/MangoClassify-12/Amrapali/IMG_20250627_171705.jpg,Amrapali,/kaggle/working/small/Amrapali/00317.jpg,0,82,train
/kaggle/input/datasets/researchersajid/mangoclassify-12-native-mango-dataset-from-bd/MangoClassify-12/Amrapali/IMG_20250627_171706.jpg,Amrapali,/kaggle/working/small/Amrapali/00318.jpg,0,58,test
/kaggle/input/datasets/researchersajid/mangoclassify-12-native-mango-dataset-from-bd/MangoClassify-12/Amrapali/IMG_20250627_171710.jpg,Amrapali,/kaggle/working/small/Amrapali/00319.jpg,0,104,train
/kaggle/input/datasets/researchersajid/mangoclassify-12-native-mango-dataset-from-bd/MangoClassify-12/Amrapali/IMG_20250627_171715.jpg,Amrapali,/kaggle/working/small/Amrapali/00320.jpg,0,58,test
/kaggle/input/datasets/researchersajid/mangoclassify-12-native-mango-dataset-from-bd/MangoClassify-12/Amrapali/IMG_20250627_171722.jpg,Amrapali,/kaggle/working/small/Amrapali/00321.jpg,0,62,val
/kaggle/input/datasets/researchersajid/mangoclassify-12-native-mango-dataset-from-bd/MangoClassify-12/Amrapali/IMG_20250627_171723.jpg,Amrapali,/kaggle/working/small/Amrapali/00322.jpg,0,111,train
/kaggle/input/datasets/researchersajid/mangoclassify-12-native-mango-dataset-from-bd/MangoClassify-12/Amrapali/IMG_20250627_171732.jpg,Amrapali,/kaggle/working/small/Amrapali/00323.jpg,0,58,test
/kaggle/input/datasets/researchersajid/mangoclassify-12-native-mango-dataset-from-bd/MangoClassify-12/Amrapali/IMG_20250627_171737.jpg,Amrapali,/kaggle/working/small/Amrapali/00324.jpg,0,4,train
/kaggle/input/datasets/researchersajid/mangoclassify-12-native-mango-dataset-from-bd/MangoClassify-12/Amrapali/IMG_20250627_171751.jpg,Amrapali,/kaggle/working/small/Amrapali/00325.jpg,0,41,test
/kaggle/input/datasets/researchersajid/mangoclassify-12-native-mango-dataset-from-bd/MangoClassify-12/Amrapali/IMG_20250627_171754.jpg,Amrapali,/kaggle/working/small/Amrapali/00326.jpg,0,5,test
/kaggle/input/datasets/researchersajid/mangoclassify-12-native-mango-dataset-from-bd/MangoClassify-12/Amrapali/IMG_20250627_171759.jpg,Amrapali,/kaggle/working/small/Amrapali/00327.jpg,0,45,val
/kaggle/input/datasets/researchersajid/mangoclassify-12-native-mango-dataset-from-bd/MangoClassify-12/Amrapali/IMG_20250627_171804.jpg,Amrapali,/kaggle/working/small/Amrapali/00328.jpg,0,5,test
/kaggle/input/datasets/researchersajid/mangoclassify-12-native-mango-dataset-from-bd/MangoClassify-12/Amrapali/IMG_20250627_171809.jpg,Amrapali,/kaggle/working/small/Amrapali/00329.jpg,0,30,val
/kaggle/input/datasets/researchersajid/mangoclassify-12-native-mango-dataset-from-bd/MangoClassify-12/Amrapali/IMG_20250627_171815.jpg,Amrapali,/kaggle/working/small/Amrapali/00330.jpg,0,87,train
/kaggle/input/datasets/researchersajid/mangoclassify-12-native-mango-dataset-from-bd/MangoClassify-12/Amrapali/IMG_20250627_171817.jpg,Amrapali,/kaggle/working/small/Amrapali/00331.jpg,0,19,val
/kaggle/input/datasets/researchersajid/mangoclassify-12-native-mango-dataset-from-bd/MangoClassify-12/Amrapali/IMG_20250627_171821.jpg,Amrapali,/kaggle/working/small/Amrapali/00332.jpg,0,42,train
/kaggle/input/datasets/researchersajid/mangoclassify-12-native-mango-dataset-from-bd/MangoClassify-12/Amrapali/IMG_20250627_171831.jpg,Amrapali,/kaggle/working/small/Amrapali/00333.jpg,0,5,test
/kaggle/input/datasets/researchersajid/mangoclassify-12-native-mango-dataset-from-bd/MangoClassify-12/Amrapali/IMG_20250627_171833.jpg,Amrapali,/kaggle/working/small/Amrapali/00334.jpg,0,30,val
/kaggle/input/datasets/researchersajid/mangoclassify-12-native-mango-dataset-from-bd/MangoClassify-12/Amrapali/IMG_20250627_171839.jpg,Amrapali,/kaggle/working/small/Amrapali/00335.jpg,0,86,train
/kaggle/input/datasets/researchersajid/mangoclassify-12-native-mango-dataset-from-bd/MangoClassify-12/Amrapali/IMG_20250627_171842.jpg,Amrapali,/kaggle/working/small/Amrapali/00336.jpg,0,77,val
/kaggle/input/datasets/researchersajid/mangoclassify-12-native-mango-dataset-from-bd/MangoClassify-12/Amrapali/IMG_20250627_171845.jpg,Amrapali,/kaggle/working/small/Amrapali/00337.jpg,0,161,train
/kaggle/input/datasets/researchersajid/mangoclassify-12-native-mango-dataset-from-bd/MangoClassify-12/Amrapali/IMG_20250627_171847.jpg,Amrapali,/kaggle/working/small/Amrapali/00338.jpg,0,30,val
/kaggle/input/datasets/researchersajid/mangoclassify-12-native-mango-dataset-from-bd/MangoClassify-12/Amrapali/IMG_20250627_171852.jpg,Amrapali,/kaggle/working/small/Amrapali/00339.jpg,0,5,test
/kaggle/input/datasets/researchersajid/mangoclassify-12-native-mango-dataset-from-bd/MangoClassify-12/Amrapali/IMG_20250627_171855.jpg,Amrapali,/kaggle/working/small/Amrapali/00340.jpg,0,19,val
/kaggle/input/datasets/researchersajid/mangoclassify-12-native-mango-dataset-from-bd/MangoClassify-12/Amrapali/IMG_20250627_171857.jpg,Amrapali,/kaggle/working/small/Amrapali/00341.jpg,0,5,test
/kaggle/input/datasets/researchersajid/mangoclassify-12-native-mango-dataset-from-bd/MangoClassify-12/Amrapali/IMG_20250627_171907.jpg,Amrapali,/kaggle/working/small/Amrapali/00342.jpg,0,42,train
/kaggle/input/datasets/researchersajid/mangoclassify-12-native-mango-dataset-from-bd/MangoClassify-12/Amrapali/IMG_20250627_171914.jpg,Amrapali,/kaggle/working/small/Amrapali/00343.jpg,0,19,val
/kaggle/input/datasets/researchersajid/mangoclassify-12-native-mango-dataset-from-bd/MangoClassify-12/Amrapali/IMG_20250627_171922.jpg,Amrapali,/kaggle/working/small/Amrapali/00344.jpg,0,38,train
/kaggle/input/datasets/researchersajid/mangoclassify-12-native-mango-dataset-from-bd/MangoClassify-12/Amrapali/IMG_20250627_171929.jpg,Amrapali,/kaggle/working/small/Amrapali/00345.jpg,0,19,val
/kaggle/input/datasets/researchersajid/mangoclassify-12-native-mango-dataset-from-bd/MangoClassify-12/Amrapali/IMG_20250627_171930.jpg,Amrapali,/kaggle/working/small/Amrapali/00346.jpg,0,174,train
/kaggle/input/datasets/researchersajid/mangoclassify-12-native-mango-dataset-from-bd/MangoClassify-12/Amrapali/IMG_20250627_171936.jpg,Amrapali,/kaggle/working/small/Amrapali/00347.jpg,0,70,train
/kaggle/input/datasets/researchersajid/mangoclassify-12-native-mango-dataset-from-bd/MangoClassify-12/Amrapali/IMG_20250627_171938.jpg,Amrapali,/kaggle/working/small/Amrapali/00348.jpg,0,110,train
/kaggle/input/datasets/researchersajid/mangoclassify-12-native-mango-dataset-from-bd/MangoClassify-12/Amrapali/IMG_20250627_171942.jpg,Amrapali,/kaggle/working/small/Amrapali/00349.jpg,0,70,train
/kaggle/input/datasets/researchersajid/mangoclassify-12-native-mango-dataset-from-bd/MangoClassify-12/Amrapali/IMG_20250627_171948.jpg,Amrapali,/kaggle/working/small/Amrapali/00350.jpg,0,104,train
/kaggle/input/datasets/researchersajid/mangoclassify-12-native-mango-dataset-from-bd/MangoClassify-12/Amrapali/IMG_20250627_171953.jpg,Amrapali,/kaggle/working/small/Amrapali/00351.jpg,0,12,val
/kaggle/input/datasets/researchersajid/mangoclassify-12-native-mango-dataset-from-bd/MangoClassify-12/Amrapali/IMG_20250627_172002.jpg,Amrapali,/kaggle/working/small/Amrapali/00352.jpg,0,35,train
/kaggle/input/datasets/researchersajid/mangoclassify-12-native-mango-dataset-from-bd/MangoClassify-12/Amrapali/IMG_20250627_172008.jpg,Amrapali,/kaggle/working/small/Amrapali/00353.jpg,0,55,train
/kaggle/input/datasets/researchersajid/mangoclassify-12-native-mango-dataset-from-bd/MangoClassify-12/Amrapali/IMG_20250627_172018.jpg,Amrapali,/kaggle/working/small/Amrapali/00354.jpg,0,165,train
/kaggle/input/datasets/researchersajid/mangoclassify-12-native-mango-dataset-from-bd/MangoClassify-12/Amrapali/IMG_20250627_172026.jpg,Amrapali,/kaggle/working/small/Amrapali/00355.jpg,0,132,train
/kaggle/input/datasets/researchersajid/mangoclassify-12-native-mango-dataset-from-bd/MangoClassify-12/Amrapali/IMG_20250627_172055.jpg,Amrapali,/kaggle/working/small/Amrapali/00356.jpg,0,13,train
/kaggle/input/datasets/researchersajid/mangoclassify-12-native-mango-dataset-from-bd/MangoClassify-12/Amrapali/IMG_20250627_172103.jpg,Amrapali,/kaggle/working/small/Amrapali/00357.jpg,0,19,val
/kaggle/input/datasets/researchersajid/mangoclassify-12-native-mango-dataset-from-bd/MangoClassify-12/Amrapali/IMG_20250627_172108.jpg,Amrapali,/kaggle/working/small/Amrapali/00358.jpg,0,30,val
/kaggle/input/datasets/researchersajid/mangoclassify-12-native-mango-dataset-from-bd/MangoClassify-12/Amrapali/IMG_20250627_172121.jpg,Amrapali,/kaggle/working/small/Amrapali/00359.jpg,0,33,train
/kaggle/input/datasets/researchersajid/mangoclassify-12-native-mango-dataset-from-bd/MangoClassify-12/Amrapali/IMG_20250627_172147.jpg,Amrapali,/kaggle/working/small/Amrapali/00360.jpg,0,44,train
/kaggle/input/datasets/researchersajid/mangoclassify-12-native-mango-dataset-from-bd/MangoClassify-12/Amrapali/IMG_20250627_172156.jpg,Amrapali,/kaggle/working/small/Amrapali/00361.jpg,0,44,train
/kaggle/input/datasets/researchersajid/mangoclassify-12-native-mango-dataset-from-bd/MangoClassify-12/Amrapali/IMG_20250627_172158.jpg,Amrapali,/kaggle/working/small/Amrapali/00362.jpg,0,36,train
/kaggle/input/datasets/researchersajid/mangoclassify-12-native-mango-dataset-from-bd/MangoClassify-12/Amrapali/IMG_20250627_172205.jpg,Amrapali,/kaggle/working/small/Amrapali/00363.jpg,0,97,train
/kaggle/input/datasets/researchersajid/mangoclassify-12-native-mango-dataset-from-bd/MangoClassify-12/Amrapali/IMG_20250627_172206.jpg,Amrapali,/kaggle/working/small/Amrapali/00364.jpg,0,156,val
/kaggle/input/datasets/researchersajid/mangoclassify-12-native-mango-dataset-from-bd/MangoClassify-12/Amrapali/IMG_20250627_172212.jpg,Amrapali,/kaggle/working/small/Amrapali/00365.jpg,0,9,train
/kaggle/input/datasets/researchersajid/mangoclassify-12-native-mango-dataset-from-bd/MangoClassify-12/Amrapali/IMG_20250627_172217.jpg,Amrapali,/kaggle/working/small/Amrapali/00366.jpg,0,54,train
/kaggle/input/datasets/researchersajid/mangoclassify-12-native-mango-dataset-from-bd/MangoClassify-12/Amrapali/IMG_20250627_172223.jpg,Amrapali,/kaggle/working/small/Amrapali/00367.jpg,0,9,train
/kaggle/input/datasets/researchersajid/mangoclassify-12-native-mango-dataset-from-bd/MangoClassify-12/Amrapali/IMG_20250627_172228.jpg,Amrapali,/kaggle/working/small/Amrapali/00368.jpg,0,90,train
/kaggle/input/datasets/researchersajid/mangoclassify-12-native-mango-dataset-from-bd/MangoClassify-12/Amrapali/IMG_20250627_172237.jpg,Amrapali,/kaggle/working/small/Amrapali/00369.jpg,0,86,train
/kaggle/input/datasets/researchersajid/mangoclassify-12-native-mango-dataset-from-bd/MangoClassify-12/Amrapali/IMG_20250627_172246.jpg,Amrapali,/kaggle/working/small/Amrapali/00370.jpg,0,55,train
/kaggle/input/datasets/researchersajid/mangoclassify-12-native-mango-dataset-from-bd/MangoClassify-12/Amrapali/IMG_20250627_172254.jpg,Amrapali,/kaggle/working/small/Amrapali/00371.jpg,0,10,train
/kaggle/input/datasets/researchersajid/mangoclassify-12-native-mango-dataset-from-bd/MangoClassify-12/Amrapali/IMG_20250627_172301.jpg,Amrapali,/kaggle/working/small/Amrapali/00372.jpg,0,88,train
/kaggle/input/datasets/researchersajid/mangoclassify-12-native-mango-dataset-from-bd/MangoClassify-12/Amrapali/IMG_20250627_172305.jpg,Amrapali,/kaggle/working/small/Amrapali/00373.jpg,0,30,val
/kaggle/input/datasets/researchersajid/mangoclassify-12-native-mango-dataset-from-bd/MangoClassify-12/Amrapali/IMG_20250627_172307.jpg,Amrapali,/kaggle/working/small/Amrapali/00374.jpg,0,24,val
/kaggle/input/datasets/researchersajid/mangoclassify-12-native-mango-dataset-from-bd/MangoClassify-12/Amrapali/IMG_20250627_172327.jpg,Amrapali,/kaggle/working/small/Amrapali/00375.jpg,0,57,test
/kaggle/input/datasets/researchersajid/mangoclassify-12-native-mango-dataset-from-bd/MangoClassify-12/Amrapali/IMG_20250627_172330.jpg,Amrapali,/kaggle/working/small/Amrapali/00376.jpg,0,88,train
/kaggle/input/datasets/researchersajid/mangoclassify-12-native-mango-dataset-from-bd/MangoClassify-12/Amrapali/IMG_20250627_172336.jpg,Amrapali,/kaggle/working/small/Amrapali/00377.jpg,0,41,test
/kaggle/input/datasets/researchersajid/mangoclassify-12-native-mango-dataset-from-bd/MangoClassify-12/Amrapali/IMG_20250627_172338.jpg,Amrapali,/kaggle/working/small/Amrapali/00378.jpg,0,10,train
/kaggle/input/datasets/researchersajid/mangoclassify-12-native-mango-dataset-from-bd/MangoClassify-12/Amrapali/IMG_20250627_172350.jpg,Amrapali,/kaggle/working/small/Amrapali/00379.jpg,0,19,val
/kaggle/input/datasets/researchersajid/mangoclassify-12-native-mango-dataset-from-bd/MangoClassify-12/Amrapali/IMG_20250627_172358.jpg,Amrapali,/kaggle/working/small/Amrapali/00380.jpg,0,36,train
/kaggle/input/datasets/researchersajid/mangoclassify-12-native-mango-dataset-from-bd/MangoClassify-12/Amrapali/IMG_20250627_172449.jpg,Amrapali,/kaggle/working/small/Amrapali/00381.jpg,0,11,test
/kaggle/input/datasets/researchersajid/mangoclassify-12-native-mango-dataset-from-bd/MangoClassify-12/Amrapali/IMG_20250627_172456.jpg,Amrapali,/kaggle/working/small/Amrapali/00382.jpg,0,76,test
/kaggle/input/datasets/researchersajid/mangoclassify-12-native-mango-dataset-from-bd/MangoClassify-12/Amrapali/IMG_20250627_172458.jpg,Amrapali,/kaggle/working/small/Amrapali/00383.jpg,0,61,train
/kaggle/input/datasets/researchersajid/mangoclassify-12-native-mango-dataset-from-bd/MangoClassify-12/Amrapali/IMG_20250627_172514.jpg,Amrapali,/kaggle/working/small/Amrapali/00384.jpg,0,73,train
/kaggle/input/datasets/researchersajid/mangoclassify-12-native-mango-dataset-from-bd/MangoClassify-12/Amrapali/IMG_20250627_172523.jpg,Amrapali,/kaggle/working/small/Amrapali/00385.jpg,0,26,train
/kaggle/input/datasets/researchersajid/mangoclassify-12-native-mango-dataset-from-bd/MangoClassify-12/Amrapali/IMG_20250627_172533.jpg,Amrapali,/kaggle/working/small/Amrapali/00386.jpg,0,115,train
/kaggle/input/datasets/researchersajid/mangoclassify-12-native-mango-dataset-from-bd/MangoClassify-12/Amrapali/IMG_20250627_172540.jpg,Amrapali,/kaggle/working/small/Amrapali/00387.jpg,0,83,val
/kaggle/input/datasets/researchersajid/mangoclassify-12-native-mango-dataset-from-bd/MangoClassify-12/Amrapali/IMG_20250627_172542.jpg,Amrapali,/kaggle/working/small/Amrapali/00388.jpg,0,37,train
/kaggle/input/datasets/researchersajid/mangoclassify-12-native-mango-dataset-from-bd/MangoClassify-12/Amrapali/IMG_20250627_172545.jpg,Amrapali,/kaggle/working/small/Amrapali/00389.jpg,0,9,train
/kaggle/input/datasets/researchersajid/mangoclassify-12-native-mango-dataset-from-bd/MangoClassify-12/Amrapali/IMG_20250627_172557.jpg,Amrapali,/kaggle/working/small/Amrapali/00390.jpg,0,106,train
/kaggle/input/datasets/researchersajid/mangoclassify-12-native-mango-dataset-from-bd/MangoClassify-12/Amrapali/IMG_20250627_172602.jpg,Amrapali,/kaggle/working/small/Amrapali/00391.jpg,0,14,val
/kaggle/input/datasets/researchersajid/mangoclassify-12-native-mango-dataset-from-bd/MangoClassify-12/Amrapali/IMG_20250627_172625.jpg,Amrapali,/kaggle/working/small/Amrapali/00392.jpg,0,41,test
/kaggle/input/datasets/researchersajid/mangoclassify-12-native-mango-dataset-from-bd/MangoClassify-12/Amrapali/IMG_20250627_172628.jpg,Amrapali,/kaggle/working/small/Amrapali/00393.jpg,0,179,val
/kaggle/input/datasets/researchersajid/mangoclassify-12-native-mango-dataset-from-bd/MangoClassify-12/Amrapali/IMG_20250627_172633.jpg,Amrapali,/kaggle/working/small/Amrapali/00394.jpg,0,45,val
/kaggle/input/datasets/researchersajid/mangoclassify-12-native-mango-dataset-from-bd/MangoClassify-12/Amrapali/IMG_20250627_172638.jpg,Amrapali,/kaggle/working/small/Amrapali/00395.jpg,0,63,train
/kaggle/input/datasets/researchersajid/mangoclassify-12-native-mango-dataset-from-bd/MangoClassify-12/Amrapali/IMG_20250627_172645.jpg,Amrapali,/kaggle/working/small/Amrapali/00396.jpg,0,73,train
/kaggle/input/datasets/researchersajid/mangoclassify-12-native-mango-dataset-from-bd/MangoClassify-12/Amrapali/IMG_20250627_172647.jpg,Amrapali,/kaggle/working/small/Amrapali/00397.jpg,0,58,test
/kaggle/input/datasets/researchersajid/mangoclassify-12-native-mango-dataset-from-bd/MangoClassify-12/Amrapali/IMG_20250627_172649.jpg,Amrapali,/kaggle/working/small/Amrapali/00398.jpg,0,181,test
/kaggle/input/datasets/researchersajid/mangoclassify-12-native-mango-dataset-from-bd/MangoClassify-12/Amrapali/IMG_20250627_172655.jpg,Amrapali,/kaggle/working/small/Amrapali/00399.jpg,0,82,train
/kaggle/input/datasets/researchersajid/mangoclassify-12-native-mango-dataset-from-bd/MangoClassify-12/Amrapali/IMG_20250627_172713.jpg,Amrapali,/kaggle/working/small/Amrapali/00400.jpg,0,9,train
/kaggle/input/datasets/researchersajid/mangoclassify-12-native-mango-dataset-from-bd/MangoClassify-12/Amrapali/IMG_20250627_172715.jpg,Amrapali,/kaggle/working/small/Amrapali/00401.jpg,0,57,test
/kaggle/input/datasets/researchersajid/mangoclassify-12-native-mango-dataset-from-bd/MangoClassify-12/Amrapali/IMG_20250627_172721.jpg,Amrapali,/kaggle/working/small/Amrapali/00402.jpg,0,5,test
/kaggle/input/datasets/researchersajid/mangoclassify-12-native-mango-dataset-from-bd/MangoClassify-12/Amrapali/IMG_20250627_172726.jpg,Amrapali,/kaggle/working/small/Amrapali/00403.jpg,0,5,test
/kaggle/input/datasets/researchersajid/mangoclassify-12-native-mango-dataset-from-bd/MangoClassify-12/Amrapali/IMG_20250627_172741.jpg,Amrapali,/kaggle/working/small/Amrapali/00404.jpg,0,19,val
/kaggle/input/datasets/researchersajid/mangoclassify-12-native-mango-dataset-from-bd/MangoClassify-12/Amrapali/IMG_20250627_172742.jpg,Amrapali,/kaggle/working/small/Amrapali/00405.jpg,0,161,train
/kaggle/input/datasets/researchersajid/mangoclassify-12-native-mango-dataset-from-bd/MangoClassify-12/Amrapali/IMG_20250627_172746.jpg,Amrapali,/kaggle/working/small/Amrapali/00406.jpg,0,34,val
/kaggle/input/datasets/researchersajid/mangoclassify-12-native-mango-dataset-from-bd/MangoClassify-12/Amrapali/IMG_20250627_172751.jpg,Amrapali,/kaggle/working/small/Amrapali/00407.jpg,0,36,train
/kaggle/input/datasets/researchersajid/mangoclassify-12-native-mango-dataset-from-bd/MangoClassify-12/Amrapali/IMG_20250627_172804.jpg,Amrapali,/kaggle/working/small/Amrapali/00408.jpg,0,59,train
/kaggle/input/datasets/researchersajid/mangoclassify-12-native-mango-dataset-from-bd/MangoClassify-12/Amrapali/IMG_20250627_172808.jpg,Amrapali,/kaggle/working/small/Amrapali/00409.jpg,0,21,test
/kaggle/input/datasets/researchersajid/mangoclassify-12-native-mango-dataset-from-bd/MangoClassify-12/Amrapali/IMG_20250627_172813.jpg,Amrapali,/kaggle/working/small/Amrapali/00410.jpg,0,53,train
/kaggle/input/datasets/researchersajid/mangoclassify-12-native-mango-dataset-from-bd/MangoClassify-12/Amrapali/IMG_20250627_172817.jpg,Amrapali,/kaggle/working/small/Amrapali/00411.jpg,0,53,train
/kaggle/input/datasets/researchersajid/mangoclassify-12-native-mango-dataset-from-bd/MangoClassify-12/Amrapali/IMG_20250627_172820.jpg,Amrapali,/kaggle/working/small/Amrapali/00412.jpg,0,96,train
/kaggle/input/datasets/researchersajid/mangoclassify-12-native-mango-dataset-from-bd/MangoClassify-12/Amrapali/IMG_20250627_172822.jpg,Amrapali,/kaggle/working/small/Amrapali/00413.jpg,0,124,train
/kaggle/input/datasets/researchersajid/mangoclassify-12-native-mango-dataset-from-bd/MangoClassify-12/Amrapali/IMG_20250627_172837.jpg,Amrapali,/kaggle/working/small/Amrapali/00414.jpg,0,15,train
/kaggle/input/datasets/researchersajid/mangoclassify-12-native-mango-dataset-from-bd/MangoClassify-12/Amrapali/IMG_20250627_172838.jpg,Amrapali,/kaggle/working/small/Amrapali/00415.jpg,0,44,train
/kaggle/input/datasets/researchersajid/mangoclassify-12-native-mango-dataset-from-bd/MangoClassify-12/Amrapali/IMG_20250627_172846.jpg,Amrapali,/kaggle/working/small/Amrapali/00416.jpg,0,168,train
/kaggle/input/datasets/researchersajid/mangoclassify-12-native-mango-dataset-from-bd/MangoClassify-12/Amrapali/IMG_20250627_172849.jpg,Amrapali,/kaggle/working/small/Amrapali/00417.jpg,0,73,train
/kaggle/input/datasets/researchersajid/mangoclassify-12-native-mango-dataset-from-bd/MangoClassify-12/Amrapali/IMG_20250627_172850.jpg,Amrapali,/kaggle/working/small/Amrapali/00418.jpg,0,1,train
/kaggle/input/datasets/researchersajid/mangoclassify-12-native-mango-dataset-from-bd/MangoClassify-12/Amrapali/IMG_20250627_172857.jpg,Amrapali,/kaggle/working/small/Amrapali/00419.jpg,0,168,train
/kaggle/input/datasets/researchersajid/mangoclassify-12-native-mango-dataset-from-bd/MangoClassify-12/Amrapali/IMG_20250627_172941.jpg,Amrapali,/kaggle/working/small/Amrapali/00420.jpg,0,70,train
/kaggle/input/datasets/researchersajid/mangoclassify-12-native-mango-dataset-from-bd/MangoClassify-12/Amrapali/IMG_20250627_172945.jpg,Amrapali,/kaggle/working/small/Amrapali/00421.jpg,0,57,test
/kaggle/input/datasets/researchersajid/mangoclassify-12-native-mango-dataset-from-bd/MangoClassify-12/Amrapali/IMG_20250627_172947.jpg,Amrapali,/kaggle/working/small/Amrapali/00422.jpg,0,70,train
/kaggle/input/datasets/researchersajid/mangoclassify-12-native-mango-dataset-from-bd/MangoClassify-12/Amrapali/IMG_20250627_172952.jpg,Amrapali,/kaggle/working/small/Amrapali/00423.jpg,0,13,train
/kaggle/input/datasets/researchersajid/mangoclassify-12-native-mango-dataset-from-bd/MangoClassify-12/Amrapali/IMG_20250627_172956.jpg,Amrapali,/kaggle/working/small/Amrapali/00424.jpg,0,57,test
/kaggle/input/datasets/researchersajid/mangoclassify-12-native-mango-dataset-from-bd/MangoClassify-12/Amrapali/IMG_20250627_172958.jpg,Amrapali,/kaggle/working/small/Amrapali/00425.jpg,0,104,train
/kaggle/input/datasets/researchersajid/mangoclassify-12-native-mango-dataset-from-bd/MangoClassify-12/Amrapali/IMG_20250627_173004.jpg,Amrapali,/kaggle/working/small/Amrapali/00426.jpg,0,114,test
/kaggle/input/datasets/researchersajid/mangoclassify-12-native-mango-dataset-from-bd/MangoClassify-12/Amrapali/IMG_20250627_173005.jpg,Amrapali,/kaggle/working/small/Amrapali/00427.jpg,0,30,val
/kaggle/input/datasets/researchersajid/mangoclassify-12-native-mango-dataset-from-bd/MangoClassify-12/Amrapali/IMG_20250627_173011.jpg,Amrapali,/kaggle/working/small/Amrapali/00428.jpg,0,9,train
/kaggle/input/datasets/researchersajid/mangoclassify-12-native-mango-dataset-from-bd/MangoClassify-12/Amrapali/IMG_20250627_173015.jpg,Amrapali,/kaggle/working/small/Amrapali/00429.jpg,0,148,train
/kaggle/input/datasets/researchersajid/mangoclassify-12-native-mango-dataset-from-bd/MangoClassify-12/Amrapali/IMG_20250627_173019.jpg,Amrapali,/kaggle/working/small/Amrapali/00430.jpg,0,1,train
/kaggle/input/datasets/researchersajid/mangoclassify-12-native-mango-dataset-from-bd/MangoClassify-12/Amrapali/IMG_20250627_173028.jpg,Amrapali,/kaggle/working/small/Amrapali/00431.jpg,0,153,train
/kaggle/input/datasets/researchersajid/mangoclassify-12-native-mango-dataset-from-bd/MangoClassify-12/Amrapali/IMG_20250627_173041.jpg,Amrapali,/kaggle/working/small/Amrapali/00432.jpg,0,62,val
/kaggle/input/datasets/researchersajid/mangoclassify-12-native-mango-dataset-from-bd/MangoClassify-12/Amrapali/IMG_20250627_173048.jpg,Amrapali,/kaggle/working/small/Amrapali/00433.jpg,0,39,train
/kaggle/input/datasets/researchersajid/mangoclassify-12-native-mango-dataset-from-bd/MangoClassify-12/Amrapali/IMG_20250627_173053.jpg,Amrapali,/kaggle/working/small/Amrapali/00434.jpg,0,80,train
/kaggle/input/datasets/researchersajid/mangoclassify-12-native-mango-dataset-from-bd/MangoClassify-12/Amrapali/IMG_20250627_173058.jpg,Amrapali,/kaggle/working/small/Amrapali/00435.jpg,0,6,test
/kaggle/input/datasets/researchersajid/mangoclassify-12-native-mango-dataset-from-bd/MangoClassify-12/Amrapali/IMG_20250627_173106.jpg,Amrapali,/kaggle/working/small/Amrapali/00436.jpg,0,50,train
/kaggle/input/datasets/researchersajid/mangoclassify-12-native-mango-dataset-from-bd/MangoClassify-12/Amrapali/IMG_20250627_173112.jpg,Amrapali,/kaggle/working/small/Amrapali/00437.jpg,0,34,val
/kaggle/input/datasets/researchersajid/mangoclassify-12-native-mango-dataset-from-bd/MangoClassify-12/Amrapali/IMG_20250627_173117.jpg,Amrapali,/kaggle/working/small/Amrapali/00438.jpg,0,67,train
/kaggle/input/datasets/researchersajid/mangoclassify-12-native-mango-dataset-from-bd/MangoClassify-12/Amrapali/IMG_20250627_173120.jpg,Amrapali,/kaggle/working/small/Amrapali/00439.jpg,0,79,train
/kaggle/input/datasets/researchersajid/mangoclassify-12-native-mango-dataset-from-bd/MangoClassify-12/Amrapali/IMG_20250627_173126.jpg,Amrapali,/kaggle/working/small/Amrapali/00440.jpg,0,57,test
/kaggle/input/datasets/researchersajid/mangoclassify-12-native-mango-dataset-from-bd/MangoClassify-12/Amrapali/IMG_20250627_173143.jpg,Amrapali,/kaggle/working/small/Amrapali/00441.jpg,0,5,test
/kaggle/input/datasets/researchersajid/mangoclassify-12-native-mango-dataset-from-bd/MangoClassify-12/Amrapali/IMG_20250627_173147.jpg,Amrapali,/kaggle/working/small/Amrapali/00442.jpg,0,146,train
/kaggle/input/datasets/researchersajid/mangoclassify-12-native-mango-dataset-from-bd/MangoClassify-12/Amrapali/IMG_20250627_173153.jpg,Amrapali,/kaggle/working/small/Amrapali/00443.jpg,0,136,train
/kaggle/input/datasets/researchersajid/mangoclassify-12-native-mango-dataset-from-bd/MangoClassify-12/Amrapali/IMG_20250627_173200.jpg,Amrapali,/kaggle/working/small/Amrapali/00444.jpg,0,130,train
/kaggle/input/datasets/researchersajid/mangoclassify-12-native-mango-dataset-from-bd/MangoClassify-12/Amrapali/IMG_20250627_173208.jpg,Amrapali,/kaggle/working/small/Amrapali/00445.jpg,0,34,val
/kaggle/input/datasets/researchersajid/mangoclassify-12-native-mango-dataset-from-bd/MangoClassify-12/Amrapali/IMG_20250627_173214.jpg,Amrapali,/kaggle/working/small/Amrapali/00446.jpg,0,159,train
/kaggle/input/datasets/researchersajid/mangoclassify-12-native-mango-dataset-from-bd/MangoClassify-12/Amrapali/IMG_20250627_173222.jpg,Amrapali,/kaggle/working/small/Amrapali/00447.jpg,0,3,train
/kaggle/input/datasets/researchersajid/mangoclassify-12-native-mango-dataset-from-bd/MangoClassify-12/Amrapali/IMG_20250627_173227.jpg,Amrapali,/kaggle/working/small/Amrapali/00448.jpg,0,75,test
/kaggle/input/datasets/researchersajid/mangoclassify-12-native-mango-dataset-from-bd/MangoClassify-12/Amrapali/IMG_20250627_173241.jpg,Amrapali,/kaggle/working/small/Amrapali/00449.jpg,0,82,train
/kaggle/input/datasets/researchersajid/mangoclassify-12-native-mango-dataset-from-bd/MangoClassify-12/Amrapali/IMG_20250627_173249.jpg,Amrapali,/kaggle/working/small/Amrapali/00450.jpg,0,1,train
/kaggle/input/datasets/researchersajid/mangoclassify-12-native-mango-dataset-from-bd/MangoClassify-12/Amrapali/IMG_20250627_173252.jpg,Amrapali,/kaggle/working/small/Amrapali/00451.jpg,0,1,train
/kaggle/input/datasets/researchersajid/mangoclassify-12-native-mango-dataset-from-bd/MangoClassify-12/Amrapali/IMG_20250627_173257.jpg,Amrapali,/kaggle/working/small/Amrapali/00452.jpg,0,104,train
/kaggle/input/datasets/researchersajid/mangoclassify-12-native-mango-dataset-from-bd/MangoClassify-12/Amrapali/IMG_20250627_173301.jpg,Amrapali,/kaggle/working/small/Amrapali/00453.jpg,0,1,train
/kaggle/input/datasets/researchersajid/mangoclassify-12-native-mango-dataset-from-bd/MangoClassify-12/Amrapali/IMG_20250627_173312.jpg,Amrapali,/kaggle/working/small/Amrapali/00454.jpg,0,150,train
/kaggle/input/datasets/researchersajid/mangoclassify-12-native-mango-dataset-from-bd/MangoClassify-12/Amrapali/IMG_20250627_173316.jpg,Amrapali,/kaggle/working/small/Amrapali/00455.jpg,0,57,test
/kaggle/input/datasets/researchersajid/mangoclassify-12-native-mango-dataset-from-bd/MangoClassify-12/Amrapali/IMG_20250627_173324.jpg,Amrapali,/kaggle/working/small/Amrapali/00456.jpg,0,30,val
/kaggle/input/datasets/researchersajid/mangoclassify-12-native-mango-dataset-from-bd/MangoClassify-12/Amrapali/IMG_20250627_173332.jpg,Amrapali,/kaggle/working/small/Amrapali/00457.jpg,0,89,train
/kaggle/input/datasets/researchersajid/mangoclassify-12-native-mango-dataset-from-bd/MangoClassify-12/Amrapali/IMG_20250627_173341.jpg,Amrapali,/kaggle/working/small/Amrapali/00458.jpg,0,30,val
/kaggle/input/datasets/researchersajid/mangoclassify-12-native-mango-dataset-from-bd/MangoClassify-12/Amrapali/IMG_20250627_173403.jpg,Amrapali,/kaggle/working/small/Amrapali/00459.jpg,0,30,val
/kaggle/input/datasets/researchersajid/mangoclassify-12-native-mango-dataset-from-bd/MangoClassify-12/Amrapali/IMG_20250627_173412.jpg,Amrapali,/kaggle/working/small/Amrapali/00460.jpg,0,30,val
/kaggle/input/datasets/researchersajid/mangoclassify-12-native-mango-dataset-from-bd/MangoClassify-12/Amrapali/IMG_20250627_173418.jpg,Amrapali,/kaggle/working/small/Amrapali/00461.jpg,0,142,train
/kaggle/input/datasets/researchersajid/mangoclassify-12-native-mango-dataset-from-bd/MangoClassify-12/Amrapali/IMG_20250627_173430.jpg,Amrapali,/kaggle/working/small/Amrapali/00462.jpg,0,30,val
/kaggle/input/datasets/researchersajid/mangoclassify-12-native-mango-dataset-from-bd/MangoClassify-12/Amrapali/IMG_20250627_173529.jpg,Amrapali,/kaggle/working/small/Amrapali/00463.jpg,0,26,train
/kaggle/input/datasets/researchersajid/mangoclassify-12-native-mango-dataset-from-bd/MangoClassify-12/Amrapali/IMG_20250627_173544.jpg,Amrapali,/kaggle/working/small/Amrapali/00464.jpg,0,108,val
/kaggle/input/datasets/researchersajid/mangoclassify-12-native-mango-dataset-from-bd/MangoClassify-12/Amrapali/IMG_20250627_173555.jpg,Amrapali,/kaggle/working/small/Amrapali/00465.jpg,0,129,train
/kaggle/input/datasets/researchersajid/mangoclassify-12-native-mango-dataset-from-bd/MangoClassify-12/Amrapali/IMG_20250627_173609.jpg,Amrapali,/kaggle/working/small/Amrapali/00466.jpg,0,131,train
/kaggle/input/datasets/researchersajid/mangoclassify-12-native-mango-dataset-from-bd/MangoClassify-12/Amrapali/IMG_20250627_173629.jpg,Amrapali,/kaggle/working/small/Amrapali/00467.jpg,0,58,test
/kaggle/input/datasets/researchersajid/mangoclassify-12-native-mango-dataset-from-bd/MangoClassify-12/Amrapali/IMG_20250627_173642.jpg,Amrapali,/kaggle/working/small/Amrapali/00468.jpg,0,6,test
/kaggle/input/datasets/researchersajid/mangoclassify-12-native-mango-dataset-from-bd/MangoClassify-12/Amrapali/IMG_20250627_173649.jpg,Amrapali,/kaggle/working/small/Amrapali/00469.jpg,0,58,test
/kaggle/input/datasets/researchersajid/mangoclassify-12-native-mango-dataset-from-bd/MangoClassify-12/Amrapali/IMG_20250627_173656.jpg,Amrapali,/kaggle/working/small/Amrapali/00470.jpg,0,82,train
/kaggle/input/datasets/researchersajid/mangoclassify-12-native-mango-dataset-from-bd/MangoClassify-12/Amrapali/IMG_20250627_173701.jpg,Amrapali,/kaggle/working/small/Amrapali/00471.jpg,0,37,train
/kaggle/input/datasets/researchersajid/mangoclassify-12-native-mango-dataset-from-bd/MangoClassify-12/Amrapali/IMG_20250627_173706.jpg,Amrapali,/kaggle/working/small/Amrapali/00472.jpg,0,82,train
/kaggle/input/datasets/researchersajid/mangoclassify-12-native-mango-dataset-from-bd/MangoClassify-12/Amrapali/IMG_20250627_173713.jpg,Amrapali,/kaggle/working/small/Amrapali/00473.jpg,0,82,train
/kaggle/input/datasets/researchersajid/mangoclassify-12-native-mango-dataset-from-bd/MangoClassify-12/Amrapali/IMG_20250627_173719.jpg,Amrapali,/kaggle/working/small/Amrapali/00474.jpg,0,1,train
/kaggle/input/datasets/researchersajid/mangoclassify-12-native-mango-dataset-from-bd/MangoClassify-12/Amrapali/IMG_20250627_173729.jpg,Amrapali,/kaggle/working/small/Amrapali/00475.jpg,0,147,train
/kaggle/input/datasets/researchersajid/mangoclassify-12-native-mango-dataset-from-bd/MangoClassify-12/Amrapali/IMG_20250627_173733.jpg,Amrapali,/kaggle/working/small/Amrapali/00476.jpg,0,14,val
/kaggle/input/datasets/researchersajid/mangoclassify-12-native-mango-dataset-from-bd/MangoClassify-12/Amrapali/IMG_20250627_173734.jpg,Amrapali,/kaggle/working/small/Amrapali/00477.jpg,0,112,test
/kaggle/input/datasets/researchersajid/mangoclassify-12-native-mango-dataset-from-bd/MangoClassify-12/Amrapali/IMG_20250627_173738.jpg,Amrapali,/kaggle/working/small/Amrapali/00478.jpg,0,128,val
/kaggle/input/datasets/researchersajid/mangoclassify-12-native-mango-dataset-from-bd/MangoClassify-12/Amrapali/IMG_20250627_173743.jpg,Amrapali,/kaggle/working/small/Amrapali/00479.jpg,0,22,train
/kaggle/input/datasets/researchersajid/mangoclassify-12-native-mango-dataset-from-bd/MangoClassify-12/Amrapali/IMG_20250627_173746.jpg,Amrapali,/kaggle/working/small/Amrapali/00480.jpg,0,57,test
/kaggle/input/datasets/researchersajid/mangoclassify-12-native-mango-dataset-from-bd/MangoClassify-12/Amrapali/IMG_20250627_173747.jpg,Amrapali,/kaggle/working/small/Amrapali/00481.jpg,0,17,train
/kaggle/input/datasets/researchersajid/mangoclassify-12-native-mango-dataset-from-bd/MangoClassify-12/Amrapali/IMG_20250627_173756.jpg,Amrapali,/kaggle/working/small/Amrapali/00482.jpg,0,182,test
/kaggle/input/datasets/researchersajid/mangoclassify-12-native-mango-dataset-from-bd/MangoClassify-12/Amrapali/IMG_20250627_173758.jpg,Amrapali,/kaggle/working/small/Amrapali/00483.jpg,0,30,val
/kaggle/input/datasets/researchersajid/mangoclassify-12-native-mango-dataset-from-bd/MangoClassify-12/Amrapali/IMG_20250627_173802.jpg,Amrapali,/kaggle/working/small/Amrapali/00484.jpg,0,83,val
/kaggle/input/datasets/researchersajid/mangoclassify-12-native-mango-dataset-from-bd/MangoClassify-12/Amrapali/IMG_20250627_173806.jpg,Amrapali,/kaggle/working/small/Amrapali/00485.jpg,0,9,train
/kaggle/input/datasets/researchersajid/mangoclassify-12-native-mango-dataset-from-bd/MangoClassify-12/Amrapali/IMG_20250627_173812.jpg,Amrapali,/kaggle/working/small/Amrapali/00486.jpg,0,8,train
/kaggle/input/datasets/researchersajid/mangoclassify-12-native-mango-dataset-from-bd/MangoClassify-12/Amrapali/IMG_20250627_173821.jpg,Amrapali,/kaggle/working/small/Amrapali/00487.jpg,0,19,val
/kaggle/input/datasets/researchersajid/mangoclassify-12-native-mango-dataset-from-bd/MangoClassify-12/Amrapali/IMG_20250627_173822.jpg,Amrapali,/kaggle/working/small/Amrapali/00488.jpg,0,74,train
/kaggle/input/datasets/researchersajid/mangoclassify-12-native-mango-dataset-from-bd/MangoClassify-12/Amrapali/IMG_20250627_173830.jpg,Amrapali,/kaggle/working/small/Amrapali/00489.jpg,0,30,val
/kaggle/input/datasets/researchersajid/mangoclassify-12-native-mango-dataset-from-bd/MangoClassify-12/Amrapali/IMG_20250627_173831.jpg,Amrapali,/kaggle/working/small/Amrapali/00490.jpg,0,8,train
/kaggle/input/datasets/researchersajid/mangoclassify-12-native-mango-dataset-from-bd/MangoClassify-12/Amrapali/IMG_20250627_173835.jpg,Amrapali,/kaggle/working/small/Amrapali/00491.jpg,0,138,train
/kaggle/input/datasets/researchersajid/mangoclassify-12-native-mango-dataset-from-bd/MangoClassify-12/Amrapali/IMG_20250627_173837.jpg,Amrapali,/kaggle/working/small/Amrapali/00492.jpg,0,19,val
/kaggle/input/datasets/researchersajid/mangoclassify-12-native-mango-dataset-from-bd/MangoClassify-12/Amrapali/IMG_20250627_173841.jpg,Amrapali,/kaggle/working/small/Amrapali/00493.jpg,0,12,val
/kaggle/input/datasets/researchersajid/mangoclassify-12-native-mango-dataset-from-bd/MangoClassify-12/Amrapali/IMG_20250627_173846.jpg,Amrapali,/kaggle/working/small/Amrapali/00494.jpg,0,47,train
/kaggle/input/datasets/researchersajid/mangoclassify-12-native-mango-dataset-from-bd/MangoClassify-12/Amrapali/IMG_20250627_173848.jpg,Amrapali,/kaggle/working/small/Amrapali/00495.jpg,0,2,train
/kaggle/input/datasets/researchersajid/mangoclassify-12-native-mango-dataset-from-bd/MangoClassify-12/Amrapali/IMG_20250627_173854.jpg,Amrapali,/kaggle/working/small/Amrapali/00496.jpg,0,62,val
/kaggle/input/datasets/researchersajid/mangoclassify-12-native-mango-dataset-from-bd/MangoClassify-12/Amrapali/IMG_20250627_173859.jpg,Amrapali,/kaggle/working/small/Amrapali/00497.jpg,0,78,train
/kaggle/input/datasets/researchersajid/mangoclassify-12-native-mango-dataset-from-bd/MangoClassify-12/Amrapali/IMG_20250627_173901.jpg,Amrapali,/kaggle/working/small/Amrapali/00498.jpg,0,37,train
/kaggle/input/datasets/researchersajid/mangoclassify-12-native-mango-dataset-from-bd/MangoClassify-12/Amrapali/IMG_20250627_173906.jpg,Amrapali,/kaggle/working/small/Amrapali/00499.jpg,0,4,train
/kaggle/input/datasets/researchersajid/mangoclassify-12-native-mango-dataset-from-bd/MangoClassify-12/Amrapali/IMG_20250627_173907.jpg,Amrapali,/kaggle/working/small/Amrapali/00500.jpg,0,72,train
/kaggle/input/datasets/researchersajid/mangoclassify-12-native-mango-dataset-from-bd/MangoClassify-12/Amrapali/IMG_20250627_173912.jpg,Amrapali,/kaggle/working/small/Amrapali/00501.jpg,0,177,train
/kaggle/input/datasets/researchersajid/mangoclassify-12-native-mango-dataset-from-bd/MangoClassify-12/Amrapali/IMG_20250627_173924.jpg,Amrapali,/kaggle/working/small/Amrapali/00502.jpg,0,78,train
/kaggle/input/datasets/researchersajid/mangoclassify-12-native-mango-dataset-from-bd/MangoClassify-12/Amrapali/IMG_20250627_173935.jpg,Amrapali,/kaggle/working/small/Amrapali/00503.jpg,0,19,val
/kaggle/input/datasets/researchersajid/mangoclassify-12-native-mango-dataset-from-bd/MangoClassify-12/Amrapali/IMG_20250627_173949.jpg,Amrapali,/kaggle/working/small/Amrapali/00504.jpg,0,105,train
/kaggle/input/datasets/researchersajid/mangoclassify-12-native-mango-dataset-from-bd/MangoClassify-12/Amrapali/IMG_20250627_173952.jpg,Amrapali,/kaggle/working/small/Amrapali/00505.jpg,0,161,train
/kaggle/input/datasets/researchersajid/mangoclassify-12-native-mango-dataset-from-bd/MangoClassify-12/Amrapali/IMG_20250627_173958.jpg,Amrapali,/kaggle/working/small/Amrapali/00506.jpg,0,98,train
/kaggle/input/datasets/researchersajid/mangoclassify-12-native-mango-dataset-from-bd/MangoClassify-12/Amrapali/IMG_20250627_173959.jpg,Amrapali,/kaggle/working/small/Amrapali/00507.jpg,0,116,train
/kaggle/input/datasets/researchersajid/mangoclassify-12-native-mango-dataset-from-bd/MangoClassify-12/Amrapali/IMG_20250627_174005.jpg,Amrapali,/kaggle/working/small/Amrapali/00508.jpg,0,3,train
/kaggle/input/datasets/researchersajid/mangoclassify-12-native-mango-dataset-from-bd/MangoClassify-12/Amrapali/IMG_20250627_174012.jpg,Amrapali,/kaggle/working/small/Amrapali/00509.jpg,0,85,train
/kaggle/input/datasets/researchersajid/mangoclassify-12-native-mango-dataset-from-bd/MangoClassify-12/Amrapali/IMG_20250627_174017.jpg,Amrapali,/kaggle/working/small/Amrapali/00510.jpg,0,36,train
/kaggle/input/datasets/researchersajid/mangoclassify-12-native-mango-dataset-from-bd/MangoClassify-12/Amrapali/IMG_20250627_174020.jpg,Amrapali,/kaggle/working/small/Amrapali/00511.jpg,0,85,train
/kaggle/input/datasets/researchersajid/mangoclassify-12-native-mango-dataset-from-bd/MangoClassify-12/Amrapali/IMG_20250627_174027.jpg,Amrapali,/kaggle/working/small/Amrapali/00512.jpg,0,157,train
/kaggle/input/datasets/researchersajid/mangoclassify-12-native-mango-dataset-from-bd/MangoClassify-12/Amrapali/IMG_20250627_174035.jpg,Amrapali,/kaggle/working/small/Amrapali/00513.jpg,0,128,val
/kaggle/input/datasets/researchersajid/mangoclassify-12-native-mango-dataset-from-bd/MangoClassify-12/Amrapali/IMG_20250627_174043.jpg,Amrapali,/kaggle/working/small/Amrapali/00514.jpg,0,43,train
/kaggle/input/datasets/researchersajid/mangoclassify-12-native-mango-dataset-from-bd/MangoClassify-12/Amrapali/IMG_20250627_174044.jpg,Amrapali,/kaggle/working/small/Amrapali/00515.jpg,0,4,train
/kaggle/input/datasets/researchersajid/mangoclassify-12-native-mango-dataset-from-bd/MangoClassify-12/Amrapali/IMG_20250627_174049.jpg,Amrapali,/kaggle/working/small/Amrapali/00516.jpg,0,46,train
/kaggle/input/datasets/researchersajid/mangoclassify-12-native-mango-dataset-from-bd/MangoClassify-12/Amrapali/IMG_20250627_174053.jpg,Amrapali,/kaggle/working/small/Amrapali/00517.jpg,0,65,val
/kaggle/input/datasets/researchersajid/mangoclassify-12-native-mango-dataset-from-bd/MangoClassify-12/Amrapali/IMG_20250627_174100.jpg,Amrapali,/kaggle/working/small/Amrapali/00518.jpg,0,104,train
/kaggle/input/datasets/researchersajid/mangoclassify-12-native-mango-dataset-from-bd/MangoClassify-12/Amrapali/IMG_20250627_174102.jpg,Amrapali,/kaggle/working/small/Amrapali/00519.jpg,0,43,train
/kaggle/input/datasets/researchersajid/mangoclassify-12-native-mango-dataset-from-bd/MangoClassify-12/Amrapali/IMG_20250627_174105.jpg,Amrapali,/kaggle/working/small/Amrapali/00520.jpg,0,18,val
/kaggle/input/datasets/researchersajid/mangoclassify-12-native-mango-dataset-from-bd/MangoClassify-12/Amrapali/IMG_20250627_174111.jpg,Amrapali,/kaggle/working/small/Amrapali/00521.jpg,0,173,train
/kaggle/input/datasets/researchersajid/mangoclassify-12-native-mango-dataset-from-bd/MangoClassify-12/Amrapali/IMG_20250627_174113.jpg,Amrapali,/kaggle/working/small/Amrapali/00522.jpg,0,4,train
/kaggle/input/datasets/researchersajid/mangoclassify-12-native-mango-dataset-from-bd/MangoClassify-12/Amrapali/IMG_20250627_174128.jpg,Amrapali,/kaggle/working/small/Amrapali/00523.jpg,0,162,train
/kaggle/input/datasets/researchersajid/mangoclassify-12-native-mango-dataset-from-bd/MangoClassify-12/Amrapali/IMG_20250627_174137.jpg,Amrapali,/kaggle/working/small/Amrapali/00524.jpg,0,162,train
/kaggle/input/datasets/researchersajid/mangoclassify-12-native-mango-dataset-from-bd/MangoClassify-12/Amrapali/IMG_20250627_174148.jpg,Amrapali,/kaggle/working/small/Amrapali/00525.jpg,0,112,test
/kaggle/input/datasets/researchersajid/mangoclassify-12-native-mango-dataset-from-bd/MangoClassify-12/Amrapali/IMG_20250627_174153.jpg,Amrapali,/kaggle/working/small/Amrapali/00526.jpg,0,49,train
/kaggle/input/datasets/researchersajid/mangoclassify-12-native-mango-dataset-from-bd/MangoClassify-12/Amrapali/IMG_20250627_174154.jpg,Amrapali,/kaggle/working/small/Amrapali/00527.jpg,0,166,train
/kaggle/input/datasets/researchersajid/mangoclassify-12-native-mango-dataset-from-bd/MangoClassify-12/Amrapali/IMG_20250627_174158.jpg,Amrapali,/kaggle/working/small/Amrapali/00528.jpg,0,65,val
/kaggle/input/datasets/researchersajid/mangoclassify-12-native-mango-dataset-from-bd/MangoClassify-12/Amrapali/IMG_20250627_174202.jpg,Amrapali,/kaggle/working/small/Amrapali/00529.jpg,0,32,train
/kaggle/input/datasets/researchersajid/mangoclassify-12-native-mango-dataset-from-bd/MangoClassify-12/Amrapali/IMG_20250627_174204.jpg,Amrapali,/kaggle/working/small/Amrapali/00530.jpg,0,30,val
/kaggle/input/datasets/researchersajid/mangoclassify-12-native-mango-dataset-from-bd/MangoClassify-12/Amrapali/IMG_20250627_174211.jpg,Amrapali,/kaggle/working/small/Amrapali/00531.jpg,0,86,train
/kaggle/input/datasets/researchersajid/mangoclassify-12-native-mango-dataset-from-bd/MangoClassify-12/Amrapali/IMG_20250627_174212.jpg,Amrapali,/kaggle/working/small/Amrapali/00532.jpg,0,170,val
/kaggle/input/datasets/researchersajid/mangoclassify-12-native-mango-dataset-from-bd/MangoClassify-12/Amrapali/IMG_20250627_174216.jpg,Amrapali,/kaggle/working/small/Amrapali/00533.jpg,0,118,train
/kaggle/input/datasets/researchersajid/mangoclassify-12-native-mango-dataset-from-bd/MangoClassify-12/Amrapali/IMG_20250627_174221.jpg,Amrapali,/kaggle/working/small/Amrapali/00534.jpg,0,142,train
/kaggle/input/datasets/researchersajid/mangoclassify-12-native-mango-dataset-from-bd/MangoClassify-12/Amrapali/IMG_20250627_174226.jpg,Amrapali,/kaggle/working/small/Amrapali/00535.jpg,0,31,train
/kaggle/input/datasets/researchersajid/mangoclassify-12-native-mango-dataset-from-bd/MangoClassify-12/Amrapali/IMG_20250627_174228.jpg,Amrapali,/kaggle/working/small/Amrapali/00536.jpg,0,30,val
/kaggle/input/datasets/researchersajid/mangoclassify-12-native-mango-dataset-from-bd/MangoClassify-12/Amrapali/IMG_20250627_174230.jpg,Amrapali,/kaggle/working/small/Amrapali/00537.jpg,0,24,val
/kaggle/input/datasets/researchersajid/mangoclassify-12-native-mango-dataset-from-bd/MangoClassify-12/Amrapali/IMG_20250627_174234.jpg,Amrapali,/kaggle/working/small/Amrapali/00538.jpg,0,31,train
/kaggle/input/datasets/researchersajid/mangoclassify-12-native-mango-dataset-from-bd/MangoClassify-12/Amrapali/IMG_20250627_174244.jpg,Amrapali,/kaggle/working/small/Amrapali/00539.jpg,0,41,test
/kaggle/input/datasets/researchersajid/mangoclassify-12-native-mango-dataset-from-bd/MangoClassify-12/Amrapali/IMG_20250627_174248.jpg,Amrapali,/kaggle/working/small/Amrapali/00540.jpg,0,117,val
/kaggle/input/datasets/researchersajid/mangoclassify-12-native-mango-dataset-from-bd/MangoClassify-12/Amrapali/IMG_20250627_174251.jpg,Amrapali,/kaggle/working/small/Amrapali/00541.jpg,0,58,test
/kaggle/input/datasets/researchersajid/mangoclassify-12-native-mango-dataset-from-bd/MangoClassify-12/Amrapali/IMG_20250627_174255.jpg,Amrapali,/kaggle/working/small/Amrapali/00542.jpg,0,17,train
/kaggle/input/datasets/researchersajid/mangoclassify-12-native-mango-dataset-from-bd/MangoClassify-12/Amrapali/IMG_20250627_174259.jpg,Amrapali,/kaggle/working/small/Amrapali/00543.jpg,0,180,train
/kaggle/input/datasets/researchersajid/mangoclassify-12-native-mango-dataset-from-bd/MangoClassify-12/Amrapali/IMG_20250627_174301.jpg,Amrapali,/kaggle/working/small/Amrapali/00544.jpg,0,125,train
/kaggle/input/datasets/researchersajid/mangoclassify-12-native-mango-dataset-from-bd/MangoClassify-12/Amrapali/IMG_20250627_174309.jpg,Amrapali,/kaggle/working/small/Amrapali/00545.jpg,0,140,train
/kaggle/input/datasets/researchersajid/mangoclassify-12-native-mango-dataset-from-bd/MangoClassify-12/Amrapali/IMG_20250627_174311.jpg,Amrapali,/kaggle/working/small/Amrapali/00546.jpg,0,44,train
/kaggle/input/datasets/researchersajid/mangoclassify-12-native-mango-dataset-from-bd/MangoClassify-12/Amrapali/IMG_20250627_174315.jpg,Amrapali,/kaggle/working/small/Amrapali/00547.jpg,0,11,test
/kaggle/input/datasets/researchersajid/mangoclassify-12-native-mango-dataset-from-bd/MangoClassify-12/Amrapali/IMG_20250627_174319.jpg,Amrapali,/kaggle/working/small/Amrapali/00548.jpg,0,180,train
/kaggle/input/datasets/researchersajid/mangoclassify-12-native-mango-dataset-from-bd/MangoClassify-12/Amrapali/IMG_20250627_174321.jpg,Amrapali,/kaggle/working/small/Amrapali/00549.jpg,0,48,train
/kaggle/input/datasets/researchersajid/mangoclassify-12-native-mango-dataset-from-bd/MangoClassify-12/Amrapali/IMG_20250627_174325.jpg,Amrapali,/kaggle/working/small/Amrapali/00550.jpg,0,48,train
/kaggle/input/datasets/researchersajid/mangoclassify-12-native-mango-dataset-from-bd/MangoClassify-12/Amrapali/IMG_20250627_174533.jpg,Amrapali,/kaggle/working/small/Amrapali/00551.jpg,0,4,train
/kaggle/input/datasets/researchersajid/mangoclassify-12-native-mango-dataset-from-bd/MangoClassify-12/Amrapali/IMG_20250627_174538.jpg,Amrapali,/kaggle/working/small/Amrapali/00552.jpg,0,76,test
/kaggle/input/datasets/researchersajid/mangoclassify-12-native-mango-dataset-from-bd/MangoClassify-12/Amrapali/IMG_20250627_174542.jpg,Amrapali,/kaggle/working/small/Amrapali/00553.jpg,0,4,train
/kaggle/input/datasets/researchersajid/mangoclassify-12-native-mango-dataset-from-bd/MangoClassify-12/Amrapali/IMG_20250627_174546.jpg,Amrapali,/kaggle/working/small/Amrapali/00554.jpg,0,73,train
/kaggle/input/datasets/researchersajid/mangoclassify-12-native-mango-dataset-from-bd/MangoClassify-12/Amrapali/IMG_20250627_174549.jpg,Amrapali,/kaggle/working/small/Amrapali/00555.jpg,0,30,val
/kaggle/input/datasets/researchersajid/mangoclassify-12-native-mango-dataset-from-bd/MangoClassify-12/Amrapali/IMG_20250627_174550.jpg,Amrapali,/kaggle/working/small/Amrapali/00556.jpg,0,52,test
/kaggle/input/datasets/researchersajid/mangoclassify-12-native-mango-dataset-from-bd/MangoClassify-12/Amrapali/IMG_20250627_174556.jpg,Amrapali,/kaggle/working/small/Amrapali/00557.jpg,0,30,val
/kaggle/input/datasets/researchersajid/mangoclassify-12-native-mango-dataset-from-bd/MangoClassify-12/Amrapali/IMG_20250627_174558.jpg,Amrapali,/kaggle/working/small/Amrapali/00558.jpg,0,9,train
/kaggle/input/datasets/researchersajid/mangoclassify-12-native-mango-dataset-from-bd/MangoClassify-12/Amrapali/IMG_20250627_174602.jpg,Amrapali,/kaggle/working/small/Amrapali/00559.jpg,0,30,val
/kaggle/input/datasets/researchersajid/mangoclassify-12-native-mango-dataset-from-bd/MangoClassify-12/Amrapali/IMG_20250627_174603.jpg,Amrapali,/kaggle/working/small/Amrapali/00560.jpg,0,9,train
/kaggle/input/datasets/researchersajid/mangoclassify-12-native-mango-dataset-from-bd/MangoClassify-12/Amrapali/IMG_20250627_174607.jpg,Amrapali,/kaggle/working/small/Amrapali/00561.jpg,0,51,val
/kaggle/input/datasets/researchersajid/mangoclassify-12-native-mango-dataset-from-bd/MangoClassify-12/Amrapali/IMG_20250627_174610.jpg,Amrapali,/kaggle/working/small/Amrapali/00562.jpg,0,30,val
/kaggle/input/datasets/researchersajid/mangoclassify-12-native-mango-dataset-from-bd/MangoClassify-12/Amrapali/IMG_20250627_174613.jpg,Amrapali,/kaggle/working/small/Amrapali/00563.jpg,0,104,train
/kaggle/input/datasets/researchersajid/mangoclassify-12-native-mango-dataset-from-bd/MangoClassify-12/Amrapali/IMG_20250627_174617.jpg,Amrapali,/kaggle/working/small/Amrapali/00564.jpg,0,14,val
/kaggle/input/datasets/researchersajid/mangoclassify-12-native-mango-dataset-from-bd/MangoClassify-12/Amrapali/IMG_20250627_174623.jpg,Amrapali,/kaggle/working/small/Amrapali/00565.jpg,0,15,train
/kaggle/input/datasets/researchersajid/mangoclassify-12-native-mango-dataset-from-bd/MangoClassify-12/Amrapali/IMG_20250627_174626.jpg,Amrapali,/kaggle/working/small/Amrapali/00566.jpg,0,155,train
/kaggle/input/datasets/researchersajid/mangoclassify-12-native-mango-dataset-from-bd/MangoClassify-12/Amrapali/IMG_20250627_174632.jpg,Amrapali,/kaggle/working/small/Amrapali/00567.jpg,0,155,train
/kaggle/input/datasets/researchersajid/mangoclassify-12-native-mango-dataset-from-bd/MangoClassify-12/Amrapali/IMG_20250627_174637.jpg,Amrapali,/kaggle/working/small/Amrapali/00568.jpg,0,37,train
/kaggle/input/datasets/researchersajid/mangoclassify-12-native-mango-dataset-from-bd/MangoClassify-12/Amrapali/IMG_20250627_174638.jpg,Amrapali,/kaggle/working/small/Amrapali/00569.jpg,0,30,val
/kaggle/input/datasets/researchersajid/mangoclassify-12-native-mango-dataset-from-bd/MangoClassify-12/Amrapali/IMG_20250627_174645.jpg,Amrapali,/kaggle/working/small/Amrapali/00570.jpg,0,30,val
/kaggle/input/datasets/researchersajid/mangoclassify-12-native-mango-dataset-from-bd/MangoClassify-12/Amrapali/IMG_20250627_174655.jpg,Amrapali,/kaggle/working/small/Amrapali/00571.jpg,0,89,train
/kaggle/input/datasets/researchersajid/mangoclassify-12-native-mango-dataset-from-bd/MangoClassify-12/Amrapali/IMG_20250627_174658.jpg,Amrapali,/kaggle/working/small/Amrapali/00572.jpg,0,50,train
/kaggle/input/datasets/researchersajid/mangoclassify-12-native-mango-dataset-from-bd/MangoClassify-12/Amrapali/IMG_20250627_174702.jpg,Amrapali,/kaggle/working/small/Amrapali/00573.jpg,0,30,val
/kaggle/input/datasets/researchersajid/mangoclassify-12-native-mango-dataset-from-bd/MangoClassify-12/Amrapali/IMG_20250627_174703.jpg,Amrapali,/kaggle/working/small/Amrapali/00574.jpg,0,60,train
/kaggle/input/datasets/researchersajid/mangoclassify-12-native-mango-dataset-from-bd/MangoClassify-12/Amrapali/IMG_20250627_174710.jpg,Amrapali,/kaggle/working/small/Amrapali/00575.jpg,0,134,train
/kaggle/input/datasets/researchersajid/mangoclassify-12-native-mango-dataset-from-bd/MangoClassify-12/Amrapali/IMG_20250627_174712.jpg,Amrapali,/kaggle/working/small/Amrapali/00576.jpg,0,9,train
/kaggle/input/datasets/researchersajid/mangoclassify-12-native-mango-dataset-from-bd/MangoClassify-12/Amrapali/IMG_20250627_174717.jpg,Amrapali,/kaggle/working/small/Amrapali/00577.jpg,0,30,val
/kaggle/input/datasets/researchersajid/mangoclassify-12-native-mango-dataset-from-bd/MangoClassify-12/Amrapali/IMG_20250627_174719.jpg,Amrapali,/kaggle/working/small/Amrapali/00578.jpg,0,116,train
/kaggle/input/datasets/researchersajid/mangoclassify-12-native-mango-dataset-from-bd/MangoClassify-12/Amrapali/IMG_20250627_174723.jpg,Amrapali,/kaggle/working/small/Amrapali/00579.jpg,0,6,test
/kaggle/input/datasets/researchersajid/mangoclassify-12-native-mango-dataset-from-bd/MangoClassify-12/Amrapali/IMG_20250627_174728.jpg,Amrapali,/kaggle/working/small/Amrapali/00580.jpg,0,69,val
/kaggle/input/datasets/researchersajid/mangoclassify-12-native-mango-dataset-from-bd/MangoClassify-12/Amrapali/IMG_20250627_174734.jpg,Amrapali,/kaggle/working/small/Amrapali/00581.jpg,0,69,val
/kaggle/input/datasets/researchersajid/mangoclassify-12-native-mango-dataset-from-bd/MangoClassify-12/Amrapali/IMG_20250627_174746.jpg,Amrapali,/kaggle/working/small/Amrapali/00582.jpg,0,76,test
/kaggle/input/datasets/researchersajid/mangoclassify-12-native-mango-dataset-from-bd/MangoClassify-12/Amrapali/IMG_20250627_174750.jpg,Amrapali,/kaggle/working/small/Amrapali/00583.jpg,0,76,test
/kaggle/input/datasets/researchersajid/mangoclassify-12-native-mango-dataset-from-bd/MangoClassify-12/Amrapali/IMG_20250627_174754.jpg,Amrapali,/kaggle/working/small/Amrapali/00584.jpg,0,17,train
/kaggle/input/datasets/researchersajid/mangoclassify-12-native-mango-dataset-from-bd/MangoClassify-12/Amrapali/IMG_20250627_174758.jpg,Amrapali,/kaggle/working/small/Amrapali/00585.jpg,0,51,val
/kaggle/input/datasets/researchersajid/mangoclassify-12-native-mango-dataset-from-bd/MangoClassify-12/Amrapali/IMG_20250627_174805.jpg,Amrapali,/kaggle/working/small/Amrapali/00586.jpg,0,51,val
/kaggle/input/datasets/researchersajid/mangoclassify-12-native-mango-dataset-from-bd/MangoClassify-12/Amrapali/IMG_20250627_174816.jpg,Amrapali,/kaggle/working/small/Amrapali/00587.jpg,0,9,train
/kaggle/input/datasets/researchersajid/mangoclassify-12-native-mango-dataset-from-bd/MangoClassify-12/Amrapali/IMG_20250627_174819.jpg,Amrapali,/kaggle/working/small/Amrapali/00588.jpg,0,9,train
/kaggle/input/datasets/researchersajid/mangoclassify-12-native-mango-dataset-from-bd/MangoClassify-12/Amrapali/IMG_20250627_174825.jpg,Amrapali,/kaggle/working/small/Amrapali/00589.jpg,0,20,test
/kaggle/input/datasets/researchersajid/mangoclassify-12-native-mango-dataset-from-bd/MangoClassify-12/Amrapali/IMG_20250627_174835.jpg,Amrapali,/kaggle/working/small/Amrapali/00590.jpg,0,69,val
/kaggle/input/datasets/researchersajid/mangoclassify-12-native-mango-dataset-from-bd/MangoClassify-12/Amrapali/IMG_20250701_215239.jpg,Amrapali,/kaggle/working/small/Amrapali/00591.jpg,0,27,train
/kaggle/input/datasets/researchersajid/mangoclassify-12-native-mango-dataset-from-bd/MangoClassify-12/Amrapali/IMG_20250701_215304.jpg,Amrapali,/kaggle/working/small/Amrapali/00592.jpg,0,137,val
/kaggle/input/datasets/researchersajid/mangoclassify-12-native-mango-dataset-from-bd/MangoClassify-12/Amrapali/IMG_20250701_215311.jpg,Amrapali,/kaggle/working/small/Amrapali/00593.jpg,0,176,train
/kaggle/input/datasets/researchersajid/mangoclassify-12-native-mango-dataset-from-bd/MangoClassify-12/Amrapali/IMG_20250701_215323.jpg,Amrapali,/kaggle/working/small/Amrapali/00594.jpg,0,27,train
/kaggle/input/datasets/researchersajid/mangoclassify-12-native-mango-dataset-from-bd/MangoClassify-12/Amrapali/IMG_20250701_215330.jpg,Amrapali,/kaggle/working/small/Amrapali/00595.jpg,0,139,train
/kaggle/input/datasets/researchersajid/mangoclassify-12-native-mango-dataset-from-bd/MangoClassify-12/Amrapali/IMG_20250701_215349.jpg,Amrapali,/kaggle/working/small/Amrapali/00596.jpg,0,169,train
/kaggle/input/datasets/researchersajid/mangoclassify-12-native-mango-dataset-from-bd/MangoClassify-12/Amrapali/IMG_20250701_215359.jpg,Amrapali,/kaggle/working/small/Amrapali/00597.jpg,0,113,test
/kaggle/input/datasets/researchersajid/mangoclassify-12-native-mango-dataset-from-bd/MangoClassify-12/Amrapali/IMG_20250701_215406.jpg,Amrapali,/kaggle/working/small/Amrapali/00598.jpg,0,84,train
/kaggle/input/datasets/researchersajid/mangoclassify-12-native-mango-dataset-from-bd/MangoClassify-12/Amrapali/IMG_20250701_215420.jpg,Amrapali,/kaggle/working/small/Amrapali/00599.jpg,0,27,train
/kaggle/input/datasets/researchersajid/mangoclassify-12-native-mango-dataset-from-bd/MangoClassify-12/Banana/IMG_20250627_175840.jpg,Banana,/kaggle/working/small/Banana/00600.jpg,1,184,train
/kaggle/input/datasets/researchersajid/mangoclassify-12-native-mango-dataset-from-bd/MangoClassify-12/Banana/IMG_20250627_175850.jpg,Banana,/kaggle/working/small/Banana/00601.jpg,1,257,train
/kaggle/input/datasets/researchersajid/mangoclassify-12-native-mango-dataset-from-bd/MangoClassify-12/Banana/IMG_20250627_175857.jpg,Banana,/kaggle/working/small/Banana/00602.jpg,1,259,train
/kaggle/input/datasets/researchersajid/mangoclassify-12-native-mango-dataset-from-bd/MangoClassify-12/Banana/IMG_20250627_175902.jpg,Banana,/kaggle/working/small/Banana/00603.jpg,1,230,train
/kaggle/input/datasets/researchersajid/mangoclassify-12-native-mango-dataset-from-bd/MangoClassify-12/Banana/IMG_20250627_175907.jpg,Banana,/kaggle/working/small/Banana/00604.jpg,1,317,train
/kaggle/input/datasets/researchersajid/mangoclassify-12-native-mango-dataset-from-bd/MangoClassify-12/Banana/IMG_20250627_175939.jpg,Banana,/kaggle/working/small/Banana/00605.jpg,1,214,val
/kaggle/input/datasets/researchersajid/mangoclassify-12-native-mango-dataset-from-bd/MangoClassify-12/Banana/IMG_20250627_175952.jpg,Banana,/kaggle/working/small/Banana/00606.jpg,1,214,val
/kaggle/input/datasets/researchersajid/mangoclassify-12-native-mango-dataset-from-bd/MangoClassify-12/Banana/IMG_20250627_180003.jpg,Banana,/kaggle/working/small/Banana/00607.jpg,1,229,train
/kaggle/input/datasets/researchersajid/mangoclassify-12-native-mango-dataset-from-bd/MangoClassify-12/Banana/IMG_20250627_180013.jpg,Banana,/kaggle/working/small/Banana/00608.jpg,1,230,train
/kaggle/input/datasets/researchersajid/mangoclassify-12-native-mango-dataset-from-bd/MangoClassify-12/Banana/IMG_20250627_180028.jpg,Banana,/kaggle/working/small/Banana/00609.jpg,1,229,train
/kaggle/input/datasets/researchersajid/mangoclassify-12-native-mango-dataset-from-bd/MangoClassify-12/Banana/IMG_20250627_180112.jpg,Banana,/kaggle/working/small/Banana/00610.jpg,1,310,test
/kaggle/input/datasets/researchersajid/mangoclassify-12-native-mango-dataset-from-bd/MangoClassify-12/Banana/IMG_20250627_180124.jpg,Banana,/kaggle/working/small/Banana/00611.jpg,1,299,train
/kaggle/input/datasets/researchersajid/mangoclassify-12-native-mango-dataset-from-bd/MangoClassify-12/Banana/IMG_20250627_180134.jpg,Banana,/kaggle/working/small/Banana/00612.jpg,1,267,train
/kaggle/input/datasets/researchersajid/mangoclassify-12-native-mango-dataset-from-bd/MangoClassify-12/Banana/IMG_20250627_180141.jpg,Banana,/kaggle/working/small/Banana/00613.jpg,1,295,val
/kaggle/input/datasets/researchersajid/mangoclassify-12-native-mango-dataset-from-bd/MangoClassify-12/Banana/IMG_20250627_180155.jpg,Banana,/kaggle/working/small/Banana/00614.jpg,1,263,val
/kaggle/input/datasets/researchersajid/mangoclassify-12-native-mango-dataset-from-bd/MangoClassify-12/Banana/IMG_20250627_180214.jpg,Banana,/kaggle/working/small/Banana/00615.jpg,1,304,val
/kaggle/input/datasets/researchersajid/mangoclassify-12-native-mango-dataset-from-bd/MangoClassify-12/Banana/IMG_20250627_180231.jpg,Banana,/kaggle/working/small/Banana/00616.jpg,1,279,train
/kaggle/input/datasets/researchersajid/mangoclassify-12-native-mango-dataset-from-bd/MangoClassify-12/Banana/IMG_20250627_180238.jpg,Banana,/kaggle/working/small/Banana/00617.jpg,1,285,train
/kaggle/input/datasets/researchersajid/mangoclassify-12-native-mango-dataset-from-bd/MangoClassify-12/Banana/IMG_20250627_180254.jpg,Banana,/kaggle/working/small/Banana/00618.jpg,1,293,train
/kaggle/input/datasets/researchersajid/mangoclassify-12-native-mango-dataset-from-bd/MangoClassify-12/Banana/IMG_20250627_180306.jpg,Banana,/kaggle/working/small/Banana/00619.jpg,1,309,val
/kaggle/input/datasets/researchersajid/mangoclassify-12-native-mango-dataset-from-bd/MangoClassify-12/Banana/IMG_20250627_180321.jpg,Banana,/kaggle/working/small/Banana/00620.jpg,1,220,test
/kaggle/input/datasets/researchersajid/mangoclassify-12-native-mango-dataset-from-bd/MangoClassify-12/Banana/IMG_20250627_180340.jpg,Banana,/kaggle/working/small/Banana/00621.jpg,1,194,train
/kaggle/input/datasets/researchersajid/mangoclassify-12-native-mango-dataset-from-bd/MangoClassify-12/Banana/IMG_20250627_180400.jpg,Banana,/kaggle/working/small/Banana/00622.jpg,1,194,train
/kaggle/input/datasets/researchersajid/mangoclassify-12-native-mango-dataset-from-bd/MangoClassify-12/Banana/IMG_20250627_180406.jpg,Banana,/kaggle/working/small/Banana/00623.jpg,1,199,train
/kaggle/input/datasets/researchersajid/mangoclassify-12-native-mango-dataset-from-bd/MangoClassify-12/Banana/IMG_20250627_180411.jpg,Banana,/kaggle/working/small/Banana/00624.jpg,1,207,test
/kaggle/input/datasets/researchersajid/mangoclassify-12-native-mango-dataset-from-bd/MangoClassify-12/Banana/IMG_20250627_180424.jpg,Banana,/kaggle/working/small/Banana/00625.jpg,1,207,test
/kaggle/input/datasets/researchersajid/mangoclassify-12-native-mango-dataset-from-bd/MangoClassify-12/Banana/IMG_20250627_180435.jpg,Banana,/kaggle/working/small/Banana/00626.jpg,1,323,val
/kaggle/input/datasets/researchersajid/mangoclassify-12-native-mango-dataset-from-bd/MangoClassify-12/Banana/IMG_20250627_180447.jpg,Banana,/kaggle/working/small/Banana/00627.jpg,1,320,train
/kaggle/input/datasets/researchersajid/mangoclassify-12-native-mango-dataset-from-bd/MangoClassify-12/Banana/IMG_20250627_180501.jpg,Banana,/kaggle/working/small/Banana/00628.jpg,1,260,train
/kaggle/input/datasets/researchersajid/mangoclassify-12-native-mango-dataset-from-bd/MangoClassify-12/Banana/IMG_20250627_180519.jpg,Banana,/kaggle/working/small/Banana/00629.jpg,1,184,train
/kaggle/input/datasets/researchersajid/mangoclassify-12-native-mango-dataset-from-bd/MangoClassify-12/Banana/IMG_20250627_180532.jpg,Banana,/kaggle/working/small/Banana/00630.jpg,1,184,train
/kaggle/input/datasets/researchersajid/mangoclassify-12-native-mango-dataset-from-bd/MangoClassify-12/Banana/IMG_20250627_180536.jpg,Banana,/kaggle/working/small/Banana/00631.jpg,1,184,train
/kaggle/input/datasets/researchersajid/mangoclassify-12-native-mango-dataset-from-bd/MangoClassify-12/Banana/IMG_20250627_180541.jpg,Banana,/kaggle/working/small/Banana/00632.jpg,1,184,train
/kaggle/input/datasets/researchersajid/mangoclassify-12-native-mango-dataset-from-bd/MangoClassify-12/Banana/IMG_20250627_180545.jpg,Banana,/kaggle/working/small/Banana/00633.jpg,1,296,train
/kaggle/input/datasets/researchersajid/mangoclassify-12-native-mango-dataset-from-bd/MangoClassify-12/Banana/IMG_20250627_180550.jpg,Banana,/kaggle/working/small/Banana/00634.jpg,1,225,train
/kaggle/input/datasets/researchersajid/mangoclassify-12-native-mango-dataset-from-bd/MangoClassify-12/Banana/IMG_20250627_180556.jpg,Banana,/kaggle/working/small/Banana/00635.jpg,1,225,train
/kaggle/input/datasets/researchersajid/mangoclassify-12-native-mango-dataset-from-bd/MangoClassify-12/Banana/IMG_20250627_180627.jpg,Banana,/kaggle/working/small/Banana/00636.jpg,1,313,train
/kaggle/input/datasets/researchersajid/mangoclassify-12-native-mango-dataset-from-bd/MangoClassify-12/Banana/IMG_20250627_180642.jpg,Banana,/kaggle/working/small/Banana/00637.jpg,1,185,train
/kaggle/input/datasets/researchersajid/mangoclassify-12-native-mango-dataset-from-bd/MangoClassify-12/Banana/IMG_20250627_180647.jpg,Banana,/kaggle/working/small/Banana/00638.jpg,1,197,train
/kaggle/input/datasets/researchersajid/mangoclassify-12-native-mango-dataset-from-bd/MangoClassify-12/Banana/IMG_20250627_180652.jpg,Banana,/kaggle/working/small/Banana/00639.jpg,1,197,train
/kaggle/input/datasets/researchersajid/mangoclassify-12-native-mango-dataset-from-bd/MangoClassify-12/Banana/IMG_20250627_180702.jpg,Banana,/kaggle/working/small/Banana/00640.jpg,1,322,train
/kaggle/input/datasets/researchersajid/mangoclassify-12-native-mango-dataset-from-bd/MangoClassify-12/Banana/IMG_20250627_180712.jpg,Banana,/kaggle/working/small/Banana/00641.jpg,1,202,train
/kaggle/input/datasets/researchersajid/mangoclassify-12-native-mango-dataset-from-bd/MangoClassify-12/Banana/IMG_20250627_180720.jpg,Banana,/kaggle/working/small/Banana/00642.jpg,1,220,test
/kaggle/input/datasets/researchersajid/mangoclassify-12-native-mango-dataset-from-bd/MangoClassify-12/Banana/IMG_20250627_180736.jpg,Banana,/kaggle/working/small/Banana/00643.jpg,1,193,train
/kaggle/input/datasets/researchersajid/mangoclassify-12-native-mango-dataset-from-bd/MangoClassify-12/Banana/IMG_20250627_180744.jpg,Banana,/kaggle/working/small/Banana/00644.jpg,1,255,train
/kaggle/input/datasets/researchersajid/mangoclassify-12-native-mango-dataset-from-bd/MangoClassify-12/Banana/IMG_20250627_180800.jpg,Banana,/kaggle/working/small/Banana/00645.jpg,1,262,train
/kaggle/input/datasets/researchersajid/mangoclassify-12-native-mango-dataset-from-bd/MangoClassify-12/Banana/IMG_20250627_180806.jpg,Banana,/kaggle/working/small/Banana/00646.jpg,1,324,train
/kaggle/input/datasets/researchersajid/mangoclassify-12-native-mango-dataset-from-bd/MangoClassify-12/Banana/IMG_20250627_180811.jpg,Banana,/kaggle/working/small/Banana/00647.jpg,1,193,train
/kaggle/input/datasets/researchersajid/mangoclassify-12-native-mango-dataset-from-bd/MangoClassify-12/Banana/IMG_20250627_180815.jpg,Banana,/kaggle/working/small/Banana/00648.jpg,1,199,train
/kaggle/input/datasets/researchersajid/mangoclassify-12-native-mango-dataset-from-bd/MangoClassify-12/Banana/IMG_20250627_180819.jpg,Banana,/kaggle/working/small/Banana/00649.jpg,1,306,train
/kaggle/input/datasets/researchersajid/mangoclassify-12-native-mango-dataset-from-bd/MangoClassify-12/Banana/IMG_20250627_180831.jpg,Banana,/kaggle/working/small/Banana/00650.jpg,1,239,val
/kaggle/input/datasets/researchersajid/mangoclassify-12-native-mango-dataset-from-bd/MangoClassify-12/Banana/IMG_20250627_180837.jpg,Banana,/kaggle/working/small/Banana/00651.jpg,1,189,val
/kaggle/input/datasets/researchersajid/mangoclassify-12-native-mango-dataset-from-bd/MangoClassify-12/Banana/IMG_20250627_180841.jpg,Banana,/kaggle/working/small/Banana/00652.jpg,1,236,test
/kaggle/input/datasets/researchersajid/mangoclassify-12-native-mango-dataset-from-bd/MangoClassify-12/Banana/IMG_20250627_180845.jpg,Banana,/kaggle/working/small/Banana/00653.jpg,1,194,train
/kaggle/input/datasets/researchersajid/mangoclassify-12-native-mango-dataset-from-bd/MangoClassify-12/Banana/IMG_20250627_180851.jpg,Banana,/kaggle/working/small/Banana/00654.jpg,1,226,train
/kaggle/input/datasets/researchersajid/mangoclassify-12-native-mango-dataset-from-bd/MangoClassify-12/Banana/IMG_20250627_180859.jpg,Banana,/kaggle/working/small/Banana/00655.jpg,1,226,train
/kaggle/input/datasets/researchersajid/mangoclassify-12-native-mango-dataset-from-bd/MangoClassify-12/Banana/IMG_20250627_180907.jpg,Banana,/kaggle/working/small/Banana/00656.jpg,1,227,train
/kaggle/input/datasets/researchersajid/mangoclassify-12-native-mango-dataset-from-bd/MangoClassify-12/Banana/IMG_20250627_180911.jpg,Banana,/kaggle/working/small/Banana/00657.jpg,1,297,test
/kaggle/input/datasets/researchersajid/mangoclassify-12-native-mango-dataset-from-bd/MangoClassify-12/Banana/IMG_20250627_180933.jpg,Banana,/kaggle/working/small/Banana/00658.jpg,1,188,train
/kaggle/input/datasets/researchersajid/mangoclassify-12-native-mango-dataset-from-bd/MangoClassify-12/Banana/IMG_20250627_180946.jpg,Banana,/kaggle/working/small/Banana/00659.jpg,1,321,train
/kaggle/input/datasets/researchersajid/mangoclassify-12-native-mango-dataset-from-bd/MangoClassify-12/Banana/IMG_20250627_180951.jpg,Banana,/kaggle/working/small/Banana/00660.jpg,1,314,train
/kaggle/input/datasets/researchersajid/mangoclassify-12-native-mango-dataset-from-bd/MangoClassify-12/Banana/IMG_20250627_180955.jpg,Banana,/kaggle/working/small/Banana/00661.jpg,1,184,train
/kaggle/input/datasets/researchersajid/mangoclassify-12-native-mango-dataset-from-bd/MangoClassify-12/Banana/IMG_20250627_181001.jpg,Banana,/kaggle/working/small/Banana/00662.jpg,1,253,val
/kaggle/input/datasets/researchersajid/mangoclassify-12-native-mango-dataset-from-bd/MangoClassify-12/Banana/IMG_20250627_181007.jpg,Banana,/kaggle/working/small/Banana/00663.jpg,1,319,test
/kaggle/input/datasets/researchersajid/mangoclassify-12-native-mango-dataset-from-bd/MangoClassify-12/Banana/IMG_20250627_181011.jpg,Banana,/kaggle/working/small/Banana/00664.jpg,1,256,test
/kaggle/input/datasets/researchersajid/mangoclassify-12-native-mango-dataset-from-bd/MangoClassify-12/Banana/IMG_20250627_181039.jpg,Banana,/kaggle/working/small/Banana/00665.jpg,1,280,train
/kaggle/input/datasets/researchersajid/mangoclassify-12-native-mango-dataset-from-bd/MangoClassify-12/Banana/IMG_20250627_181043.jpg,Banana,/kaggle/working/small/Banana/00666.jpg,1,275,train
/kaggle/input/datasets/researchersajid/mangoclassify-12-native-mango-dataset-from-bd/MangoClassify-12/Banana/IMG_20250627_181055.jpg,Banana,/kaggle/working/small/Banana/00667.jpg,1,231,train
/kaggle/input/datasets/researchersajid/mangoclassify-12-native-mango-dataset-from-bd/MangoClassify-12/Banana/IMG_20250627_181102.jpg,Banana,/kaggle/working/small/Banana/00668.jpg,1,185,train
/kaggle/input/datasets/researchersajid/mangoclassify-12-native-mango-dataset-from-bd/MangoClassify-12/Banana/IMG_20250627_181109.jpg,Banana,/kaggle/working/small/Banana/00669.jpg,1,221,val
/kaggle/input/datasets/researchersajid/mangoclassify-12-native-mango-dataset-from-bd/MangoClassify-12/Banana/IMG_20250627_181115.jpg,Banana,/kaggle/working/small/Banana/00670.jpg,1,284,train
/kaggle/input/datasets/researchersajid/mangoclassify-12-native-mango-dataset-from-bd/MangoClassify-12/Banana/IMG_20250627_181123.jpg,Banana,/kaggle/working/small/Banana/00671.jpg,1,277,val
/kaggle/input/datasets/researchersajid/mangoclassify-12-native-mango-dataset-from-bd/MangoClassify-12/Banana/IMG_20250627_181132.jpg,Banana,/kaggle/working/small/Banana/00672.jpg,1,292,train
/kaggle/input/datasets/researchersajid/mangoclassify-12-native-mango-dataset-from-bd/MangoClassify-12/Banana/IMG_20250627_181154.jpg,Banana,/kaggle/working/small/Banana/00673.jpg,1,315,train
/kaggle/input/datasets/researchersajid/mangoclassify-12-native-mango-dataset-from-bd/MangoClassify-12/Banana/IMG_20250627_181205.jpg,Banana,/kaggle/working/small/Banana/00674.jpg,1,258,test
/kaggle/input/datasets/researchersajid/mangoclassify-12-native-mango-dataset-from-bd/MangoClassify-12/Banana/IMG_20250627_181210.jpg,Banana,/kaggle/working/small/Banana/00675.jpg,1,205,train
/kaggle/input/datasets/researchersajid/mangoclassify-12-native-mango-dataset-from-bd/MangoClassify-12/Banana/IMG_20250627_181214.jpg,Banana,/kaggle/working/small/Banana/00676.jpg,1,205,train
/kaggle/input/datasets/researchersajid/mangoclassify-12-native-mango-dataset-from-bd/MangoClassify-12/Banana/IMG_20250627_181221.jpg,Banana,/kaggle/working/small/Banana/00677.jpg,1,245,train
/kaggle/input/datasets/researchersajid/mangoclassify-12-native-mango-dataset-from-bd/MangoClassify-12/Banana/IMG_20250627_181225.jpg,Banana,/kaggle/working/small/Banana/00678.jpg,1,300,test
/kaggle/input/datasets/researchersajid/mangoclassify-12-native-mango-dataset-from-bd/MangoClassify-12/Banana/IMG_20250627_181233.jpg,Banana,/kaggle/working/small/Banana/00679.jpg,1,308,train
/kaggle/input/datasets/researchersajid/mangoclassify-12-native-mango-dataset-from-bd/MangoClassify-12/Banana/IMG_20250627_181401.jpg,Banana,/kaggle/working/small/Banana/00680.jpg,1,188,train
/kaggle/input/datasets/researchersajid/mangoclassify-12-native-mango-dataset-from-bd/MangoClassify-12/Banana/IMG_20250627_181409.jpg,Banana,/kaggle/working/small/Banana/00681.jpg,1,294,train
/kaggle/input/datasets/researchersajid/mangoclassify-12-native-mango-dataset-from-bd/MangoClassify-12/Banana/IMG_20250627_181422.jpg,Banana,/kaggle/working/small/Banana/00682.jpg,1,196,train
/kaggle/input/datasets/researchersajid/mangoclassify-12-native-mango-dataset-from-bd/MangoClassify-12/Banana/IMG_20250627_181427.jpg,Banana,/kaggle/working/small/Banana/00683.jpg,1,196,train
/kaggle/input/datasets/researchersajid/mangoclassify-12-native-mango-dataset-from-bd/MangoClassify-12/Banana/IMG_20250627_181434.jpg,Banana,/kaggle/working/small/Banana/00684.jpg,1,219,train
/kaggle/input/datasets/researchersajid/mangoclassify-12-native-mango-dataset-from-bd/MangoClassify-12/Banana/IMG_20250627_181440.jpg,Banana,/kaggle/working/small/Banana/00685.jpg,1,211,train
/kaggle/input/datasets/researchersajid/mangoclassify-12-native-mango-dataset-from-bd/MangoClassify-12/Banana/IMG_20250627_181446.jpg,Banana,/kaggle/working/small/Banana/00686.jpg,1,282,test
/kaggle/input/datasets/researchersajid/mangoclassify-12-native-mango-dataset-from-bd/MangoClassify-12/Banana/IMG_20250627_181453.jpg,Banana,/kaggle/working/small/Banana/00687.jpg,1,248,train
/kaggle/input/datasets/researchersajid/mangoclassify-12-native-mango-dataset-from-bd/MangoClassify-12/Banana/IMG_20250627_181523.jpg,Banana,/kaggle/working/small/Banana/00688.jpg,1,191,test
/kaggle/input/datasets/researchersajid/mangoclassify-12-native-mango-dataset-from-bd/MangoClassify-12/Banana/IMG_20250627_181529.jpg,Banana,/kaggle/working/small/Banana/00689.jpg,1,191,test
/kaggle/input/datasets/researchersajid/mangoclassify-12-native-mango-dataset-from-bd/MangoClassify-12/Banana/IMG_20250627_181603.jpg,Banana,/kaggle/working/small/Banana/00690.jpg,1,216,train
/kaggle/input/datasets/researchersajid/mangoclassify-12-native-mango-dataset-from-bd/MangoClassify-12/Banana/IMG_20250627_181607.jpg,Banana,/kaggle/working/small/Banana/00691.jpg,1,195,train
/kaggle/input/datasets/researchersajid/mangoclassify-12-native-mango-dataset-from-bd/MangoClassify-12/Banana/IMG_20250627_181612.jpg,Banana,/kaggle/working/small/Banana/00692.jpg,1,209,test
/kaggle/input/datasets/researchersajid/mangoclassify-12-native-mango-dataset-from-bd/MangoClassify-12/Banana/IMG_20250627_181621.jpg,Banana,/kaggle/working/small/Banana/00693.jpg,1,206,train
/kaggle/input/datasets/researchersajid/mangoclassify-12-native-mango-dataset-from-bd/MangoClassify-12/Banana/IMG_20250627_181629.jpg,Banana,/kaggle/working/small/Banana/00694.jpg,1,200,train
/kaggle/input/datasets/researchersajid/mangoclassify-12-native-mango-dataset-from-bd/MangoClassify-12/Banana/IMG_20250627_181635.jpg,Banana,/kaggle/working/small/Banana/00695.jpg,1,316,train
/kaggle/input/datasets/researchersajid/mangoclassify-12-native-mango-dataset-from-bd/MangoClassify-12/Banana/IMG_20250627_181833.jpg,Banana,/kaggle/working/small/Banana/00696.jpg,1,302,train
/kaggle/input/datasets/researchersajid/mangoclassify-12-native-mango-dataset-from-bd/MangoClassify-12/Banana/IMG_20250627_181840.jpg,Banana,/kaggle/working/small/Banana/00697.jpg,1,215,train
/kaggle/input/datasets/researchersajid/mangoclassify-12-native-mango-dataset-from-bd/MangoClassify-12/Banana/IMG_20250627_181851.jpg,Banana,/kaggle/working/small/Banana/00698.jpg,1,215,train
/kaggle/input/datasets/researchersajid/mangoclassify-12-native-mango-dataset-from-bd/MangoClassify-12/Banana/IMG_20250627_181855.jpg,Banana,/kaggle/working/small/Banana/00699.jpg,1,215,train
/kaggle/input/datasets/researchersajid/mangoclassify-12-native-mango-dataset-from-bd/MangoClassify-12/Banana/IMG_20250627_181901.jpg,Banana,/kaggle/working/small/Banana/00700.jpg,1,264,train
/kaggle/input/datasets/researchersajid/mangoclassify-12-native-mango-dataset-from-bd/MangoClassify-12/Banana/IMG_20250627_181905.jpg,Banana,/kaggle/working/small/Banana/00701.jpg,1,211,train
/kaggle/input/datasets/researchersajid/mangoclassify-12-native-mango-dataset-from-bd/MangoClassify-12/Banana/IMG_20250627_181909.jpg,Banana,/kaggle/working/small/Banana/00702.jpg,1,211,train
/kaggle/input/datasets/researchersajid/mangoclassify-12-native-mango-dataset-from-bd/MangoClassify-12/Banana/IMG_20250627_181940.jpg,Banana,/kaggle/working/small/Banana/00703.jpg,1,204,train
/kaggle/input/datasets/researchersajid/mangoclassify-12-native-mango-dataset-from-bd/MangoClassify-12/Banana/IMG_20250627_181945.jpg,Banana,/kaggle/working/small/Banana/00704.jpg,1,204,train
/kaggle/input/datasets/researchersajid/mangoclassify-12-native-mango-dataset-from-bd/MangoClassify-12/Banana/IMG_20250627_182000.jpg,Banana,/kaggle/working/small/Banana/00705.jpg,1,192,train
/kaggle/input/datasets/researchersajid/mangoclassify-12-native-mango-dataset-from-bd/MangoClassify-12/Banana/IMG_20250627_182005.jpg,Banana,/kaggle/working/small/Banana/00706.jpg,1,269,train
/kaggle/input/datasets/researchersajid/mangoclassify-12-native-mango-dataset-from-bd/MangoClassify-12/Banana/IMG_20250627_182012.jpg,Banana,/kaggle/working/small/Banana/00707.jpg,1,241,val
/kaggle/input/datasets/researchersajid/mangoclassify-12-native-mango-dataset-from-bd/MangoClassify-12/Banana/IMG_20250627_182023.jpg,Banana,/kaggle/working/small/Banana/00708.jpg,1,189,val
/kaggle/input/datasets/researchersajid/mangoclassify-12-native-mango-dataset-from-bd/MangoClassify-12/Banana/IMG_20250627_182028.jpg,Banana,/kaggle/working/small/Banana/00709.jpg,1,291,train
/kaggle/input/datasets/researchersajid/mangoclassify-12-native-mango-dataset-from-bd/MangoClassify-12/Banana/IMG_20250627_182034.jpg,Banana,/kaggle/working/small/Banana/00710.jpg,1,272,train
/kaggle/input/datasets/researchersajid/mangoclassify-12-native-mango-dataset-from-bd/MangoClassify-12/Banana/IMG_20250627_182044.jpg,Banana,/kaggle/working/small/Banana/00711.jpg,1,198,val
/kaggle/input/datasets/researchersajid/mangoclassify-12-native-mango-dataset-from-bd/MangoClassify-12/Banana/IMG_20250627_182056.jpg,Banana,/kaggle/working/small/Banana/00712.jpg,1,198,val
/kaggle/input/datasets/researchersajid/mangoclassify-12-native-mango-dataset-from-bd/MangoClassify-12/Banana/IMG_20250627_182108.jpg,Banana,/kaggle/working/small/Banana/00713.jpg,1,236,test
/kaggle/input/datasets/researchersajid/mangoclassify-12-native-mango-dataset-from-bd/MangoClassify-12/Banana/IMG_20250627_182114.jpg,Banana,/kaggle/working/small/Banana/00714.jpg,1,186,train
/kaggle/input/datasets/researchersajid/mangoclassify-12-native-mango-dataset-from-bd/MangoClassify-12/Banana/IMG_20250627_182125.jpg,Banana,/kaggle/working/small/Banana/00715.jpg,1,305,train
/kaggle/input/datasets/researchersajid/mangoclassify-12-native-mango-dataset-from-bd/MangoClassify-12/Banana/IMG_20250627_182215.jpg,Banana,/kaggle/working/small/Banana/00716.jpg,1,209,test
/kaggle/input/datasets/researchersajid/mangoclassify-12-native-mango-dataset-from-bd/MangoClassify-12/Banana/IMG_20250627_182224.jpg,Banana,/kaggle/working/small/Banana/00717.jpg,1,213,train
/kaggle/input/datasets/researchersajid/mangoclassify-12-native-mango-dataset-from-bd/MangoClassify-12/Banana/IMG_20250627_182230.jpg,Banana,/kaggle/working/small/Banana/00718.jpg,1,213,train
/kaggle/input/datasets/researchersajid/mangoclassify-12-native-mango-dataset-from-bd/MangoClassify-12/Banana/IMG_20250627_182235.jpg,Banana,/kaggle/working/small/Banana/00719.jpg,1,205,train
/kaggle/input/datasets/researchersajid/mangoclassify-12-native-mango-dataset-from-bd/MangoClassify-12/Banana/IMG_20250627_182240.jpg,Banana,/kaggle/working/small/Banana/00720.jpg,1,205,train
/kaggle/input/datasets/researchersajid/mangoclassify-12-native-mango-dataset-from-bd/MangoClassify-12/Banana/IMG_20250627_182245.jpg,Banana,/kaggle/working/small/Banana/00721.jpg,1,205,train
/kaggle/input/datasets/researchersajid/mangoclassify-12-native-mango-dataset-from-bd/MangoClassify-12/Banana/IMG_20250627_182250.jpg,Banana,/kaggle/working/small/Banana/00722.jpg,1,303,train
/kaggle/input/datasets/researchersajid/mangoclassify-12-native-mango-dataset-from-bd/MangoClassify-12/Banana/IMG_20250627_182255.jpg,Banana,/kaggle/working/small/Banana/00723.jpg,1,201,train
/kaggle/input/datasets/researchersajid/mangoclassify-12-native-mango-dataset-from-bd/MangoClassify-12/Banana/IMG_20250627_182259.jpg,Banana,/kaggle/working/small/Banana/00724.jpg,1,201,train
/kaggle/input/datasets/researchersajid/mangoclassify-12-native-mango-dataset-from-bd/MangoClassify-12/Banana/IMG_20250627_182322.jpg,Banana,/kaggle/working/small/Banana/00725.jpg,1,266,train
/kaggle/input/datasets/researchersajid/mangoclassify-12-native-mango-dataset-from-bd/MangoClassify-12/Banana/IMG_20250627_182344.jpg,Banana,/kaggle/working/small/Banana/00726.jpg,1,190,train
/kaggle/input/datasets/researchersajid/mangoclassify-12-native-mango-dataset-from-bd/MangoClassify-12/Banana/IMG_20250627_182353.jpg,Banana,/kaggle/working/small/Banana/00727.jpg,1,190,train
/kaggle/input/datasets/researchersajid/mangoclassify-12-native-mango-dataset-from-bd/MangoClassify-12/Banana/IMG_20250627_182359.jpg,Banana,/kaggle/working/small/Banana/00728.jpg,1,190,train
/kaggle/input/datasets/researchersajid/mangoclassify-12-native-mango-dataset-from-bd/MangoClassify-12/Banana/IMG_20250627_182404.jpg,Banana,/kaggle/working/small/Banana/00729.jpg,1,206,train
/kaggle/input/datasets/researchersajid/mangoclassify-12-native-mango-dataset-from-bd/MangoClassify-12/Banana/IMG_20250627_182419.jpg,Banana,/kaggle/working/small/Banana/00730.jpg,1,252,train
/kaggle/input/datasets/researchersajid/mangoclassify-12-native-mango-dataset-from-bd/MangoClassify-12/Banana/IMG_20250627_182425.jpg,Banana,/kaggle/working/small/Banana/00731.jpg,1,308,train
/kaggle/input/datasets/researchersajid/mangoclassify-12-native-mango-dataset-from-bd/MangoClassify-12/Banana/IMG_20250627_182431.jpg,Banana,/kaggle/working/small/Banana/00732.jpg,1,201,train
/kaggle/input/datasets/researchersajid/mangoclassify-12-native-mango-dataset-from-bd/MangoClassify-12/Banana/IMG_20250627_182519.jpg,Banana,/kaggle/working/small/Banana/00733.jpg,1,228,train
/kaggle/input/datasets/researchersajid/mangoclassify-12-native-mango-dataset-from-bd/MangoClassify-12/Banana/IMG_20250627_182524.jpg,Banana,/kaggle/working/small/Banana/00734.jpg,1,228,train
/kaggle/input/datasets/researchersajid/mangoclassify-12-native-mango-dataset-from-bd/MangoClassify-12/Banana/IMG_20250627_182530.jpg,Banana,/kaggle/working/small/Banana/00735.jpg,1,227,train
/kaggle/input/datasets/researchersajid/mangoclassify-12-native-mango-dataset-from-bd/MangoClassify-12/Banana/IMG_20250627_182541.jpg,Banana,/kaggle/working/small/Banana/00736.jpg,1,192,train
/kaggle/input/datasets/researchersajid/mangoclassify-12-native-mango-dataset-from-bd/MangoClassify-12/Banana/IMG_20250627_182548.jpg,Banana,/kaggle/working/small/Banana/00737.jpg,1,227,train
/kaggle/input/datasets/researchersajid/mangoclassify-12-native-mango-dataset-from-bd/MangoClassify-12/Banana/IMG_20250627_182603.jpg,Banana,/kaggle/working/small/Banana/00738.jpg,1,189,val
/kaggle/input/datasets/researchersajid/mangoclassify-12-native-mango-dataset-from-bd/MangoClassify-12/Banana/IMG_20250627_182609.jpg,Banana,/kaggle/working/small/Banana/00739.jpg,1,215,train
/kaggle/input/datasets/researchersajid/mangoclassify-12-native-mango-dataset-from-bd/MangoClassify-12/Banana/IMG_20250627_182614.jpg,Banana,/kaggle/working/small/Banana/00740.jpg,1,318,train
/kaggle/input/datasets/researchersajid/mangoclassify-12-native-mango-dataset-from-bd/MangoClassify-12/Banana/IMG_20250627_182631.jpg,Banana,/kaggle/working/small/Banana/00741.jpg,1,227,train
/kaggle/input/datasets/researchersajid/mangoclassify-12-native-mango-dataset-from-bd/MangoClassify-12/Banana/IMG_20250627_182659.jpg,Banana,/kaggle/working/small/Banana/00742.jpg,1,265,test
/kaggle/input/datasets/researchersajid/mangoclassify-12-native-mango-dataset-from-bd/MangoClassify-12/Banana/IMG_20250627_182706.jpg,Banana,/kaggle/working/small/Banana/00743.jpg,1,290,train
/kaggle/input/datasets/researchersajid/mangoclassify-12-native-mango-dataset-from-bd/MangoClassify-12/Banana/IMG_20250627_182712.jpg,Banana,/kaggle/working/small/Banana/00744.jpg,1,288,test
/kaggle/input/datasets/researchersajid/mangoclassify-12-native-mango-dataset-from-bd/MangoClassify-12/Banana/IMG_20250627_182717.jpg,Banana,/kaggle/working/small/Banana/00745.jpg,1,254,train
/kaggle/input/datasets/researchersajid/mangoclassify-12-native-mango-dataset-from-bd/MangoClassify-12/Banana/IMG_20250627_182721.jpg,Banana,/kaggle/working/small/Banana/00746.jpg,1,251,test
/kaggle/input/datasets/researchersajid/mangoclassify-12-native-mango-dataset-from-bd/MangoClassify-12/Banana/IMG_20250627_182726.jpg,Banana,/kaggle/working/small/Banana/00747.jpg,1,286,train
/kaggle/input/datasets/researchersajid/mangoclassify-12-native-mango-dataset-from-bd/MangoClassify-12/Banana/IMG_20250627_182755.jpg,Banana,/kaggle/working/small/Banana/00748.jpg,1,235,train
/kaggle/input/datasets/researchersajid/mangoclassify-12-native-mango-dataset-from-bd/MangoClassify-12/Banana/IMG_20250627_182804.jpg,Banana,/kaggle/working/small/Banana/00749.jpg,1,235,train
/kaggle/input/datasets/researchersajid/mangoclassify-12-native-mango-dataset-from-bd/MangoClassify-12/Banana/IMG_20250627_182813.jpg,Banana,/kaggle/working/small/Banana/00750.jpg,1,246,train
/kaggle/input/datasets/researchersajid/mangoclassify-12-native-mango-dataset-from-bd/MangoClassify-12/Banana/IMG_20250627_182821.jpg,Banana,/kaggle/working/small/Banana/00751.jpg,1,237,val
/kaggle/input/datasets/researchersajid/mangoclassify-12-native-mango-dataset-from-bd/MangoClassify-12/Banana/IMG_20250627_182822.jpg,Banana,/kaggle/working/small/Banana/00752.jpg,1,237,val
/kaggle/input/datasets/researchersajid/mangoclassify-12-native-mango-dataset-from-bd/MangoClassify-12/Banana/IMG_20250627_182827.jpg,Banana,/kaggle/working/small/Banana/00753.jpg,1,208,test
/kaggle/input/datasets/researchersajid/mangoclassify-12-native-mango-dataset-from-bd/MangoClassify-12/Banana/IMG_20250627_182836.jpg,Banana,/kaggle/working/small/Banana/00754.jpg,1,208,test
/kaggle/input/datasets/researchersajid/mangoclassify-12-native-mango-dataset-from-bd/MangoClassify-12/Banana/IMG_20250627_182841.jpg,Banana,/kaggle/working/small/Banana/00755.jpg,1,240,train
/kaggle/input/datasets/researchersajid/mangoclassify-12-native-mango-dataset-from-bd/MangoClassify-12/Banana/IMG_20250627_182848.jpg,Banana,/kaggle/working/small/Banana/00756.jpg,1,240,train
/kaggle/input/datasets/researchersajid/mangoclassify-12-native-mango-dataset-from-bd/MangoClassify-12/Banana/IMG_20250627_182902.jpg,Banana,/kaggle/working/small/Banana/00757.jpg,1,214,val
/kaggle/input/datasets/researchersajid/mangoclassify-12-native-mango-dataset-from-bd/MangoClassify-12/Banana/IMG_20250627_182908.jpg,Banana,/kaggle/working/small/Banana/00758.jpg,1,243,test
/kaggle/input/datasets/researchersajid/mangoclassify-12-native-mango-dataset-from-bd/MangoClassify-12/Banana/IMG_20250627_182934.jpg,Banana,/kaggle/working/small/Banana/00759.jpg,1,312,train
/kaggle/input/datasets/researchersajid/mangoclassify-12-native-mango-dataset-from-bd/MangoClassify-12/Banana/IMG_20250627_182943.jpg,Banana,/kaggle/working/small/Banana/00760.jpg,1,312,train
/kaggle/input/datasets/researchersajid/mangoclassify-12-native-mango-dataset-from-bd/MangoClassify-12/Banana/IMG_20250627_182949.jpg,Banana,/kaggle/working/small/Banana/00761.jpg,1,287,train
/kaggle/input/datasets/researchersajid/mangoclassify-12-native-mango-dataset-from-bd/MangoClassify-12/Banana/IMG_20250627_182956.jpg,Banana,/kaggle/working/small/Banana/00762.jpg,1,250,test
/kaggle/input/datasets/researchersajid/mangoclassify-12-native-mango-dataset-from-bd/MangoClassify-12/Banana/IMG_20250627_183001.jpg,Banana,/kaggle/working/small/Banana/00763.jpg,1,249,test
/kaggle/input/datasets/researchersajid/mangoclassify-12-native-mango-dataset-from-bd/MangoClassify-12/Banana/IMG_20250627_183013.jpg,Banana,/kaggle/working/small/Banana/00764.jpg,1,276,val
/kaggle/input/datasets/researchersajid/mangoclassify-12-native-mango-dataset-from-bd/MangoClassify-12/Banana/IMG_20250627_183021.jpg,Banana,/kaggle/working/small/Banana/00765.jpg,1,271,train
/kaggle/input/datasets/researchersajid/mangoclassify-12-native-mango-dataset-from-bd/MangoClassify-12/Banana/IMG_20250627_183026.jpg,Banana,/kaggle/working/small/Banana/00766.jpg,1,217,train
/kaggle/input/datasets/researchersajid/mangoclassify-12-native-mango-dataset-from-bd/MangoClassify-12/Banana/IMG_20250627_183050.jpg,Banana,/kaggle/working/small/Banana/00767.jpg,1,307,train
/kaggle/input/datasets/researchersajid/mangoclassify-12-native-mango-dataset-from-bd/MangoClassify-12/Banana/IMG_20250627_183057.jpg,Banana,/kaggle/working/small/Banana/00768.jpg,1,301,train
/kaggle/input/datasets/researchersajid/mangoclassify-12-native-mango-dataset-from-bd/MangoClassify-12/Banana/IMG_20250627_183101.jpg,Banana,/kaggle/working/small/Banana/00769.jpg,1,278,train
/kaggle/input/datasets/researchersajid/mangoclassify-12-native-mango-dataset-from-bd/MangoClassify-12/Banana/IMG_20250627_183105.jpg,Banana,/kaggle/working/small/Banana/00770.jpg,1,289,train
/kaggle/input/datasets/researchersajid/mangoclassify-12-native-mango-dataset-from-bd/MangoClassify-12/Banana/IMG_20250627_183112.jpg,Banana,/kaggle/working/small/Banana/00771.jpg,1,273,train
/kaggle/input/datasets/researchersajid/mangoclassify-12-native-mango-dataset-from-bd/MangoClassify-12/Banana/IMG_20250627_183118.jpg,Banana,/kaggle/working/small/Banana/00772.jpg,1,261,train
/kaggle/input/datasets/researchersajid/mangoclassify-12-native-mango-dataset-from-bd/MangoClassify-12/Banana/IMG_20250627_183123.jpg,Banana,/kaggle/working/small/Banana/00773.jpg,1,283,train
/kaggle/input/datasets/researchersajid/mangoclassify-12-native-mango-dataset-from-bd/MangoClassify-12/Banana/IMG_20250627_183130.jpg,Banana,/kaggle/working/small/Banana/00774.jpg,1,233,train
/kaggle/input/datasets/researchersajid/mangoclassify-12-native-mango-dataset-from-bd/MangoClassify-12/Banana/IMG_20250627_183415.jpg,Banana,/kaggle/working/small/Banana/00775.jpg,1,298,test
/kaggle/input/datasets/researchersajid/mangoclassify-12-native-mango-dataset-from-bd/MangoClassify-12/Banana/IMG_20250627_183424.jpg,Banana,/kaggle/working/small/Banana/00776.jpg,1,238,train
/kaggle/input/datasets/researchersajid/mangoclassify-12-native-mango-dataset-from-bd/MangoClassify-12/Banana/IMG_20250627_183432.jpg,Banana,/kaggle/working/small/Banana/00777.jpg,1,223,train
/kaggle/input/datasets/researchersajid/mangoclassify-12-native-mango-dataset-from-bd/MangoClassify-12/Banana/IMG_20250627_183441.jpg,Banana,/kaggle/working/small/Banana/00778.jpg,1,210,test
/kaggle/input/datasets/researchersajid/mangoclassify-12-native-mango-dataset-from-bd/MangoClassify-12/Banana/IMG_20250627_183446.jpg,Banana,/kaggle/working/small/Banana/00779.jpg,1,210,test
/kaggle/input/datasets/researchersajid/mangoclassify-12-native-mango-dataset-from-bd/MangoClassify-12/Banana/IMG_20250627_183457.jpg,Banana,/kaggle/working/small/Banana/00780.jpg,1,216,train
/kaggle/input/datasets/researchersajid/mangoclassify-12-native-mango-dataset-from-bd/MangoClassify-12/Banana/IMG_20250627_183508.jpg,Banana,/kaggle/working/small/Banana/00781.jpg,1,270,train
/kaggle/input/datasets/researchersajid/mangoclassify-12-native-mango-dataset-from-bd/MangoClassify-12/Banana/IMG_20250627_183527.jpg,Banana,/kaggle/working/small/Banana/00782.jpg,1,186,train
/kaggle/input/datasets/researchersajid/mangoclassify-12-native-mango-dataset-from-bd/MangoClassify-12/Banana/IMG_20250627_183536.jpg,Banana,/kaggle/working/small/Banana/00783.jpg,1,195,train
/kaggle/input/datasets/researchersajid/mangoclassify-12-native-mango-dataset-from-bd/MangoClassify-12/Banana/IMG_20250627_183541.jpg,Banana,/kaggle/working/small/Banana/00784.jpg,1,218,train
/kaggle/input/datasets/researchersajid/mangoclassify-12-native-mango-dataset-from-bd/MangoClassify-12/Banana/IMG_20250627_183547.jpg,Banana,/kaggle/working/small/Banana/00785.jpg,1,209,test
/kaggle/input/datasets/researchersajid/mangoclassify-12-native-mango-dataset-from-bd/MangoClassify-12/Banana/IMG_20250627_183555.jpg,Banana,/kaggle/working/small/Banana/00786.jpg,1,190,train
/kaggle/input/datasets/researchersajid/mangoclassify-12-native-mango-dataset-from-bd/MangoClassify-12/Banana/IMG_20250627_183603.jpg,Banana,/kaggle/working/small/Banana/00787.jpg,1,242,val
/kaggle/input/datasets/researchersajid/mangoclassify-12-native-mango-dataset-from-bd/MangoClassify-12/Banana/IMG_20250627_183609.jpg,Banana,/kaggle/working/small/Banana/00788.jpg,1,186,train
/kaggle/input/datasets/researchersajid/mangoclassify-12-native-mango-dataset-from-bd/MangoClassify-12/Banana/IMG_20250627_183614.jpg,Banana,/kaggle/working/small/Banana/00789.jpg,1,212,train
/kaggle/input/datasets/researchersajid/mangoclassify-12-native-mango-dataset-from-bd/MangoClassify-12/Banana/IMG_20250627_183641.jpg,Banana,/kaggle/working/small/Banana/00790.jpg,1,274,train
/kaggle/input/datasets/researchersajid/mangoclassify-12-native-mango-dataset-from-bd/MangoClassify-12/Banana/IMG_20250627_183647.jpg,Banana,/kaggle/working/small/Banana/00791.jpg,1,245,train
/kaggle/input/datasets/researchersajid/mangoclassify-12-native-mango-dataset-from-bd/MangoClassify-12/Banana/IMG_20250627_183651.jpg,Banana,/kaggle/working/small/Banana/00792.jpg,1,201,train
/kaggle/input/datasets/researchersajid/mangoclassify-12-native-mango-dataset-from-bd/MangoClassify-12/Banana/IMG_20250627_183654.jpg,Banana,/kaggle/working/small/Banana/00793.jpg,1,222,val
/kaggle/input/datasets/researchersajid/mangoclassify-12-native-mango-dataset-from-bd/MangoClassify-12/Banana/IMG_20250627_183700.jpg,Banana,/kaggle/working/small/Banana/00794.jpg,1,268,train
/kaggle/input/datasets/researchersajid/mangoclassify-12-native-mango-dataset-from-bd/MangoClassify-12/Banana/IMG_20250627_183704.jpg,Banana,/kaggle/working/small/Banana/00795.jpg,1,200,train
/kaggle/input/datasets/researchersajid/mangoclassify-12-native-mango-dataset-from-bd/MangoClassify-12/Banana/IMG_20250627_183710.jpg,Banana,/kaggle/working/small/Banana/00796.jpg,1,224,train
/kaggle/input/datasets/researchersajid/mangoclassify-12-native-mango-dataset-from-bd/MangoClassify-12/Banana/IMG_20250627_183752.jpg,Banana,/kaggle/working/small/Banana/00797.jpg,1,187,train
/kaggle/input/datasets/researchersajid/mangoclassify-12-native-mango-dataset-from-bd/MangoClassify-12/Banana/IMG_20250627_183758.jpg,Banana,/kaggle/working/small/Banana/00798.jpg,1,194,train
/kaggle/input/datasets/researchersajid/mangoclassify-12-native-mango-dataset-from-bd/MangoClassify-12/Banana/IMG_20250627_183803.jpg,Banana,/kaggle/working/small/Banana/00799.jpg,1,187,train
/kaggle/input/datasets/researchersajid/mangoclassify-12-native-mango-dataset-from-bd/MangoClassify-12/Banana/IMG_20250627_183807.jpg,Banana,/kaggle/working/small/Banana/00800.jpg,1,311,train
/kaggle/input/datasets/researchersajid/mangoclassify-12-native-mango-dataset-from-bd/MangoClassify-12/Banana/IMG_20250627_183828.jpg,Banana,/kaggle/working/small/Banana/00801.jpg,1,234,val
/kaggle/input/datasets/researchersajid/mangoclassify-12-native-mango-dataset-from-bd/MangoClassify-12/Banana/IMG_20250627_183833.jpg,Banana,/kaggle/working/small/Banana/00802.jpg,1,202,train
/kaggle/input/datasets/researchersajid/mangoclassify-12-native-mango-dataset-from-bd/MangoClassify-12/Banana/IMG_20250627_183839.jpg,Banana,/kaggle/working/small/Banana/00803.jpg,1,281,train
/kaggle/input/datasets/researchersajid/mangoclassify-12-native-mango-dataset-from-bd/MangoClassify-12/Banana/IMG_20250627_183939.jpg,Banana,/kaggle/working/small/Banana/00804.jpg,1,191,test
/kaggle/input/datasets/researchersajid/mangoclassify-12-native-mango-dataset-from-bd/MangoClassify-12/Banana/IMG_20250627_183947.jpg,Banana,/kaggle/working/small/Banana/00805.jpg,1,191,test
/kaggle/input/datasets/researchersajid/mangoclassify-12-native-mango-dataset-from-bd/MangoClassify-12/Banana/IMG_20250627_183952.jpg,Banana,/kaggle/working/small/Banana/00806.jpg,1,244,train
/kaggle/input/datasets/researchersajid/mangoclassify-12-native-mango-dataset-from-bd/MangoClassify-12/Banana/IMG_20250627_184001.jpg,Banana,/kaggle/working/small/Banana/00807.jpg,1,232,train
/kaggle/input/datasets/researchersajid/mangoclassify-12-native-mango-dataset-from-bd/MangoClassify-12/Banana/IMG_20250627_184005.jpg,Banana,/kaggle/working/small/Banana/00808.jpg,1,203,test
/kaggle/input/datasets/researchersajid/mangoclassify-12-native-mango-dataset-from-bd/MangoClassify-12/Banana/IMG_20250627_184009.jpg,Banana,/kaggle/working/small/Banana/00809.jpg,1,220,test
/kaggle/input/datasets/researchersajid/mangoclassify-12-native-mango-dataset-from-bd/MangoClassify-12/Banana/IMG_20250627_184014.jpg,Banana,/kaggle/working/small/Banana/00810.jpg,1,247,val
/kaggle/input/datasets/researchersajid/mangoclassify-12-native-mango-dataset-from-bd/MangoClassify-12/Banana/IMG_20250627_184018.jpg,Banana,/kaggle/working/small/Banana/00811.jpg,1,247,val
/kaggle/input/datasets/researchersajid/mangoclassify-12-native-mango-dataset-from-bd/MangoClassify-12/Bari 4/IMG20250628182352.jpg,Bari 4,/kaggle/working/small/Bari 4/00812.jpg,2,354,train
/kaggle/input/datasets/researchersajid/mangoclassify-12-native-mango-dataset-from-bd/MangoClassify-12/Bari 4/IMG20250628182352_01.jpg,Bari 4,/kaggle/working/small/Bari 4/00813.jpg,2,354,train
/kaggle/input/datasets/researchersajid/mangoclassify-12-native-mango-dataset-from-bd/MangoClassify-12/Bari 4/IMG20250628182357.jpg,Bari 4,/kaggle/working/small/Bari 4/00814.jpg,2,331,train
/kaggle/input/datasets/researchersajid/mangoclassify-12-native-mango-dataset-from-bd/MangoClassify-12/Bari 4/IMG20250628182359.jpg,Bari 4,/kaggle/working/small/Bari 4/00815.jpg,2,331,train
/kaggle/input/datasets/researchersajid/mangoclassify-12-native-mango-dataset-from-bd/MangoClassify-12/Bari 4/IMG20250628182408.jpg,Bari 4,/kaggle/working/small/Bari 4/00816.jpg,2,351,train
/kaggle/input/datasets/researchersajid/mangoclassify-12-native-mango-dataset-from-bd/MangoClassify-12/Bari 4/IMG20250628182408_01.jpg,Bari 4,/kaggle/working/small/Bari 4/00817.jpg,2,351,train
/kaggle/input/datasets/researchersajid/mangoclassify-12-native-mango-dataset-from-bd/MangoClassify-12/Bari 4/IMG20250628182418.jpg,Bari 4,/kaggle/working/small/Bari 4/00818.jpg,2,354,train
/kaggle/input/datasets/researchersajid/mangoclassify-12-native-mango-dataset-from-bd/MangoClassify-12/Bari 4/IMG20250628182422.jpg,Bari 4,/kaggle/working/small/Bari 4/00819.jpg,2,354,train
/kaggle/input/datasets/researchersajid/mangoclassify-12-native-mango-dataset-from-bd/MangoClassify-12/Bari 4/IMG20250628182439.jpg,Bari 4,/kaggle/working/small/Bari 4/00820.jpg,2,327,train
/kaggle/input/datasets/researchersajid/mangoclassify-12-native-mango-dataset-from-bd/MangoClassify-12/Bari 4/IMG20250628182439_01.jpg,Bari 4,/kaggle/working/small/Bari 4/00821.jpg,2,327,train
/kaggle/input/datasets/researchersajid/mangoclassify-12-native-mango-dataset-from-bd/MangoClassify-12/Bari 4/IMG20250628182447.jpg,Bari 4,/kaggle/working/small/Bari 4/00822.jpg,2,327,train
/kaggle/input/datasets/researchersajid/mangoclassify-12-native-mango-dataset-from-bd/MangoClassify-12/Bari 4/IMG20250628182447_01.jpg,Bari 4,/kaggle/working/small/Bari 4/00823.jpg,2,327,train
/kaggle/input/datasets/researchersajid/mangoclassify-12-native-mango-dataset-from-bd/MangoClassify-12/Bari 4/IMG20250628182453.jpg,Bari 4,/kaggle/working/small/Bari 4/00824.jpg,2,338,test
/kaggle/input/datasets/researchersajid/mangoclassify-12-native-mango-dataset-from-bd/MangoClassify-12/Bari 4/IMG20250628182453_01.jpg,Bari 4,/kaggle/working/small/Bari 4/00825.jpg,2,338,test
/kaggle/input/datasets/researchersajid/mangoclassify-12-native-mango-dataset-from-bd/MangoClassify-12/Bari 4/IMG20250628182503.jpg,Bari 4,/kaggle/working/small/Bari 4/00826.jpg,2,338,test
/kaggle/input/datasets/researchersajid/mangoclassify-12-native-mango-dataset-from-bd/MangoClassify-12/Bari 4/IMG20250628182508.jpg,Bari 4,/kaggle/working/small/Bari 4/00827.jpg,2,338,test
/kaggle/input/datasets/researchersajid/mangoclassify-12-native-mango-dataset-from-bd/MangoClassify-12/Bari 4/IMG20250628182525.jpg,Bari 4,/kaggle/working/small/Bari 4/00828.jpg,2,338,test
/kaggle/input/datasets/researchersajid/mangoclassify-12-native-mango-dataset-from-bd/MangoClassify-12/Bari 4/IMG20250628182526.jpg,Bari 4,/kaggle/working/small/Bari 4/00829.jpg,2,338,test
/kaggle/input/datasets/researchersajid/mangoclassify-12-native-mango-dataset-from-bd/MangoClassify-12/Bari 4/IMG20250628182531.jpg,Bari 4,/kaggle/working/small/Bari 4/00830.jpg,2,338,test
/kaggle/input/datasets/researchersajid/mangoclassify-12-native-mango-dataset-from-bd/MangoClassify-12/Bari 4/IMG20250628182531_01.jpg,Bari 4,/kaggle/working/small/Bari 4/00831.jpg,2,338,test
/kaggle/input/datasets/researchersajid/mangoclassify-12-native-mango-dataset-from-bd/MangoClassify-12/Bari 4/IMG20250628182539.jpg,Bari 4,/kaggle/working/small/Bari 4/00832.jpg,2,338,test
/kaggle/input/datasets/researchersajid/mangoclassify-12-native-mango-dataset-from-bd/MangoClassify-12/Bari 4/IMG20250628182539_01.jpg,Bari 4,/kaggle/working/small/Bari 4/00833.jpg,2,338,test
/kaggle/input/datasets/researchersajid/mangoclassify-12-native-mango-dataset-from-bd/MangoClassify-12/Bari 4/IMG20250628182547.jpg,Bari 4,/kaggle/working/small/Bari 4/00834.jpg,2,338,test
/kaggle/input/datasets/researchersajid/mangoclassify-12-native-mango-dataset-from-bd/MangoClassify-12/Bari 4/IMG20250628182548.jpg,Bari 4,/kaggle/working/small/Bari 4/00835.jpg,2,338,test
/kaggle/input/datasets/researchersajid/mangoclassify-12-native-mango-dataset-from-bd/MangoClassify-12/Bari 4/IMG20250628182555.jpg,Bari 4,/kaggle/working/small/Bari 4/00836.jpg,2,327,train
/kaggle/input/datasets/researchersajid/mangoclassify-12-native-mango-dataset-from-bd/MangoClassify-12/Bari 4/IMG20250628182556.jpg,Bari 4,/kaggle/working/small/Bari 4/00837.jpg,2,327,train
/kaggle/input/datasets/researchersajid/mangoclassify-12-native-mango-dataset-from-bd/MangoClassify-12/Bari 4/IMG20250628182604.jpg,Bari 4,/kaggle/working/small/Bari 4/00838.jpg,2,373,train
/kaggle/input/datasets/researchersajid/mangoclassify-12-native-mango-dataset-from-bd/MangoClassify-12/Bari 4/IMG20250628182607.jpg,Bari 4,/kaggle/working/small/Bari 4/00839.jpg,2,373,train
/kaggle/input/datasets/researchersajid/mangoclassify-12-native-mango-dataset-from-bd/MangoClassify-12/Bari 4/IMG20250628182615.jpg,Bari 4,/kaggle/working/small/Bari 4/00840.jpg,2,327,train
/kaggle/input/datasets/researchersajid/mangoclassify-12-native-mango-dataset-from-bd/MangoClassify-12/Bari 4/IMG20250628182616.jpg,Bari 4,/kaggle/working/small/Bari 4/00841.jpg,2,327,train
/kaggle/input/datasets/researchersajid/mangoclassify-12-native-mango-dataset-from-bd/MangoClassify-12/Bari 4/IMG20250628182625.jpg,Bari 4,/kaggle/working/small/Bari 4/00842.jpg,2,327,train
/kaggle/input/datasets/researchersajid/mangoclassify-12-native-mango-dataset-from-bd/MangoClassify-12/Bari 4/IMG20250628182625_01.jpg,Bari 4,/kaggle/working/small/Bari 4/00843.jpg,2,327,train
/kaggle/input/datasets/researchersajid/mangoclassify-12-native-mango-dataset-from-bd/MangoClassify-12/Bari 4/IMG20250628182636.jpg,Bari 4,/kaggle/working/small/Bari 4/00844.jpg,2,373,train
/kaggle/input/datasets/researchersajid/mangoclassify-12-native-mango-dataset-from-bd/MangoClassify-12/Bari 4/IMG20250628182636_01.jpg,Bari 4,/kaggle/working/small/Bari 4/00845.jpg,2,373,train
/kaggle/input/datasets/researchersajid/mangoclassify-12-native-mango-dataset-from-bd/MangoClassify-12/Bari 4/IMG20250628182643.jpg,Bari 4,/kaggle/working/small/Bari 4/00846.jpg,2,331,train
/kaggle/input/datasets/researchersajid/mangoclassify-12-native-mango-dataset-from-bd/MangoClassify-12/Bari 4/IMG20250628182645.jpg,Bari 4,/kaggle/working/small/Bari 4/00847.jpg,2,331,train
/kaggle/input/datasets/researchersajid/mangoclassify-12-native-mango-dataset-from-bd/MangoClassify-12/Bari 4/IMG20250628182656.jpg,Bari 4,/kaggle/working/small/Bari 4/00848.jpg,2,381,train
/kaggle/input/datasets/researchersajid/mangoclassify-12-native-mango-dataset-from-bd/MangoClassify-12/Bari 4/IMG20250628182657.jpg,Bari 4,/kaggle/working/small/Bari 4/00849.jpg,2,381,train
/kaggle/input/datasets/researchersajid/mangoclassify-12-native-mango-dataset-from-bd/MangoClassify-12/Bari 4/IMG20250628182709.jpg,Bari 4,/kaggle/working/small/Bari 4/00850.jpg,2,373,train
/kaggle/input/datasets/researchersajid/mangoclassify-12-native-mango-dataset-from-bd/MangoClassify-12/Bari 4/IMG20250628182711.jpg,Bari 4,/kaggle/working/small/Bari 4/00851.jpg,2,373,train
/kaggle/input/datasets/researchersajid/mangoclassify-12-native-mango-dataset-from-bd/MangoClassify-12/Bari 4/IMG20250628182720.jpg,Bari 4,/kaggle/working/small/Bari 4/00852.jpg,2,327,train
/kaggle/input/datasets/researchersajid/mangoclassify-12-native-mango-dataset-from-bd/MangoClassify-12/Bari 4/IMG20250628182722.jpg,Bari 4,/kaggle/working/small/Bari 4/00853.jpg,2,327,train
/kaggle/input/datasets/researchersajid/mangoclassify-12-native-mango-dataset-from-bd/MangoClassify-12/Bari 4/IMG20250628182728.jpg,Bari 4,/kaggle/working/small/Bari 4/00854.jpg,2,327,train
/kaggle/input/datasets/researchersajid/mangoclassify-12-native-mango-dataset-from-bd/MangoClassify-12/Bari 4/IMG20250628182731.jpg,Bari 4,/kaggle/working/small/Bari 4/00855.jpg,2,327,train
/kaggle/input/datasets/researchersajid/mangoclassify-12-native-mango-dataset-from-bd/MangoClassify-12/Bari 4/IMG20250628182740.jpg,Bari 4,/kaggle/working/small/Bari 4/00856.jpg,2,373,train
/kaggle/input/datasets/researchersajid/mangoclassify-12-native-mango-dataset-from-bd/MangoClassify-12/Bari 4/IMG20250628182741.jpg,Bari 4,/kaggle/working/small/Bari 4/00857.jpg,2,373,train
/kaggle/input/datasets/researchersajid/mangoclassify-12-native-mango-dataset-from-bd/MangoClassify-12/Bari 4/IMG20250628182758.jpg,Bari 4,/kaggle/working/small/Bari 4/00858.jpg,2,327,train
/kaggle/input/datasets/researchersajid/mangoclassify-12-native-mango-dataset-from-bd/MangoClassify-12/Bari 4/IMG20250628182759.jpg,Bari 4,/kaggle/working/small/Bari 4/00859.jpg,2,327,train
/kaggle/input/datasets/researchersajid/mangoclassify-12-native-mango-dataset-from-bd/MangoClassify-12/Bari 4/IMG20250628182808.jpg,Bari 4,/kaggle/working/small/Bari 4/00860.jpg,2,340,train
/kaggle/input/datasets/researchersajid/mangoclassify-12-native-mango-dataset-from-bd/MangoClassify-12/Bari 4/IMG20250628182812.jpg,Bari 4,/kaggle/working/small/Bari 4/00861.jpg,2,340,train
/kaggle/input/datasets/researchersajid/mangoclassify-12-native-mango-dataset-from-bd/MangoClassify-12/Bari 4/IMG20250628182821.jpg,Bari 4,/kaggle/working/small/Bari 4/00862.jpg,2,363,train
/kaggle/input/datasets/researchersajid/mangoclassify-12-native-mango-dataset-from-bd/MangoClassify-12/Bari 4/IMG20250628182822.jpg,Bari 4,/kaggle/working/small/Bari 4/00863.jpg,2,363,train
/kaggle/input/datasets/researchersajid/mangoclassify-12-native-mango-dataset-from-bd/MangoClassify-12/Bari 4/IMG20250628182832.jpg,Bari 4,/kaggle/working/small/Bari 4/00864.jpg,2,328,val
/kaggle/input/datasets/researchersajid/mangoclassify-12-native-mango-dataset-from-bd/MangoClassify-12/Bari 4/IMG20250628182833.jpg,Bari 4,/kaggle/working/small/Bari 4/00865.jpg,2,328,val
/kaggle/input/datasets/researchersajid/mangoclassify-12-native-mango-dataset-from-bd/MangoClassify-12/Bari 4/IMG20250628182850.jpg,Bari 4,/kaggle/working/small/Bari 4/00866.jpg,2,332,train
/kaggle/input/datasets/researchersajid/mangoclassify-12-native-mango-dataset-from-bd/MangoClassify-12/Bari 4/IMG20250628182852.jpg,Bari 4,/kaggle/working/small/Bari 4/00867.jpg,2,332,train
/kaggle/input/datasets/researchersajid/mangoclassify-12-native-mango-dataset-from-bd/MangoClassify-12/Bari 4/IMG20250628182858.jpg,Bari 4,/kaggle/working/small/Bari 4/00868.jpg,2,344,train
/kaggle/input/datasets/researchersajid/mangoclassify-12-native-mango-dataset-from-bd/MangoClassify-12/Bari 4/IMG20250628182858_01.jpg,Bari 4,/kaggle/working/small/Bari 4/00869.jpg,2,344,train
/kaggle/input/datasets/researchersajid/mangoclassify-12-native-mango-dataset-from-bd/MangoClassify-12/Bari 4/IMG20250628182904.jpg,Bari 4,/kaggle/working/small/Bari 4/00870.jpg,2,338,test
/kaggle/input/datasets/researchersajid/mangoclassify-12-native-mango-dataset-from-bd/MangoClassify-12/Bari 4/IMG20250628182905.jpg,Bari 4,/kaggle/working/small/Bari 4/00871.jpg,2,338,test
/kaggle/input/datasets/researchersajid/mangoclassify-12-native-mango-dataset-from-bd/MangoClassify-12/Bari 4/IMG20250628182925.jpg,Bari 4,/kaggle/working/small/Bari 4/00872.jpg,2,338,test
/kaggle/input/datasets/researchersajid/mangoclassify-12-native-mango-dataset-from-bd/MangoClassify-12/Bari 4/IMG20250628182927.jpg,Bari 4,/kaggle/working/small/Bari 4/00873.jpg,2,338,test
/kaggle/input/datasets/researchersajid/mangoclassify-12-native-mango-dataset-from-bd/MangoClassify-12/Bari 4/IMG20250628182932.jpg,Bari 4,/kaggle/working/small/Bari 4/00874.jpg,2,338,test
/kaggle/input/datasets/researchersajid/mangoclassify-12-native-mango-dataset-from-bd/MangoClassify-12/Bari 4/IMG20250628182933.jpg,Bari 4,/kaggle/working/small/Bari 4/00875.jpg,2,338,test
/kaggle/input/datasets/researchersajid/mangoclassify-12-native-mango-dataset-from-bd/MangoClassify-12/Bari 4/IMG20250628182938.jpg,Bari 4,/kaggle/working/small/Bari 4/00876.jpg,2,327,train
/kaggle/input/datasets/researchersajid/mangoclassify-12-native-mango-dataset-from-bd/MangoClassify-12/Bari 4/IMG20250628182939.jpg,Bari 4,/kaggle/working/small/Bari 4/00877.jpg,2,327,train
/kaggle/input/datasets/researchersajid/mangoclassify-12-native-mango-dataset-from-bd/MangoClassify-12/Bari 4/IMG20250628183212.jpg,Bari 4,/kaggle/working/small/Bari 4/00878.jpg,2,373,train
/kaggle/input/datasets/researchersajid/mangoclassify-12-native-mango-dataset-from-bd/MangoClassify-12/Bari 4/IMG20250628183213.jpg,Bari 4,/kaggle/working/small/Bari 4/00879.jpg,2,373,train
/kaggle/input/datasets/researchersajid/mangoclassify-12-native-mango-dataset-from-bd/MangoClassify-12/Bari 4/IMG20250628183222.jpg,Bari 4,/kaggle/working/small/Bari 4/00880.jpg,2,327,train
/kaggle/input/datasets/researchersajid/mangoclassify-12-native-mango-dataset-from-bd/MangoClassify-12/Bari 4/IMG20250628183223.jpg,Bari 4,/kaggle/working/small/Bari 4/00881.jpg,2,327,train
/kaggle/input/datasets/researchersajid/mangoclassify-12-native-mango-dataset-from-bd/MangoClassify-12/Bari 4/IMG20250628183229.jpg,Bari 4,/kaggle/working/small/Bari 4/00882.jpg,2,327,train
/kaggle/input/datasets/researchersajid/mangoclassify-12-native-mango-dataset-from-bd/MangoClassify-12/Bari 4/IMG20250628183230.jpg,Bari 4,/kaggle/working/small/Bari 4/00883.jpg,2,327,train
/kaggle/input/datasets/researchersajid/mangoclassify-12-native-mango-dataset-from-bd/MangoClassify-12/Bari 4/IMG20250628183232.jpg,Bari 4,/kaggle/working/small/Bari 4/00884.jpg,2,327,train
/kaggle/input/datasets/researchersajid/mangoclassify-12-native-mango-dataset-from-bd/MangoClassify-12/Bari 4/IMG20250628183251.jpg,Bari 4,/kaggle/working/small/Bari 4/00885.jpg,2,327,train
/kaggle/input/datasets/researchersajid/mangoclassify-12-native-mango-dataset-from-bd/MangoClassify-12/Bari 4/IMG20250628183251_01.jpg,Bari 4,/kaggle/working/small/Bari 4/00886.jpg,2,327,train
/kaggle/input/datasets/researchersajid/mangoclassify-12-native-mango-dataset-from-bd/MangoClassify-12/Bari 4/IMG20250628183301.jpg,Bari 4,/kaggle/working/small/Bari 4/00887.jpg,2,327,train
/kaggle/input/datasets/researchersajid/mangoclassify-12-native-mango-dataset-from-bd/MangoClassify-12/Bari 4/IMG20250628183302.jpg,Bari 4,/kaggle/working/small/Bari 4/00888.jpg,2,327,train
/kaggle/input/datasets/researchersajid/mangoclassify-12-native-mango-dataset-from-bd/MangoClassify-12/Bari 4/IMG20250628183313.jpg,Bari 4,/kaggle/working/small/Bari 4/00889.jpg,2,328,val
/kaggle/input/datasets/researchersajid/mangoclassify-12-native-mango-dataset-from-bd/MangoClassify-12/Bari 4/IMG20250628183314.jpg,Bari 4,/kaggle/working/small/Bari 4/00890.jpg,2,328,val
/kaggle/input/datasets/researchersajid/mangoclassify-12-native-mango-dataset-from-bd/MangoClassify-12/Bari 4/IMG20250628183322.jpg,Bari 4,/kaggle/working/small/Bari 4/00891.jpg,2,327,train
/kaggle/input/datasets/researchersajid/mangoclassify-12-native-mango-dataset-from-bd/MangoClassify-12/Bari 4/IMG20250628183329.jpg,Bari 4,/kaggle/working/small/Bari 4/00892.jpg,2,327,train
/kaggle/input/datasets/researchersajid/mangoclassify-12-native-mango-dataset-from-bd/MangoClassify-12/Bari 4/IMG20250628183346.jpg,Bari 4,/kaggle/working/small/Bari 4/00893.jpg,2,328,val
/kaggle/input/datasets/researchersajid/mangoclassify-12-native-mango-dataset-from-bd/MangoClassify-12/Bari 4/IMG20250628183348.jpg,Bari 4,/kaggle/working/small/Bari 4/00894.jpg,2,328,val
/kaggle/input/datasets/researchersajid/mangoclassify-12-native-mango-dataset-from-bd/MangoClassify-12/Bari 4/IMG20250628183354.jpg,Bari 4,/kaggle/working/small/Bari 4/00895.jpg,2,326,train
/kaggle/input/datasets/researchersajid/mangoclassify-12-native-mango-dataset-from-bd/MangoClassify-12/Bari 4/IMG20250628183355.jpg,Bari 4,/kaggle/working/small/Bari 4/00896.jpg,2,326,train
/kaggle/input/datasets/researchersajid/mangoclassify-12-native-mango-dataset-from-bd/MangoClassify-12/Bari 4/IMG20250628183406.jpg,Bari 4,/kaggle/working/small/Bari 4/00897.jpg,2,327,train
/kaggle/input/datasets/researchersajid/mangoclassify-12-native-mango-dataset-from-bd/MangoClassify-12/Bari 4/IMG20250628183408.jpg,Bari 4,/kaggle/working/small/Bari 4/00898.jpg,2,327,train
/kaggle/input/datasets/researchersajid/mangoclassify-12-native-mango-dataset-from-bd/MangoClassify-12/Bari 4/IMG20250628183425.jpg,Bari 4,/kaggle/working/small/Bari 4/00899.jpg,2,328,val
/kaggle/input/datasets/researchersajid/mangoclassify-12-native-mango-dataset-from-bd/MangoClassify-12/Bari 4/IMG20250628183429.jpg,Bari 4,/kaggle/working/small/Bari 4/00900.jpg,2,328,val
/kaggle/input/datasets/researchersajid/mangoclassify-12-native-mango-dataset-from-bd/MangoClassify-12/Bari 4/IMG20250628183435.jpg,Bari 4,/kaggle/working/small/Bari 4/00901.jpg,2,327,train
/kaggle/input/datasets/researchersajid/mangoclassify-12-native-mango-dataset-from-bd/MangoClassify-12/Bari 4/IMG20250628183436.jpg,Bari 4,/kaggle/working/small/Bari 4/00902.jpg,2,327,train
/kaggle/input/datasets/researchersajid/mangoclassify-12-native-mango-dataset-from-bd/MangoClassify-12/Bari 4/IMG20250628183444.jpg,Bari 4,/kaggle/working/small/Bari 4/00903.jpg,2,328,val
/kaggle/input/datasets/researchersajid/mangoclassify-12-native-mango-dataset-from-bd/MangoClassify-12/Bari 4/IMG20250628183447.jpg,Bari 4,/kaggle/working/small/Bari 4/00904.jpg,2,328,val
/kaggle/input/datasets/researchersajid/mangoclassify-12-native-mango-dataset-from-bd/MangoClassify-12/Bari 4/IMG20250628183448.jpg,Bari 4,/kaggle/working/small/Bari 4/00905.jpg,2,328,val
/kaggle/input/datasets/researchersajid/mangoclassify-12-native-mango-dataset-from-bd/MangoClassify-12/Bari 4/IMG20250628183452.jpg,Bari 4,/kaggle/working/small/Bari 4/00906.jpg,2,328,val
/kaggle/input/datasets/researchersajid/mangoclassify-12-native-mango-dataset-from-bd/MangoClassify-12/Bari 4/IMG20250628183453.jpg,Bari 4,/kaggle/working/small/Bari 4/00907.jpg,2,328,val
/kaggle/input/datasets/researchersajid/mangoclassify-12-native-mango-dataset-from-bd/MangoClassify-12/Bari 4/IMG20250628183516.jpg,Bari 4,/kaggle/working/small/Bari 4/00908.jpg,2,354,train
/kaggle/input/datasets/researchersajid/mangoclassify-12-native-mango-dataset-from-bd/MangoClassify-12/Bari 4/IMG20250628183517.jpg,Bari 4,/kaggle/working/small/Bari 4/00909.jpg,2,354,train
/kaggle/input/datasets/researchersajid/mangoclassify-12-native-mango-dataset-from-bd/MangoClassify-12/Bari 4/IMG20250628183527.jpg,Bari 4,/kaggle/working/small/Bari 4/00910.jpg,2,354,train
/kaggle/input/datasets/researchersajid/mangoclassify-12-native-mango-dataset-from-bd/MangoClassify-12/Bari 4/IMG20250628183533.jpg,Bari 4,/kaggle/working/small/Bari 4/00911.jpg,2,354,train
/kaggle/input/datasets/researchersajid/mangoclassify-12-native-mango-dataset-from-bd/MangoClassify-12/Bari 4/IMG20250628183539.jpg,Bari 4,/kaggle/working/small/Bari 4/00912.jpg,2,327,train
/kaggle/input/datasets/researchersajid/mangoclassify-12-native-mango-dataset-from-bd/MangoClassify-12/Bari 4/IMG20250628183544.jpg,Bari 4,/kaggle/working/small/Bari 4/00913.jpg,2,327,train
/kaggle/input/datasets/researchersajid/mangoclassify-12-native-mango-dataset-from-bd/MangoClassify-12/Bari 4/IMG20250628183547.jpg,Bari 4,/kaggle/working/small/Bari 4/00914.jpg,2,327,train
/kaggle/input/datasets/researchersajid/mangoclassify-12-native-mango-dataset-from-bd/MangoClassify-12/Bari 4/IMG20250628183601.jpg,Bari 4,/kaggle/working/small/Bari 4/00915.jpg,2,381,train
/kaggle/input/datasets/researchersajid/mangoclassify-12-native-mango-dataset-from-bd/MangoClassify-12/Bari 4/IMG20250628183602.jpg,Bari 4,/kaggle/working/small/Bari 4/00916.jpg,2,381,train
/kaggle/input/datasets/researchersajid/mangoclassify-12-native-mango-dataset-from-bd/MangoClassify-12/Bari 4/IMG20250628183608.jpg,Bari 4,/kaggle/working/small/Bari 4/00917.jpg,2,328,val
/kaggle/input/datasets/researchersajid/mangoclassify-12-native-mango-dataset-from-bd/MangoClassify-12/Bari 4/IMG20250628183609.jpg,Bari 4,/kaggle/working/small/Bari 4/00918.jpg,2,328,val
/kaggle/input/datasets/researchersajid/mangoclassify-12-native-mango-dataset-from-bd/MangoClassify-12/Bari 4/IMG20250628183618.jpg,Bari 4,/kaggle/working/small/Bari 4/00919.jpg,2,328,val
/kaggle/input/datasets/researchersajid/mangoclassify-12-native-mango-dataset-from-bd/MangoClassify-12/Bari 4/IMG20250628183619.jpg,Bari 4,/kaggle/working/small/Bari 4/00920.jpg,2,328,val
/kaggle/input/datasets/researchersajid/mangoclassify-12-native-mango-dataset-from-bd/MangoClassify-12/Bari 4/IMG20250628183646.jpg,Bari 4,/kaggle/working/small/Bari 4/00921.jpg,2,378,train
/kaggle/input/datasets/researchersajid/mangoclassify-12-native-mango-dataset-from-bd/MangoClassify-12/Bari 4/IMG20250628183651.jpg,Bari 4,/kaggle/working/small/Bari 4/00922.jpg,2,378,train
/kaggle/input/datasets/researchersajid/mangoclassify-12-native-mango-dataset-from-bd/MangoClassify-12/Bari 4/IMG20250628183652.jpg,Bari 4,/kaggle/working/small/Bari 4/00923.jpg,2,378,train
/kaggle/input/datasets/researchersajid/mangoclassify-12-native-mango-dataset-from-bd/MangoClassify-12/Bari 4/IMG20250628183658.jpg,Bari 4,/kaggle/working/small/Bari 4/00924.jpg,2,354,train
/kaggle/input/datasets/researchersajid/mangoclassify-12-native-mango-dataset-from-bd/MangoClassify-12/Bari 4/IMG20250628183659.jpg,Bari 4,/kaggle/working/small/Bari 4/00925.jpg,2,354,train
/kaggle/input/datasets/researchersajid/mangoclassify-12-native-mango-dataset-from-bd/MangoClassify-12/Bari 4/IMG20250628183714.jpg,Bari 4,/kaggle/working/small/Bari 4/00926.jpg,2,330,val
/kaggle/input/datasets/researchersajid/mangoclassify-12-native-mango-dataset-from-bd/MangoClassify-12/Bari 4/IMG20250628183725.jpg,Bari 4,/kaggle/working/small/Bari 4/00927.jpg,2,343,train
/kaggle/input/datasets/researchersajid/mangoclassify-12-native-mango-dataset-from-bd/MangoClassify-12/Bari 4/IMG20250628183726.jpg,Bari 4,/kaggle/working/small/Bari 4/00928.jpg,2,343,train
/kaggle/input/datasets/researchersajid/mangoclassify-12-native-mango-dataset-from-bd/MangoClassify-12/Bari 4/IMG20250628183733.jpg,Bari 4,/kaggle/working/small/Bari 4/00929.jpg,2,343,train
/kaggle/input/datasets/researchersajid/mangoclassify-12-native-mango-dataset-from-bd/MangoClassify-12/Bari 4/IMG20250628183734.jpg,Bari 4,/kaggle/working/small/Bari 4/00930.jpg,2,343,train
/kaggle/input/datasets/researchersajid/mangoclassify-12-native-mango-dataset-from-bd/MangoClassify-12/Bari 4/IMG20250628183933.jpg,Bari 4,/kaggle/working/small/Bari 4/00931.jpg,2,343,train
/kaggle/input/datasets/researchersajid/mangoclassify-12-native-mango-dataset-from-bd/MangoClassify-12/Bari 4/IMG20250628183939.jpg,Bari 4,/kaggle/working/small/Bari 4/00932.jpg,2,370,test
/kaggle/input/datasets/researchersajid/mangoclassify-12-native-mango-dataset-from-bd/MangoClassify-12/Bari 4/IMG20250628184005.jpg,Bari 4,/kaggle/working/small/Bari 4/00933.jpg,2,328,val
/kaggle/input/datasets/researchersajid/mangoclassify-12-native-mango-dataset-from-bd/MangoClassify-12/Bari 4/IMG20250628184006.jpg,Bari 4,/kaggle/working/small/Bari 4/00934.jpg,2,328,val
/kaggle/input/datasets/researchersajid/mangoclassify-12-native-mango-dataset-from-bd/MangoClassify-12/Bari 4/IMG20250628184012.jpg,Bari 4,/kaggle/working/small/Bari 4/00935.jpg,2,327,train
/kaggle/input/datasets/researchersajid/mangoclassify-12-native-mango-dataset-from-bd/MangoClassify-12/Bari 4/IMG20250628184012_01.jpg,Bari 4,/kaggle/working/small/Bari 4/00936.jpg,2,327,train
/kaggle/input/datasets/researchersajid/mangoclassify-12-native-mango-dataset-from-bd/MangoClassify-12/Bari 4/IMG20250628184023.jpg,Bari 4,/kaggle/working/small/Bari 4/00937.jpg,2,381,train
/kaggle/input/datasets/researchersajid/mangoclassify-12-native-mango-dataset-from-bd/MangoClassify-12/Bari 4/IMG20250628184023_01.jpg,Bari 4,/kaggle/working/small/Bari 4/00938.jpg,2,381,train
/kaggle/input/datasets/researchersajid/mangoclassify-12-native-mango-dataset-from-bd/MangoClassify-12/Bari 4/IMG20250628184039.jpg,Bari 4,/kaggle/working/small/Bari 4/00939.jpg,2,328,val
/kaggle/input/datasets/researchersajid/mangoclassify-12-native-mango-dataset-from-bd/MangoClassify-12/Bari 4/IMG20250628184054.jpg,Bari 4,/kaggle/working/small/Bari 4/00940.jpg,2,327,train
/kaggle/input/datasets/researchersajid/mangoclassify-12-native-mango-dataset-from-bd/MangoClassify-12/Bari 4/IMG20250628184102.jpg,Bari 4,/kaggle/working/small/Bari 4/00941.jpg,2,327,train
/kaggle/input/datasets/researchersajid/mangoclassify-12-native-mango-dataset-from-bd/MangoClassify-12/Bari 4/IMG20250628184104.jpg,Bari 4,/kaggle/working/small/Bari 4/00942.jpg,2,327,train
/kaggle/input/datasets/researchersajid/mangoclassify-12-native-mango-dataset-from-bd/MangoClassify-12/Bari 4/IMG20250628184109.jpg,Bari 4,/kaggle/working/small/Bari 4/00943.jpg,2,327,train
/kaggle/input/datasets/researchersajid/mangoclassify-12-native-mango-dataset-from-bd/MangoClassify-12/Bari 4/IMG20250628184110.jpg,Bari 4,/kaggle/working/small/Bari 4/00944.jpg,2,327,train
/kaggle/input/datasets/researchersajid/mangoclassify-12-native-mango-dataset-from-bd/MangoClassify-12/Bari 4/IMG20250628184115.jpg,Bari 4,/kaggle/working/small/Bari 4/00945.jpg,2,327,train
/kaggle/input/datasets/researchersajid/mangoclassify-12-native-mango-dataset-from-bd/MangoClassify-12/Bari 4/IMG20250628184117.jpg,Bari 4,/kaggle/working/small/Bari 4/00946.jpg,2,327,train
/kaggle/input/datasets/researchersajid/mangoclassify-12-native-mango-dataset-from-bd/MangoClassify-12/Bari 4/IMG20250628184123.jpg,Bari 4,/kaggle/working/small/Bari 4/00947.jpg,2,346,train
/kaggle/input/datasets/researchersajid/mangoclassify-12-native-mango-dataset-from-bd/MangoClassify-12/Bari 4/IMG20250628184125.jpg,Bari 4,/kaggle/working/small/Bari 4/00948.jpg,2,346,train
/kaggle/input/datasets/researchersajid/mangoclassify-12-native-mango-dataset-from-bd/MangoClassify-12/Bari 4/IMG20250628184132.jpg,Bari 4,/kaggle/working/small/Bari 4/00949.jpg,2,342,train
/kaggle/input/datasets/researchersajid/mangoclassify-12-native-mango-dataset-from-bd/MangoClassify-12/Bari 4/IMG20250628184134.jpg,Bari 4,/kaggle/working/small/Bari 4/00950.jpg,2,342,train
/kaggle/input/datasets/researchersajid/mangoclassify-12-native-mango-dataset-from-bd/MangoClassify-12/Bari 4/IMG20250628184144.jpg,Bari 4,/kaggle/working/small/Bari 4/00951.jpg,2,338,test
/kaggle/input/datasets/researchersajid/mangoclassify-12-native-mango-dataset-from-bd/MangoClassify-12/Bari 4/IMG20250628184144_01.jpg,Bari 4,/kaggle/working/small/Bari 4/00952.jpg,2,338,test
/kaggle/input/datasets/researchersajid/mangoclassify-12-native-mango-dataset-from-bd/MangoClassify-12/Bari 4/IMG20250628184149.jpg,Bari 4,/kaggle/working/small/Bari 4/00953.jpg,2,338,test
/kaggle/input/datasets/researchersajid/mangoclassify-12-native-mango-dataset-from-bd/MangoClassify-12/Bari 4/IMG20250628184150.jpg,Bari 4,/kaggle/working/small/Bari 4/00954.jpg,2,338,test
/kaggle/input/datasets/researchersajid/mangoclassify-12-native-mango-dataset-from-bd/MangoClassify-12/Bari 4/IMG20250628184206.jpg,Bari 4,/kaggle/working/small/Bari 4/00955.jpg,2,369,train
/kaggle/input/datasets/researchersajid/mangoclassify-12-native-mango-dataset-from-bd/MangoClassify-12/Bari 4/IMG20250628184208.jpg,Bari 4,/kaggle/working/small/Bari 4/00956.jpg,2,369,train
/kaggle/input/datasets/researchersajid/mangoclassify-12-native-mango-dataset-from-bd/MangoClassify-12/Bari 4/IMG20250628184217.jpg,Bari 4,/kaggle/working/small/Bari 4/00957.jpg,2,327,train
/kaggle/input/datasets/researchersajid/mangoclassify-12-native-mango-dataset-from-bd/MangoClassify-12/Bari 4/IMG20250628184218.jpg,Bari 4,/kaggle/working/small/Bari 4/00958.jpg,2,327,train
/kaggle/input/datasets/researchersajid/mangoclassify-12-native-mango-dataset-from-bd/MangoClassify-12/Bari 4/IMG20250628184230.jpg,Bari 4,/kaggle/working/small/Bari 4/00959.jpg,2,327,train
/kaggle/input/datasets/researchersajid/mangoclassify-12-native-mango-dataset-from-bd/MangoClassify-12/Bari 4/IMG20250628184231.jpg,Bari 4,/kaggle/working/small/Bari 4/00960.jpg,2,327,train
/kaggle/input/datasets/researchersajid/mangoclassify-12-native-mango-dataset-from-bd/MangoClassify-12/Bari 4/IMG20250628184239.jpg,Bari 4,/kaggle/working/small/Bari 4/00961.jpg,2,369,train
/kaggle/input/datasets/researchersajid/mangoclassify-12-native-mango-dataset-from-bd/MangoClassify-12/Bari 4/IMG20250628184242.jpg,Bari 4,/kaggle/working/small/Bari 4/00962.jpg,2,369,train
/kaggle/input/datasets/researchersajid/mangoclassify-12-native-mango-dataset-from-bd/MangoClassify-12/Bari 4/IMG20250628184256.jpg,Bari 4,/kaggle/working/small/Bari 4/00963.jpg,2,373,train
/kaggle/input/datasets/researchersajid/mangoclassify-12-native-mango-dataset-from-bd/MangoClassify-12/Bari 4/IMG20250628184258.jpg,Bari 4,/kaggle/working/small/Bari 4/00964.jpg,2,373,train
/kaggle/input/datasets/researchersajid/mangoclassify-12-native-mango-dataset-from-bd/MangoClassify-12/Bari 4/IMG20250628184303.jpg,Bari 4,/kaggle/working/small/Bari 4/00965.jpg,2,354,train
/kaggle/input/datasets/researchersajid/mangoclassify-12-native-mango-dataset-from-bd/MangoClassify-12/Bari 4/IMG20250628184305.jpg,Bari 4,/kaggle/working/small/Bari 4/00966.jpg,2,354,train
/kaggle/input/datasets/researchersajid/mangoclassify-12-native-mango-dataset-from-bd/MangoClassify-12/Bari 4/IMG20250628184311.jpg,Bari 4,/kaggle/working/small/Bari 4/00967.jpg,2,327,train
/kaggle/input/datasets/researchersajid/mangoclassify-12-native-mango-dataset-from-bd/MangoClassify-12/Bari 4/IMG20250628184313.jpg,Bari 4,/kaggle/working/small/Bari 4/00968.jpg,2,327,train
/kaggle/input/datasets/researchersajid/mangoclassify-12-native-mango-dataset-from-bd/MangoClassify-12/Bari 4/IMG20250628184338.jpg,Bari 4,/kaggle/working/small/Bari 4/00969.jpg,2,353,train
/kaggle/input/datasets/researchersajid/mangoclassify-12-native-mango-dataset-from-bd/MangoClassify-12/Bari 4/IMG20250628184339.jpg,Bari 4,/kaggle/working/small/Bari 4/00970.jpg,2,353,train
/kaggle/input/datasets/researchersajid/mangoclassify-12-native-mango-dataset-from-bd/MangoClassify-12/Bari 4/IMG20250628184346.jpg,Bari 4,/kaggle/working/small/Bari 4/00971.jpg,2,330,val
/kaggle/input/datasets/researchersajid/mangoclassify-12-native-mango-dataset-from-bd/MangoClassify-12/Bari 4/IMG20250628184347.jpg,Bari 4,/kaggle/working/small/Bari 4/00972.jpg,2,330,val
/kaggle/input/datasets/researchersajid/mangoclassify-12-native-mango-dataset-from-bd/MangoClassify-12/Bari 4/IMG20250628184355.jpg,Bari 4,/kaggle/working/small/Bari 4/00973.jpg,2,330,val
/kaggle/input/datasets/researchersajid/mangoclassify-12-native-mango-dataset-from-bd/MangoClassify-12/Bari 4/IMG20250628184356.jpg,Bari 4,/kaggle/working/small/Bari 4/00974.jpg,2,330,val
/kaggle/input/datasets/researchersajid/mangoclassify-12-native-mango-dataset-from-bd/MangoClassify-12/Bari 4/IMG20250628184411.jpg,Bari 4,/kaggle/working/small/Bari 4/00975.jpg,2,380,train
/kaggle/input/datasets/researchersajid/mangoclassify-12-native-mango-dataset-from-bd/MangoClassify-12/Bari 4/IMG20250628184412.jpg,Bari 4,/kaggle/working/small/Bari 4/00976.jpg,2,380,train
/kaggle/input/datasets/researchersajid/mangoclassify-12-native-mango-dataset-from-bd/MangoClassify-12/Bari 4/IMG20250628184419.jpg,Bari 4,/kaggle/working/small/Bari 4/00977.jpg,2,354,train
/kaggle/input/datasets/researchersajid/mangoclassify-12-native-mango-dataset-from-bd/MangoClassify-12/Bari 4/IMG20250628184420.jpg,Bari 4,/kaggle/working/small/Bari 4/00978.jpg,2,354,train
/kaggle/input/datasets/researchersajid/mangoclassify-12-native-mango-dataset-from-bd/MangoClassify-12/Bari 4/IMG20250628184427.jpg,Bari 4,/kaggle/working/small/Bari 4/00979.jpg,2,356,train
/kaggle/input/datasets/researchersajid/mangoclassify-12-native-mango-dataset-from-bd/MangoClassify-12/Bari 4/IMG20250628184428.jpg,Bari 4,/kaggle/working/small/Bari 4/00980.jpg,2,356,train
/kaggle/input/datasets/researchersajid/mangoclassify-12-native-mango-dataset-from-bd/MangoClassify-12/Bari 4/IMG20250628184450.jpg,Bari 4,/kaggle/working/small/Bari 4/00981.jpg,2,335,train
/kaggle/input/datasets/researchersajid/mangoclassify-12-native-mango-dataset-from-bd/MangoClassify-12/Bari 4/IMG20250628184452.jpg,Bari 4,/kaggle/working/small/Bari 4/00982.jpg,2,335,train
/kaggle/input/datasets/researchersajid/mangoclassify-12-native-mango-dataset-from-bd/MangoClassify-12/Bari 4/IMG20250628184457.jpg,Bari 4,/kaggle/working/small/Bari 4/00983.jpg,2,358,train
/kaggle/input/datasets/researchersajid/mangoclassify-12-native-mango-dataset-from-bd/MangoClassify-12/Bari 4/IMG20250628184501.jpg,Bari 4,/kaggle/working/small/Bari 4/00984.jpg,2,335,train
/kaggle/input/datasets/researchersajid/mangoclassify-12-native-mango-dataset-from-bd/MangoClassify-12/Bari 4/IMG20250628184502.jpg,Bari 4,/kaggle/working/small/Bari 4/00985.jpg,2,335,train
/kaggle/input/datasets/researchersajid/mangoclassify-12-native-mango-dataset-from-bd/MangoClassify-12/Bari 4/IMG_20250628_182423 (1) (1).jpg,Bari 4,/kaggle/working/small/Bari 4/00986.jpg,2,359,train
/kaggle/input/datasets/researchersajid/mangoclassify-12-native-mango-dataset-from-bd/MangoClassify-12/Bari 4/IMG_20250628_182441 (1) (1).jpg,Bari 4,/kaggle/working/small/Bari 4/00987.jpg,2,364,train
/kaggle/input/datasets/researchersajid/mangoclassify-12-native-mango-dataset-from-bd/MangoClassify-12/Bari 4/IMG_20250628_182447 (1) (1).jpg,Bari 4,/kaggle/working/small/Bari 4/00988.jpg,2,329,train
/kaggle/input/datasets/researchersajid/mangoclassify-12-native-mango-dataset-from-bd/MangoClassify-12/Bari 4/IMG_20250628_182452 (1) (1).jpg,Bari 4,/kaggle/working/small/Bari 4/00989.jpg,2,386,train
/kaggle/input/datasets/researchersajid/mangoclassify-12-native-mango-dataset-from-bd/MangoClassify-12/Bari 4/IMG_20250628_182506 (1) (1).jpg,Bari 4,/kaggle/working/small/Bari 4/00990.jpg,2,368,test
/kaggle/input/datasets/researchersajid/mangoclassify-12-native-mango-dataset-from-bd/MangoClassify-12/Bari 4/IMG_20250628_182600 (1) (1).jpg,Bari 4,/kaggle/working/small/Bari 4/00991.jpg,2,339,val
/kaggle/input/datasets/researchersajid/mangoclassify-12-native-mango-dataset-from-bd/MangoClassify-12/Bari 4/IMG_20250628_182608 (1) (1).jpg,Bari 4,/kaggle/working/small/Bari 4/00992.jpg,2,339,val
/kaggle/input/datasets/researchersajid/mangoclassify-12-native-mango-dataset-from-bd/MangoClassify-12/Bari 4/IMG_20250628_182612 (1) (1).jpg,Bari 4,/kaggle/working/small/Bari 4/00993.jpg,2,337,test
/kaggle/input/datasets/researchersajid/mangoclassify-12-native-mango-dataset-from-bd/MangoClassify-12/Bari 4/IMG_20250628_182616 (1) (1).jpg,Bari 4,/kaggle/working/small/Bari 4/00994.jpg,2,334,train
/kaggle/input/datasets/researchersajid/mangoclassify-12-native-mango-dataset-from-bd/MangoClassify-12/Bari 4/IMG_20250628_182623 (1) (1).jpg,Bari 4,/kaggle/working/small/Bari 4/00995.jpg,2,382,test
/kaggle/input/datasets/researchersajid/mangoclassify-12-native-mango-dataset-from-bd/MangoClassify-12/Bari 4/IMG_20250628_182632 (1) (1).jpg,Bari 4,/kaggle/working/small/Bari 4/00996.jpg,2,337,test
/kaggle/input/datasets/researchersajid/mangoclassify-12-native-mango-dataset-from-bd/MangoClassify-12/Bari 4/IMG_20250628_182650 (1) (1).jpg,Bari 4,/kaggle/working/small/Bari 4/00997.jpg,2,325,train
/kaggle/input/datasets/researchersajid/mangoclassify-12-native-mango-dataset-from-bd/MangoClassify-12/Bari 4/IMG_20250628_182658 (1) (1).jpg,Bari 4,/kaggle/working/small/Bari 4/00998.jpg,2,349,val
/kaggle/input/datasets/researchersajid/mangoclassify-12-native-mango-dataset-from-bd/MangoClassify-12/Bari 4/IMG_20250628_182707 (1) (1).jpg,Bari 4,/kaggle/working/small/Bari 4/00999.jpg,2,326,train
/kaggle/input/datasets/researchersajid/mangoclassify-12-native-mango-dataset-from-bd/MangoClassify-12/Bari 4/IMG_20250628_182717 (1) (1).jpg,Bari 4,/kaggle/working/small/Bari 4/01000.jpg,2,325,train
/kaggle/input/datasets/researchersajid/mangoclassify-12-native-mango-dataset-from-bd/MangoClassify-12/Bari 4/IMG_20250628_182724 (1) (1).jpg,Bari 4,/kaggle/working/small/Bari 4/01001.jpg,2,348,train
/kaggle/input/datasets/researchersajid/mangoclassify-12-native-mango-dataset-from-bd/MangoClassify-12/Bari 4/IMG_20250628_182757 (1) (1).jpg,Bari 4,/kaggle/working/small/Bari 4/01002.jpg,2,387,train
/kaggle/input/datasets/researchersajid/mangoclassify-12-native-mango-dataset-from-bd/MangoClassify-12/Bari 4/IMG_20250628_182813 (1) (1).jpg,Bari 4,/kaggle/working/small/Bari 4/01003.jpg,2,374,train
/kaggle/input/datasets/researchersajid/mangoclassify-12-native-mango-dataset-from-bd/MangoClassify-12/Bari 4/IMG_20250628_182820 (1) (1).jpg,Bari 4,/kaggle/working/small/Bari 4/01004.jpg,2,375,val
/kaggle/input/datasets/researchersajid/mangoclassify-12-native-mango-dataset-from-bd/MangoClassify-12/Bari 4/IMG_20250628_182825 (1) (1).jpg,Bari 4,/kaggle/working/small/Bari 4/01005.jpg,2,329,train
/kaggle/input/datasets/researchersajid/mangoclassify-12-native-mango-dataset-from-bd/MangoClassify-12/Bari 4/IMG_20250628_182830 (1) (1).jpg,Bari 4,/kaggle/working/small/Bari 4/01006.jpg,2,361,train
/kaggle/input/datasets/researchersajid/mangoclassify-12-native-mango-dataset-from-bd/MangoClassify-12/Bari 4/IMG_20250628_182843 (1) (1).jpg,Bari 4,/kaggle/working/small/Bari 4/01007.jpg,2,347,train
/kaggle/input/datasets/researchersajid/mangoclassify-12-native-mango-dataset-from-bd/MangoClassify-12/Bari 4/IMG_20250628_182858 (1) (1).jpg,Bari 4,/kaggle/working/small/Bari 4/01008.jpg,2,339,val
/kaggle/input/datasets/researchersajid/mangoclassify-12-native-mango-dataset-from-bd/MangoClassify-12/Bari 4/IMG_20250628_182905 (1) (1).jpg,Bari 4,/kaggle/working/small/Bari 4/01009.jpg,2,366,train
/kaggle/input/datasets/researchersajid/mangoclassify-12-native-mango-dataset-from-bd/MangoClassify-12/Bari 4/IMG_20250628_182912 (1) (1).jpg,Bari 4,/kaggle/working/small/Bari 4/01010.jpg,2,385,val
/kaggle/input/datasets/researchersajid/mangoclassify-12-native-mango-dataset-from-bd/MangoClassify-12/Bari 4/IMG_20250628_182917 (1) (1).jpg,Bari 4,/kaggle/working/small/Bari 4/01011.jpg,2,347,train
/kaggle/input/datasets/researchersajid/mangoclassify-12-native-mango-dataset-from-bd/MangoClassify-12/Bari 4/IMG_20250628_183229 (1).jpg,Bari 4,/kaggle/working/small/Bari 4/01012.jpg,2,334,train
/kaggle/input/datasets/researchersajid/mangoclassify-12-native-mango-dataset-from-bd/MangoClassify-12/Bari 4/IMG_20250628_183235 (1).jpg,Bari 4,/kaggle/working/small/Bari 4/01013.jpg,2,384,train
/kaggle/input/datasets/researchersajid/mangoclassify-12-native-mango-dataset-from-bd/MangoClassify-12/Bari 4/IMG_20250628_183240 (1).jpg,Bari 4,/kaggle/working/small/Bari 4/01014.jpg,2,351,train
/kaggle/input/datasets/researchersajid/mangoclassify-12-native-mango-dataset-from-bd/MangoClassify-12/Bari 4/IMG_20250628_183245 (1).jpg,Bari 4,/kaggle/working/small/Bari 4/01015.jpg,2,334,train
/kaggle/input/datasets/researchersajid/mangoclassify-12-native-mango-dataset-from-bd/MangoClassify-12/Bari 4/IMG_20250628_183249 (1).jpg,Bari 4,/kaggle/working/small/Bari 4/01016.jpg,2,365,train
/kaggle/input/datasets/researchersajid/mangoclassify-12-native-mango-dataset-from-bd/MangoClassify-12/Bari 4/IMG_20250628_183258 (1).jpg,Bari 4,/kaggle/working/small/Bari 4/01017.jpg,2,377,val
/kaggle/input/datasets/researchersajid/mangoclassify-12-native-mango-dataset-from-bd/MangoClassify-12/Bari 4/IMG_20250628_183316 (1).jpg,Bari 4,/kaggle/working/small/Bari 4/01018.jpg,2,355,train
/kaggle/input/datasets/researchersajid/mangoclassify-12-native-mango-dataset-from-bd/MangoClassify-12/Bari 4/IMG_20250628_183323 (1).jpg,Bari 4,/kaggle/working/small/Bari 4/01019.jpg,2,371,train
/kaggle/input/datasets/researchersajid/mangoclassify-12-native-mango-dataset-from-bd/MangoClassify-12/Bari 4/IMG_20250628_183352 (1).jpg,Bari 4,/kaggle/working/small/Bari 4/01020.jpg,2,341,train
/kaggle/input/datasets/researchersajid/mangoclassify-12-native-mango-dataset-from-bd/MangoClassify-12/Bari 4/IMG_20250628_183407 (1).jpg,Bari 4,/kaggle/working/small/Bari 4/01021.jpg,2,388,test
/kaggle/input/datasets/researchersajid/mangoclassify-12-native-mango-dataset-from-bd/MangoClassify-12/Bari 4/IMG_20250628_183411 (1).jpg,Bari 4,/kaggle/working/small/Bari 4/01022.jpg,2,379,train
/kaggle/input/datasets/researchersajid/mangoclassify-12-native-mango-dataset-from-bd/MangoClassify-12/Bari 4/IMG_20250628_183417 (1).jpg,Bari 4,/kaggle/working/small/Bari 4/01023.jpg,2,348,train
/kaggle/input/datasets/researchersajid/mangoclassify-12-native-mango-dataset-from-bd/MangoClassify-12/Bari 4/IMG_20250628_183438 (1).jpg,Bari 4,/kaggle/working/small/Bari 4/01024.jpg,2,383,train
/kaggle/input/datasets/researchersajid/mangoclassify-12-native-mango-dataset-from-bd/MangoClassify-12/Bari 4/IMG_20250628_183444 (1).jpg,Bari 4,/kaggle/working/small/Bari 4/01025.jpg,2,357,val
/kaggle/input/datasets/researchersajid/mangoclassify-12-native-mango-dataset-from-bd/MangoClassify-12/Bari 4/IMG_20250628_183449 (1).jpg,Bari 4,/kaggle/working/small/Bari 4/01026.jpg,2,376,train
/kaggle/input/datasets/researchersajid/mangoclassify-12-native-mango-dataset-from-bd/MangoClassify-12/Bari 4/IMG_20250628_183454 (1).jpg,Bari 4,/kaggle/working/small/Bari 4/01027.jpg,2,372,train
/kaggle/input/datasets/researchersajid/mangoclassify-12-native-mango-dataset-from-bd/MangoClassify-12/Bari 4/IMG_20250628_183505 (1).jpg,Bari 4,/kaggle/working/small/Bari 4/01028.jpg,2,350,train
/kaggle/input/datasets/researchersajid/mangoclassify-12-native-mango-dataset-from-bd/MangoClassify-12/Bari 4/IMG_20250628_183520 (1).jpg,Bari 4,/kaggle/working/small/Bari 4/01029.jpg,2,360,val
/kaggle/input/datasets/researchersajid/mangoclassify-12-native-mango-dataset-from-bd/MangoClassify-12/Bari 4/IMG_20250628_183525 (1).jpg,Bari 4,/kaggle/working/small/Bari 4/01030.jpg,2,385,val
/kaggle/input/datasets/researchersajid/mangoclassify-12-native-mango-dataset-from-bd/MangoClassify-12/Bari 4/IMG_20250628_183538 (1).jpg,Bari 4,/kaggle/working/small/Bari 4/01031.jpg,2,350,train
/kaggle/input/datasets/researchersajid/mangoclassify-12-native-mango-dataset-from-bd/MangoClassify-12/Bari 4/IMG_20250628_183545 (1).jpg,Bari 4,/kaggle/working/small/Bari 4/01032.jpg,2,362,train
/kaggle/input/datasets/researchersajid/mangoclassify-12-native-mango-dataset-from-bd/MangoClassify-12/Bari 4/IMG_20250628_183607 (1).jpg,Bari 4,/kaggle/working/small/Bari 4/01033.jpg,2,379,train
/kaggle/input/datasets/researchersajid/mangoclassify-12-native-mango-dataset-from-bd/MangoClassify-12/Bari 4/IMG_20250628_183616 (1).jpg,Bari 4,/kaggle/working/small/Bari 4/01034.jpg,2,349,val
/kaggle/input/datasets/researchersajid/mangoclassify-12-native-mango-dataset-from-bd/MangoClassify-12/Bari 4/IMG_20250628_183620 (1).jpg,Bari 4,/kaggle/working/small/Bari 4/01035.jpg,2,349,val
/kaggle/input/datasets/researchersajid/mangoclassify-12-native-mango-dataset-from-bd/MangoClassify-12/Bari 4/IMG_20250628_183643 (1).jpg,Bari 4,/kaggle/working/small/Bari 4/01036.jpg,2,389,train
/kaggle/input/datasets/researchersajid/mangoclassify-12-native-mango-dataset-from-bd/MangoClassify-12/Bari 4/IMG_20250628_184207.jpg,Bari 4,/kaggle/working/small/Bari 4/01037.jpg,2,349,val
/kaggle/input/datasets/researchersajid/mangoclassify-12-native-mango-dataset-from-bd/MangoClassify-12/Bari 4/IMG_20250628_184217.jpg,Bari 4,/kaggle/working/small/Bari 4/01038.jpg,2,332,train
/kaggle/input/datasets/researchersajid/mangoclassify-12-native-mango-dataset-from-bd/MangoClassify-12/Bari 4/IMG_20250628_184223.jpg,Bari 4,/kaggle/working/small/Bari 4/01039.jpg,2,326,train
/kaggle/input/datasets/researchersajid/mangoclassify-12-native-mango-dataset-from-bd/MangoClassify-12/Bari 4/IMG_20250628_184235.jpg,Bari 4,/kaggle/working/small/Bari 4/01040.jpg,2,367,train
/kaggle/input/datasets/researchersajid/mangoclassify-12-native-mango-dataset-from-bd/MangoClassify-12/Bari 4/IMG_20250628_184243.jpg,Bari 4,/kaggle/working/small/Bari 4/01041.jpg,2,345,train
/kaggle/input/datasets/researchersajid/mangoclassify-12-native-mango-dataset-from-bd/MangoClassify-12/Bari 4/IMG_20250628_184251.jpg,Bari 4,/kaggle/working/small/Bari 4/01042.jpg,2,336,test
/kaggle/input/datasets/researchersajid/mangoclassify-12-native-mango-dataset-from-bd/MangoClassify-12/Bari 4/IMG_20250628_184256.jpg,Bari 4,/kaggle/working/small/Bari 4/01043.jpg,2,336,test
/kaggle/input/datasets/researchersajid/mangoclassify-12-native-mango-dataset-from-bd/MangoClassify-12/Bari 4/IMG_20250628_184302.jpg,Bari 4,/kaggle/working/small/Bari 4/01044.jpg,2,352,train
/kaggle/input/datasets/researchersajid/mangoclassify-12-native-mango-dataset-from-bd/MangoClassify-12/Bari 4/IMG_20250628_184306.jpg,Bari 4,/kaggle/working/small/Bari 4/01045.jpg,2,352,train
/kaggle/input/datasets/researchersajid/mangoclassify-12-native-mango-dataset-from-bd/MangoClassify-12/Bari 4/IMG_20250628_184313.jpg,Bari 4,/kaggle/working/small/Bari 4/01046.jpg,2,336,test
/kaggle/input/datasets/researchersajid/mangoclassify-12-native-mango-dataset-from-bd/MangoClassify-12/Bari 4/IMG_20250628_184337.jpg,Bari 4,/kaggle/working/small/Bari 4/01047.jpg,2,333,train
/kaggle/input/datasets/researchersajid/mangoclassify-12-native-mango-dataset-from-bd/MangoClassify-12/Bari 4/IMG_20250628_184342.jpg,Bari 4,/kaggle/working/small/Bari 4/01048.jpg,2,333,train
/kaggle/input/datasets/researchersajid/mangoclassify-12-native-mango-dataset-from-bd/MangoClassify-12/Bari 4/IMG_20250628_184348.jpg,Bari 4,/kaggle/working/small/Bari 4/01049.jpg,2,333,train
/kaggle/input/datasets/researchersajid/mangoclassify-12-native-mango-dataset-from-bd/MangoClassify-12/Bari 4/IMG_20250628_184354.jpg,Bari 4,/kaggle/working/small/Bari 4/01050.jpg,2,333,train
/kaggle/input/datasets/researchersajid/mangoclassify-12-native-mango-dataset-from-bd/MangoClassify-12/Bari 4/IMG_20250628_184423.jpg,Bari 4,/kaggle/working/small/Bari 4/01051.jpg,2,349,val
/kaggle/input/datasets/researchersajid/mangoclassify-12-native-mango-dataset-from-bd/MangoClassify-12/Fazli/IMG20250628171559.jpg,Fazli,/kaggle/working/small/Fazli/01052.jpg,3,436,test
/kaggle/input/datasets/researchersajid/mangoclassify-12-native-mango-dataset-from-bd/MangoClassify-12/Fazli/IMG20250628171559_01.jpg,Fazli,/kaggle/working/small/Fazli/01053.jpg,3,436,test
/kaggle/input/datasets/researchersajid/mangoclassify-12-native-mango-dataset-from-bd/MangoClassify-12/Fazli/IMG20250628171609.jpg,Fazli,/kaggle/working/small/Fazli/01054.jpg,3,419,train
/kaggle/input/datasets/researchersajid/mangoclassify-12-native-mango-dataset-from-bd/MangoClassify-12/Fazli/IMG20250628171610.jpg,Fazli,/kaggle/working/small/Fazli/01055.jpg,3,419,train
/kaggle/input/datasets/researchersajid/mangoclassify-12-native-mango-dataset-from-bd/MangoClassify-12/Fazli/IMG20250628171624.jpg,Fazli,/kaggle/working/small/Fazli/01056.jpg,3,431,test
/kaggle/input/datasets/researchersajid/mangoclassify-12-native-mango-dataset-from-bd/MangoClassify-12/Fazli/IMG20250628171647.jpg,Fazli,/kaggle/working/small/Fazli/01057.jpg,3,399,train
/kaggle/input/datasets/researchersajid/mangoclassify-12-native-mango-dataset-from-bd/MangoClassify-12/Fazli/IMG20250628171648.jpg,Fazli,/kaggle/working/small/Fazli/01058.jpg,3,399,train
/kaggle/input/datasets/researchersajid/mangoclassify-12-native-mango-dataset-from-bd/MangoClassify-12/Fazli/IMG20250628171702.jpg,Fazli,/kaggle/working/small/Fazli/01059.jpg,3,433,train
/kaggle/input/datasets/researchersajid/mangoclassify-12-native-mango-dataset-from-bd/MangoClassify-12/Fazli/IMG20250628171703.jpg,Fazli,/kaggle/working/small/Fazli/01060.jpg,3,433,train
/kaggle/input/datasets/researchersajid/mangoclassify-12-native-mango-dataset-from-bd/MangoClassify-12/Fazli/IMG20250628171718.jpg,Fazli,/kaggle/working/small/Fazli/01061.jpg,3,417,train
/kaggle/input/datasets/researchersajid/mangoclassify-12-native-mango-dataset-from-bd/MangoClassify-12/Fazli/IMG20250628171718_01.jpg,Fazli,/kaggle/working/small/Fazli/01062.jpg,3,417,train
/kaggle/input/datasets/researchersajid/mangoclassify-12-native-mango-dataset-from-bd/MangoClassify-12/Fazli/IMG20250628171732.jpg,Fazli,/kaggle/working/small/Fazli/01063.jpg,3,405,test
/kaggle/input/datasets/researchersajid/mangoclassify-12-native-mango-dataset-from-bd/MangoClassify-12/Fazli/IMG20250628171733.jpg,Fazli,/kaggle/working/small/Fazli/01064.jpg,3,405,test
/kaggle/input/datasets/researchersajid/mangoclassify-12-native-mango-dataset-from-bd/MangoClassify-12/Fazli/IMG20250628171744.jpg,Fazli,/kaggle/working/small/Fazli/01065.jpg,3,440,val
/kaggle/input/datasets/researchersajid/mangoclassify-12-native-mango-dataset-from-bd/MangoClassify-12/Fazli/IMG20250628171744_01.jpg,Fazli,/kaggle/working/small/Fazli/01066.jpg,3,440,val
/kaggle/input/datasets/researchersajid/mangoclassify-12-native-mango-dataset-from-bd/MangoClassify-12/Fazli/IMG20250628171808.jpg,Fazli,/kaggle/working/small/Fazli/01067.jpg,3,435,val
/kaggle/input/datasets/researchersajid/mangoclassify-12-native-mango-dataset-from-bd/MangoClassify-12/Fazli/IMG20250628171809.jpg,Fazli,/kaggle/working/small/Fazli/01068.jpg,3,435,val
/kaggle/input/datasets/researchersajid/mangoclassify-12-native-mango-dataset-from-bd/MangoClassify-12/Fazli/IMG20250628171816.jpg,Fazli,/kaggle/working/small/Fazli/01069.jpg,3,404,train
/kaggle/input/datasets/researchersajid/mangoclassify-12-native-mango-dataset-from-bd/MangoClassify-12/Fazli/IMG20250628171817.jpg,Fazli,/kaggle/working/small/Fazli/01070.jpg,3,404,train
/kaggle/input/datasets/researchersajid/mangoclassify-12-native-mango-dataset-from-bd/MangoClassify-12/Fazli/IMG20250628171824.jpg,Fazli,/kaggle/working/small/Fazli/01071.jpg,3,404,train
/kaggle/input/datasets/researchersajid/mangoclassify-12-native-mango-dataset-from-bd/MangoClassify-12/Fazli/IMG_20250628_164807 (1).jpg,Fazli,/kaggle/working/small/Fazli/01072.jpg,3,420,train
/kaggle/input/datasets/researchersajid/mangoclassify-12-native-mango-dataset-from-bd/MangoClassify-12/Fazli/IMG_20250628_164825 (1).jpg,Fazli,/kaggle/working/small/Fazli/01073.jpg,3,403,train
/kaggle/input/datasets/researchersajid/mangoclassify-12-native-mango-dataset-from-bd/MangoClassify-12/Fazli/IMG_20250628_164835 (1).jpg,Fazli,/kaggle/working/small/Fazli/01074.jpg,3,390,train
/kaggle/input/datasets/researchersajid/mangoclassify-12-native-mango-dataset-from-bd/MangoClassify-12/Fazli/IMG_20250628_164845 (1).jpg,Fazli,/kaggle/working/small/Fazli/01075.jpg,3,394,val
/kaggle/input/datasets/researchersajid/mangoclassify-12-native-mango-dataset-from-bd/MangoClassify-12/Fazli/IMG_20250628_164859 (1).jpg,Fazli,/kaggle/working/small/Fazli/01076.jpg,3,402,test
/kaggle/input/datasets/researchersajid/mangoclassify-12-native-mango-dataset-from-bd/MangoClassify-12/Fazli/IMG_20250628_164909 (1).jpg,Fazli,/kaggle/working/small/Fazli/01077.jpg,3,403,train
/kaggle/input/datasets/researchersajid/mangoclassify-12-native-mango-dataset-from-bd/MangoClassify-12/Fazli/IMG_20250628_164917 (1).jpg,Fazli,/kaggle/working/small/Fazli/01078.jpg,3,437,train
/kaggle/input/datasets/researchersajid/mangoclassify-12-native-mango-dataset-from-bd/MangoClassify-12/Fazli/IMG_20250628_164932 (1).jpg,Fazli,/kaggle/working/small/Fazli/01079.jpg,3,415,train
/kaggle/input/datasets/researchersajid/mangoclassify-12-native-mango-dataset-from-bd/MangoClassify-12/Fazli/IMG_20250628_164937 (1).jpg,Fazli,/kaggle/working/small/Fazli/01080.jpg,3,390,train
/kaggle/input/datasets/researchersajid/mangoclassify-12-native-mango-dataset-from-bd/MangoClassify-12/Fazli/IMG_20250628_164942 (1).jpg,Fazli,/kaggle/working/small/Fazli/01081.jpg,3,394,val
/kaggle/input/datasets/researchersajid/mangoclassify-12-native-mango-dataset-from-bd/MangoClassify-12/Fazli/IMG_20250628_164951 (1).jpg,Fazli,/kaggle/working/small/Fazli/01082.jpg,3,424,train
/kaggle/input/datasets/researchersajid/mangoclassify-12-native-mango-dataset-from-bd/MangoClassify-12/Fazli/IMG_20250628_165005 (1).jpg,Fazli,/kaggle/working/small/Fazli/01083.jpg,3,396,train
/kaggle/input/datasets/researchersajid/mangoclassify-12-native-mango-dataset-from-bd/MangoClassify-12/Fazli/IMG_20250628_165010 (1).jpg,Fazli,/kaggle/working/small/Fazli/01084.jpg,3,396,train
/kaggle/input/datasets/researchersajid/mangoclassify-12-native-mango-dataset-from-bd/MangoClassify-12/Fazli/IMG_20250628_165019 (1).jpg,Fazli,/kaggle/working/small/Fazli/01085.jpg,3,432,train
/kaggle/input/datasets/researchersajid/mangoclassify-12-native-mango-dataset-from-bd/MangoClassify-12/Fazli/IMG_20250628_165023 (1).jpg,Fazli,/kaggle/working/small/Fazli/01086.jpg,3,396,train
/kaggle/input/datasets/researchersajid/mangoclassify-12-native-mango-dataset-from-bd/MangoClassify-12/Fazli/IMG_20250628_165030 (1).jpg,Fazli,/kaggle/working/small/Fazli/01087.jpg,3,414,val
/kaggle/input/datasets/researchersajid/mangoclassify-12-native-mango-dataset-from-bd/MangoClassify-12/Fazli/IMG_20250628_165036 (1).jpg,Fazli,/kaggle/working/small/Fazli/01088.jpg,3,426,train
/kaggle/input/datasets/researchersajid/mangoclassify-12-native-mango-dataset-from-bd/MangoClassify-12/Fazli/IMG_20250628_165043 (1).jpg,Fazli,/kaggle/working/small/Fazli/01089.jpg,3,414,val
/kaggle/input/datasets/researchersajid/mangoclassify-12-native-mango-dataset-from-bd/MangoClassify-12/Fazli/IMG_20250628_165057 (1).jpg,Fazli,/kaggle/working/small/Fazli/01090.jpg,3,390,train
/kaggle/input/datasets/researchersajid/mangoclassify-12-native-mango-dataset-from-bd/MangoClassify-12/Fazli/IMG_20250628_165108 (1).jpg,Fazli,/kaggle/working/small/Fazli/01091.jpg,3,395,train
/kaggle/input/datasets/researchersajid/mangoclassify-12-native-mango-dataset-from-bd/MangoClassify-12/Fazli/IMG_20250628_165118 (1).jpg,Fazli,/kaggle/working/small/Fazli/01092.jpg,3,396,train
/kaggle/input/datasets/researchersajid/mangoclassify-12-native-mango-dataset-from-bd/MangoClassify-12/Fazli/IMG_20250628_165141 (1).jpg,Fazli,/kaggle/working/small/Fazli/01093.jpg,3,434,val
/kaggle/input/datasets/researchersajid/mangoclassify-12-native-mango-dataset-from-bd/MangoClassify-12/Fazli/IMG_20250628_165146 (1).jpg,Fazli,/kaggle/working/small/Fazli/01094.jpg,3,413,train
/kaggle/input/datasets/researchersajid/mangoclassify-12-native-mango-dataset-from-bd/MangoClassify-12/Fazli/IMG_20250628_165153 (1).jpg,Fazli,/kaggle/working/small/Fazli/01095.jpg,3,421,train
/kaggle/input/datasets/researchersajid/mangoclassify-12-native-mango-dataset-from-bd/MangoClassify-12/Fazli/IMG_20250628_165207 (1).jpg,Fazli,/kaggle/working/small/Fazli/01096.jpg,3,425,test
/kaggle/input/datasets/researchersajid/mangoclassify-12-native-mango-dataset-from-bd/MangoClassify-12/Fazli/IMG_20250628_165217 (1).jpg,Fazli,/kaggle/working/small/Fazli/01097.jpg,3,408,train
/kaggle/input/datasets/researchersajid/mangoclassify-12-native-mango-dataset-from-bd/MangoClassify-12/Fazli/IMG_20250628_165222 (1).jpg,Fazli,/kaggle/working/small/Fazli/01098.jpg,3,396,train
/kaggle/input/datasets/researchersajid/mangoclassify-12-native-mango-dataset-from-bd/MangoClassify-12/Fazli/IMG_20250628_165233 (1).jpg,Fazli,/kaggle/working/small/Fazli/01099.jpg,3,413,train
/kaggle/input/datasets/researchersajid/mangoclassify-12-native-mango-dataset-from-bd/MangoClassify-12/Fazli/IMG_20250628_165241 (1).jpg,Fazli,/kaggle/working/small/Fazli/01100.jpg,3,407,val
/kaggle/input/datasets/researchersajid/mangoclassify-12-native-mango-dataset-from-bd/MangoClassify-12/Fazli/IMG_20250628_165246 (1).jpg,Fazli,/kaggle/working/small/Fazli/01101.jpg,3,423,train
/kaggle/input/datasets/researchersajid/mangoclassify-12-native-mango-dataset-from-bd/MangoClassify-12/Fazli/IMG_20250628_165257 (1).jpg,Fazli,/kaggle/working/small/Fazli/01102.jpg,3,408,train
/kaggle/input/datasets/researchersajid/mangoclassify-12-native-mango-dataset-from-bd/MangoClassify-12/Fazli/IMG_20250628_165301 (1).jpg,Fazli,/kaggle/working/small/Fazli/01103.jpg,3,403,train
/kaggle/input/datasets/researchersajid/mangoclassify-12-native-mango-dataset-from-bd/MangoClassify-12/Fazli/IMG_20250628_165306 (1).jpg,Fazli,/kaggle/working/small/Fazli/01104.jpg,3,393,train
/kaggle/input/datasets/researchersajid/mangoclassify-12-native-mango-dataset-from-bd/MangoClassify-12/Fazli/IMG_20250628_165311 (1).jpg,Fazli,/kaggle/working/small/Fazli/01105.jpg,3,390,train
/kaggle/input/datasets/researchersajid/mangoclassify-12-native-mango-dataset-from-bd/MangoClassify-12/Fazli/IMG_20250628_165323 (1).jpg,Fazli,/kaggle/working/small/Fazli/01106.jpg,3,394,val
/kaggle/input/datasets/researchersajid/mangoclassify-12-native-mango-dataset-from-bd/MangoClassify-12/Fazli/IMG_20250628_165336 (1).jpg,Fazli,/kaggle/working/small/Fazli/01107.jpg,3,393,train
/kaggle/input/datasets/researchersajid/mangoclassify-12-native-mango-dataset-from-bd/MangoClassify-12/Fazli/IMG_20250628_165430 (1).jpg,Fazli,/kaggle/working/small/Fazli/01108.jpg,3,438,train
/kaggle/input/datasets/researchersajid/mangoclassify-12-native-mango-dataset-from-bd/MangoClassify-12/Fazli/IMG_20250628_165441 (1).jpg,Fazli,/kaggle/working/small/Fazli/01109.jpg,3,400,train
/kaggle/input/datasets/researchersajid/mangoclassify-12-native-mango-dataset-from-bd/MangoClassify-12/Fazli/IMG_20250628_165505 (1).jpg,Fazli,/kaggle/working/small/Fazli/01110.jpg,3,416,val
/kaggle/input/datasets/researchersajid/mangoclassify-12-native-mango-dataset-from-bd/MangoClassify-12/Fazli/IMG_20250628_165516 (1).jpg,Fazli,/kaggle/working/small/Fazli/01111.jpg,3,428,train
/kaggle/input/datasets/researchersajid/mangoclassify-12-native-mango-dataset-from-bd/MangoClassify-12/Fazli/IMG_20250628_165521 (1).jpg,Fazli,/kaggle/working/small/Fazli/01112.jpg,3,438,train
/kaggle/input/datasets/researchersajid/mangoclassify-12-native-mango-dataset-from-bd/MangoClassify-12/Fazli/IMG_20250628_165538 (1).jpg,Fazli,/kaggle/working/small/Fazli/01113.jpg,3,390,train
/kaggle/input/datasets/researchersajid/mangoclassify-12-native-mango-dataset-from-bd/MangoClassify-12/Fazli/IMG_20250628_165544 (1).jpg,Fazli,/kaggle/working/small/Fazli/01114.jpg,3,390,train
/kaggle/input/datasets/researchersajid/mangoclassify-12-native-mango-dataset-from-bd/MangoClassify-12/Fazli/IMG_20250628_165550 (1).jpg,Fazli,/kaggle/working/small/Fazli/01115.jpg,3,397,test
/kaggle/input/datasets/researchersajid/mangoclassify-12-native-mango-dataset-from-bd/MangoClassify-12/Fazli/IMG_20250628_165557 (1).jpg,Fazli,/kaggle/working/small/Fazli/01116.jpg,3,407,val
/kaggle/input/datasets/researchersajid/mangoclassify-12-native-mango-dataset-from-bd/MangoClassify-12/Fazli/IMG_20250628_165603 (1).jpg,Fazli,/kaggle/working/small/Fazli/01117.jpg,3,414,val
/kaggle/input/datasets/researchersajid/mangoclassify-12-native-mango-dataset-from-bd/MangoClassify-12/Fazli/IMG_20250628_165612 (1).jpg,Fazli,/kaggle/working/small/Fazli/01118.jpg,3,397,test
/kaggle/input/datasets/researchersajid/mangoclassify-12-native-mango-dataset-from-bd/MangoClassify-12/Fazli/IMG_20250628_165626 (1).jpg,Fazli,/kaggle/working/small/Fazli/01119.jpg,3,403,train
/kaggle/input/datasets/researchersajid/mangoclassify-12-native-mango-dataset-from-bd/MangoClassify-12/Fazli/IMG_20250628_165639 (1).jpg,Fazli,/kaggle/working/small/Fazli/01120.jpg,3,415,train
/kaggle/input/datasets/researchersajid/mangoclassify-12-native-mango-dataset-from-bd/MangoClassify-12/Fazli/IMG_20250628_165645 (1).jpg,Fazli,/kaggle/working/small/Fazli/01121.jpg,3,415,train
/kaggle/input/datasets/researchersajid/mangoclassify-12-native-mango-dataset-from-bd/MangoClassify-12/Fazli/IMG_20250628_165653 (1).jpg,Fazli,/kaggle/working/small/Fazli/01122.jpg,3,390,train
/kaggle/input/datasets/researchersajid/mangoclassify-12-native-mango-dataset-from-bd/MangoClassify-12/Fazli/IMG_20250628_165710 (1).jpg,Fazli,/kaggle/working/small/Fazli/01123.jpg,3,400,train
/kaggle/input/datasets/researchersajid/mangoclassify-12-native-mango-dataset-from-bd/MangoClassify-12/Fazli/IMG_20250628_165715 (1).jpg,Fazli,/kaggle/working/small/Fazli/01124.jpg,3,403,train
/kaggle/input/datasets/researchersajid/mangoclassify-12-native-mango-dataset-from-bd/MangoClassify-12/Fazli/IMG_20250628_165729 (1).jpg,Fazli,/kaggle/working/small/Fazli/01125.jpg,3,390,train
/kaggle/input/datasets/researchersajid/mangoclassify-12-native-mango-dataset-from-bd/MangoClassify-12/Fazli/IMG_20250628_165739 (1).jpg,Fazli,/kaggle/working/small/Fazli/01126.jpg,3,415,train
/kaggle/input/datasets/researchersajid/mangoclassify-12-native-mango-dataset-from-bd/MangoClassify-12/Fazli/IMG_20250628_165745 (1).jpg,Fazli,/kaggle/working/small/Fazli/01127.jpg,3,390,train
/kaggle/input/datasets/researchersajid/mangoclassify-12-native-mango-dataset-from-bd/MangoClassify-12/Fazli/IMG_20250628_165752 (1).jpg,Fazli,/kaggle/working/small/Fazli/01128.jpg,3,416,val
/kaggle/input/datasets/researchersajid/mangoclassify-12-native-mango-dataset-from-bd/MangoClassify-12/Fazli/IMG_20250628_165758 (1).jpg,Fazli,/kaggle/working/small/Fazli/01129.jpg,3,390,train
/kaggle/input/datasets/researchersajid/mangoclassify-12-native-mango-dataset-from-bd/MangoClassify-12/Fazli/IMG_20250628_165803 (1).jpg,Fazli,/kaggle/working/small/Fazli/01130.jpg,3,394,val
/kaggle/input/datasets/researchersajid/mangoclassify-12-native-mango-dataset-from-bd/MangoClassify-12/Fazli/IMG_20250628_165822 (1).jpg,Fazli,/kaggle/working/small/Fazli/01131.jpg,3,401,train
/kaggle/input/datasets/researchersajid/mangoclassify-12-native-mango-dataset-from-bd/MangoClassify-12/Fazli/IMG_20250628_165836 (1).jpg,Fazli,/kaggle/working/small/Fazli/01132.jpg,3,395,train
/kaggle/input/datasets/researchersajid/mangoclassify-12-native-mango-dataset-from-bd/MangoClassify-12/Fazli/IMG_20250628_165844 (1).jpg,Fazli,/kaggle/working/small/Fazli/01133.jpg,3,390,train
/kaggle/input/datasets/researchersajid/mangoclassify-12-native-mango-dataset-from-bd/MangoClassify-12/Fazli/IMG_20250628_165849 (1).jpg,Fazli,/kaggle/working/small/Fazli/01134.jpg,3,415,train
/kaggle/input/datasets/researchersajid/mangoclassify-12-native-mango-dataset-from-bd/MangoClassify-12/Fazli/IMG_20250628_165859 (1).jpg,Fazli,/kaggle/working/small/Fazli/01135.jpg,3,401,train
/kaggle/input/datasets/researchersajid/mangoclassify-12-native-mango-dataset-from-bd/MangoClassify-12/Fazli/IMG_20250628_165912 (1).jpg,Fazli,/kaggle/working/small/Fazli/01136.jpg,3,398,train
/kaggle/input/datasets/researchersajid/mangoclassify-12-native-mango-dataset-from-bd/MangoClassify-12/Fazli/IMG_20250628_165923 (1).jpg,Fazli,/kaggle/working/small/Fazli/01137.jpg,3,400,train
/kaggle/input/datasets/researchersajid/mangoclassify-12-native-mango-dataset-from-bd/MangoClassify-12/Fazli/IMG_20250628_165927 (1).jpg,Fazli,/kaggle/working/small/Fazli/01138.jpg,3,429,val
/kaggle/input/datasets/researchersajid/mangoclassify-12-native-mango-dataset-from-bd/MangoClassify-12/Fazli/IMG_20250628_165942 (1).jpg,Fazli,/kaggle/working/small/Fazli/01139.jpg,3,412,train
/kaggle/input/datasets/researchersajid/mangoclassify-12-native-mango-dataset-from-bd/MangoClassify-12/Fazli/IMG_20250628_165947 (1).jpg,Fazli,/kaggle/working/small/Fazli/01140.jpg,3,398,train
/kaggle/input/datasets/researchersajid/mangoclassify-12-native-mango-dataset-from-bd/MangoClassify-12/Fazli/IMG_20250628_170032 (1).jpg,Fazli,/kaggle/working/small/Fazli/01141.jpg,3,403,train
/kaggle/input/datasets/researchersajid/mangoclassify-12-native-mango-dataset-from-bd/MangoClassify-12/Fazli/IMG_20250628_170039 (1).jpg,Fazli,/kaggle/working/small/Fazli/01142.jpg,3,403,train
/kaggle/input/datasets/researchersajid/mangoclassify-12-native-mango-dataset-from-bd/MangoClassify-12/Fazli/IMG_20250628_170044 (1).jpg,Fazli,/kaggle/working/small/Fazli/01143.jpg,3,394,val
/kaggle/input/datasets/researchersajid/mangoclassify-12-native-mango-dataset-from-bd/MangoClassify-12/Fazli/IMG_20250628_170049 (1).jpg,Fazli,/kaggle/working/small/Fazli/01144.jpg,3,394,val
/kaggle/input/datasets/researchersajid/mangoclassify-12-native-mango-dataset-from-bd/MangoClassify-12/Fazli/IMG_20250628_170055 (1).jpg,Fazli,/kaggle/working/small/Fazli/01145.jpg,3,398,train
/kaggle/input/datasets/researchersajid/mangoclassify-12-native-mango-dataset-from-bd/MangoClassify-12/Fazli/IMG_20250628_170120 (1).jpg,Fazli,/kaggle/working/small/Fazli/01146.jpg,3,411,train
/kaggle/input/datasets/researchersajid/mangoclassify-12-native-mango-dataset-from-bd/MangoClassify-12/Fazli/IMG_20250628_170128 (1).jpg,Fazli,/kaggle/working/small/Fazli/01147.jpg,3,410,train
/kaggle/input/datasets/researchersajid/mangoclassify-12-native-mango-dataset-from-bd/MangoClassify-12/Fazli/IMG_20250628_170134 (1).jpg,Fazli,/kaggle/working/small/Fazli/01148.jpg,3,408,train
/kaggle/input/datasets/researchersajid/mangoclassify-12-native-mango-dataset-from-bd/MangoClassify-12/Fazli/IMG_20250628_170144 (1).jpg,Fazli,/kaggle/working/small/Fazli/01149.jpg,3,394,val
/kaggle/input/datasets/researchersajid/mangoclassify-12-native-mango-dataset-from-bd/MangoClassify-12/Fazli/IMG_20250628_170150 (1).jpg,Fazli,/kaggle/working/small/Fazli/01150.jpg,3,411,train
/kaggle/input/datasets/researchersajid/mangoclassify-12-native-mango-dataset-from-bd/MangoClassify-12/Fazli/IMG_20250628_170201 (1).jpg,Fazli,/kaggle/working/small/Fazli/01151.jpg,3,412,train
/kaggle/input/datasets/researchersajid/mangoclassify-12-native-mango-dataset-from-bd/MangoClassify-12/Fazli/IMG_20250628_171515.jpg,Fazli,/kaggle/working/small/Fazli/01152.jpg,3,439,train
/kaggle/input/datasets/researchersajid/mangoclassify-12-native-mango-dataset-from-bd/MangoClassify-12/Fazli/IMG_20250628_171530.jpg,Fazli,/kaggle/working/small/Fazli/01153.jpg,3,406,train
/kaggle/input/datasets/researchersajid/mangoclassify-12-native-mango-dataset-from-bd/MangoClassify-12/Fazli/IMG_20250628_171537.jpg,Fazli,/kaggle/working/small/Fazli/01154.jpg,3,445,train
/kaggle/input/datasets/researchersajid/mangoclassify-12-native-mango-dataset-from-bd/MangoClassify-12/Fazli/IMG_20250628_171607.jpg,Fazli,/kaggle/working/small/Fazli/01155.jpg,3,418,train
/kaggle/input/datasets/researchersajid/mangoclassify-12-native-mango-dataset-from-bd/MangoClassify-12/Fazli/IMG_20250628_171614.jpg,Fazli,/kaggle/working/small/Fazli/01156.jpg,3,443,train
/kaggle/input/datasets/researchersajid/mangoclassify-12-native-mango-dataset-from-bd/MangoClassify-12/Fazli/IMG_20250628_171628.jpg,Fazli,/kaggle/working/small/Fazli/01157.jpg,3,446,train
/kaggle/input/datasets/researchersajid/mangoclassify-12-native-mango-dataset-from-bd/MangoClassify-12/Fazli/IMG_20250628_171633.jpg,Fazli,/kaggle/working/small/Fazli/01158.jpg,3,442,train
/kaggle/input/datasets/researchersajid/mangoclassify-12-native-mango-dataset-from-bd/MangoClassify-12/Fazli/IMG_20250628_171639.jpg,Fazli,/kaggle/working/small/Fazli/01159.jpg,3,430,test
/kaggle/input/datasets/researchersajid/mangoclassify-12-native-mango-dataset-from-bd/MangoClassify-12/Fazli/IMG_20250628_171647.jpg,Fazli,/kaggle/working/small/Fazli/01160.jpg,3,392,train
/kaggle/input/datasets/researchersajid/mangoclassify-12-native-mango-dataset-from-bd/MangoClassify-12/Fazli/IMG_20250628_171653.jpg,Fazli,/kaggle/working/small/Fazli/01161.jpg,3,443,train
/kaggle/input/datasets/researchersajid/mangoclassify-12-native-mango-dataset-from-bd/MangoClassify-12/Fazli/IMG_20250628_171713.jpg,Fazli,/kaggle/working/small/Fazli/01162.jpg,3,391,train
/kaggle/input/datasets/researchersajid/mangoclassify-12-native-mango-dataset-from-bd/MangoClassify-12/Fazli/IMG_20250628_171724.jpg,Fazli,/kaggle/working/small/Fazli/01163.jpg,3,422,train
/kaggle/input/datasets/researchersajid/mangoclassify-12-native-mango-dataset-from-bd/MangoClassify-12/Fazli/IMG_20250628_171728.jpg,Fazli,/kaggle/working/small/Fazli/01164.jpg,3,441,train
/kaggle/input/datasets/researchersajid/mangoclassify-12-native-mango-dataset-from-bd/MangoClassify-12/Fazli/IMG_20250628_171736.jpg,Fazli,/kaggle/working/small/Fazli/01165.jpg,3,392,train
/kaggle/input/datasets/researchersajid/mangoclassify-12-native-mango-dataset-from-bd/MangoClassify-12/Fazli/IMG_20250628_171747.jpg,Fazli,/kaggle/working/small/Fazli/01166.jpg,3,391,train
/kaggle/input/datasets/researchersajid/mangoclassify-12-native-mango-dataset-from-bd/MangoClassify-12/Fazli/IMG_20250628_171801.jpg,Fazli,/kaggle/working/small/Fazli/01167.jpg,3,444,val
/kaggle/input/datasets/researchersajid/mangoclassify-12-native-mango-dataset-from-bd/MangoClassify-12/Fazli/IMG_20250628_171820.jpg,Fazli,/kaggle/working/small/Fazli/01168.jpg,3,402,test
/kaggle/input/datasets/researchersajid/mangoclassify-12-native-mango-dataset-from-bd/MangoClassify-12/Fazli/IMG_20250628_171825.jpg,Fazli,/kaggle/working/small/Fazli/01169.jpg,3,402,test
/kaggle/input/datasets/researchersajid/mangoclassify-12-native-mango-dataset-from-bd/MangoClassify-12/Fazli/IMG_20250628_171831.jpg,Fazli,/kaggle/working/small/Fazli/01170.jpg,3,409,train
/kaggle/input/datasets/researchersajid/mangoclassify-12-native-mango-dataset-from-bd/MangoClassify-12/Fazli/IMG_20250628_171852.jpg,Fazli,/kaggle/working/small/Fazli/01171.jpg,3,427,train
/kaggle/input/datasets/researchersajid/mangoclassify-12-native-mango-dataset-from-bd/MangoClassify-12/GobindoBhog/IMG-20250517-WA0022.jpg,GobindoBhog,/kaggle/working/small/GobindoBhog/01172.jpg,4,466,train
/kaggle/input/datasets/researchersajid/mangoclassify-12-native-mango-dataset-from-bd/MangoClassify-12/GobindoBhog/IMG-20250517-WA0023.jpg,GobindoBhog,/kaggle/working/small/GobindoBhog/01173.jpg,4,464,val
/kaggle/input/datasets/researchersajid/mangoclassify-12-native-mango-dataset-from-bd/MangoClassify-12/GobindoBhog/IMG_20250517_163217.jpg,GobindoBhog,/kaggle/working/small/GobindoBhog/01174.jpg,4,452,val
/kaggle/input/datasets/researchersajid/mangoclassify-12-native-mango-dataset-from-bd/MangoClassify-12/GobindoBhog/IMG_20250517_163222.jpg,GobindoBhog,/kaggle/working/small/GobindoBhog/01175.jpg,4,462,train
/kaggle/input/datasets/researchersajid/mangoclassify-12-native-mango-dataset-from-bd/MangoClassify-12/GobindoBhog/IMG_20250517_163241.jpg,GobindoBhog,/kaggle/working/small/GobindoBhog/01176.jpg,4,452,val
/kaggle/input/datasets/researchersajid/mangoclassify-12-native-mango-dataset-from-bd/MangoClassify-12/GobindoBhog/IMG_20250517_163246.jpg,GobindoBhog,/kaggle/working/small/GobindoBhog/01177.jpg,4,463,train
/kaggle/input/datasets/researchersajid/mangoclassify-12-native-mango-dataset-from-bd/MangoClassify-12/GobindoBhog/IMG_20250517_163254.jpg,GobindoBhog,/kaggle/working/small/GobindoBhog/01178.jpg,4,454,train
/kaggle/input/datasets/researchersajid/mangoclassify-12-native-mango-dataset-from-bd/MangoClassify-12/GobindoBhog/IMG_20250517_163259.jpg,GobindoBhog,/kaggle/working/small/GobindoBhog/01179.jpg,4,454,train
/kaggle/input/datasets/researchersajid/mangoclassify-12-native-mango-dataset-from-bd/MangoClassify-12/GobindoBhog/IMG_20250517_163313.jpg,GobindoBhog,/kaggle/working/small/GobindoBhog/01180.jpg,4,449,train
/kaggle/input/datasets/researchersajid/mangoclassify-12-native-mango-dataset-from-bd/MangoClassify-12/GobindoBhog/IMG_20250517_163325.jpg,GobindoBhog,/kaggle/working/small/GobindoBhog/01181.jpg,4,449,train
/kaggle/input/datasets/researchersajid/mangoclassify-12-native-mango-dataset-from-bd/MangoClassify-12/GobindoBhog/IMG_20250517_163330.jpg,GobindoBhog,/kaggle/working/small/GobindoBhog/01182.jpg,4,465,test
/kaggle/input/datasets/researchersajid/mangoclassify-12-native-mango-dataset-from-bd/MangoClassify-12/GobindoBhog/IMG_20250517_163342.jpg,GobindoBhog,/kaggle/working/small/GobindoBhog/01183.jpg,4,457,train
/kaggle/input/datasets/researchersajid/mangoclassify-12-native-mango-dataset-from-bd/MangoClassify-12/GobindoBhog/IMG_20250517_163345.jpg,GobindoBhog,/kaggle/working/small/GobindoBhog/01184.jpg,4,457,train
/kaggle/input/datasets/researchersajid/mangoclassify-12-native-mango-dataset-from-bd/MangoClassify-12/GobindoBhog/IMG_20250517_163357.jpg,GobindoBhog,/kaggle/working/small/GobindoBhog/01185.jpg,4,449,train
/kaggle/input/datasets/researchersajid/mangoclassify-12-native-mango-dataset-from-bd/MangoClassify-12/GobindoBhog/IMG_20250517_163419.jpg,GobindoBhog,/kaggle/working/small/GobindoBhog/01186.jpg,4,460,val
/kaggle/input/datasets/researchersajid/mangoclassify-12-native-mango-dataset-from-bd/MangoClassify-12/GobindoBhog/IMG_20250517_163426.jpg,GobindoBhog,/kaggle/working/small/GobindoBhog/01187.jpg,4,461,val
/kaggle/input/datasets/researchersajid/mangoclassify-12-native-mango-dataset-from-bd/MangoClassify-12/GobindoBhog/IMG_20250517_163433.jpg,GobindoBhog,/kaggle/working/small/GobindoBhog/01188.jpg,4,455,train
/kaggle/input/datasets/researchersajid/mangoclassify-12-native-mango-dataset-from-bd/MangoClassify-12/GobindoBhog/IMG_20250517_163435.jpg,GobindoBhog,/kaggle/working/small/GobindoBhog/01189.jpg,4,455,train
/kaggle/input/datasets/researchersajid/mangoclassify-12-native-mango-dataset-from-bd/MangoClassify-12/GobindoBhog/IMG_20250517_163439.jpg,GobindoBhog,/kaggle/working/small/GobindoBhog/01190.jpg,4,455,train
/kaggle/input/datasets/researchersajid/mangoclassify-12-native-mango-dataset-from-bd/MangoClassify-12/GobindoBhog/IMG_20250517_163449.jpg,GobindoBhog,/kaggle/working/small/GobindoBhog/01191.jpg,4,455,train
/kaggle/input/datasets/researchersajid/mangoclassify-12-native-mango-dataset-from-bd/MangoClassify-12/GobindoBhog/IMG_20250517_163544.jpg,GobindoBhog,/kaggle/working/small/GobindoBhog/01192.jpg,4,451,test
/kaggle/input/datasets/researchersajid/mangoclassify-12-native-mango-dataset-from-bd/MangoClassify-12/GobindoBhog/IMG_20250517_163607.jpg,GobindoBhog,/kaggle/working/small/GobindoBhog/01193.jpg,4,451,test
/kaggle/input/datasets/researchersajid/mangoclassify-12-native-mango-dataset-from-bd/MangoClassify-12/GobindoBhog/IMG_20250517_163704.jpg,GobindoBhog,/kaggle/working/small/GobindoBhog/01194.jpg,4,451,test
/kaggle/input/datasets/researchersajid/mangoclassify-12-native-mango-dataset-from-bd/MangoClassify-12/GobindoBhog/IMG_20250517_163713.jpg,GobindoBhog,/kaggle/working/small/GobindoBhog/01195.jpg,4,451,test
/kaggle/input/datasets/researchersajid/mangoclassify-12-native-mango-dataset-from-bd/MangoClassify-12/GobindoBhog/IMG_20250517_163717.jpg,GobindoBhog,/kaggle/working/small/GobindoBhog/01196.jpg,4,469,train
/kaggle/input/datasets/researchersajid/mangoclassify-12-native-mango-dataset-from-bd/MangoClassify-12/GobindoBhog/IMG_20250517_163739.jpg,GobindoBhog,/kaggle/working/small/GobindoBhog/01197.jpg,4,447,train
/kaggle/input/datasets/researchersajid/mangoclassify-12-native-mango-dataset-from-bd/MangoClassify-12/GobindoBhog/IMG_20250517_163747.jpg,GobindoBhog,/kaggle/working/small/GobindoBhog/01198.jpg,4,447,train
/kaggle/input/datasets/researchersajid/mangoclassify-12-native-mango-dataset-from-bd/MangoClassify-12/GobindoBhog/IMG_20250517_163754.jpg,GobindoBhog,/kaggle/working/small/GobindoBhog/01199.jpg,4,467,train
/kaggle/input/datasets/researchersajid/mangoclassify-12-native-mango-dataset-from-bd/MangoClassify-12/GobindoBhog/IMG_20250517_163800.jpg,GobindoBhog,/kaggle/working/small/GobindoBhog/01200.jpg,4,450,train
/kaggle/input/datasets/researchersajid/mangoclassify-12-native-mango-dataset-from-bd/MangoClassify-12/GobindoBhog/IMG_20250517_163805.jpg,GobindoBhog,/kaggle/working/small/GobindoBhog/01201.jpg,4,447,train
/kaggle/input/datasets/researchersajid/mangoclassify-12-native-mango-dataset-from-bd/MangoClassify-12/GobindoBhog/IMG_20250517_163809.jpg,GobindoBhog,/kaggle/working/small/GobindoBhog/01202.jpg,4,450,train
/kaggle/input/datasets/researchersajid/mangoclassify-12-native-mango-dataset-from-bd/MangoClassify-12/GobindoBhog/IMG_20250517_163833.jpg,GobindoBhog,/kaggle/working/small/GobindoBhog/01203.jpg,4,468,train
/kaggle/input/datasets/researchersajid/mangoclassify-12-native-mango-dataset-from-bd/MangoClassify-12/GobindoBhog/IMG_20250517_163838.jpg,GobindoBhog,/kaggle/working/small/GobindoBhog/01204.jpg,4,459,test
/kaggle/input/datasets/researchersajid/mangoclassify-12-native-mango-dataset-from-bd/MangoClassify-12/GobindoBhog/IMG_20250517_163842.jpg,GobindoBhog,/kaggle/working/small/GobindoBhog/01205.jpg,4,458,train
/kaggle/input/datasets/researchersajid/mangoclassify-12-native-mango-dataset-from-bd/MangoClassify-12/GobindoBhog/IMG_20250517_163848.jpg,GobindoBhog,/kaggle/working/small/GobindoBhog/01206.jpg,4,453,train
/kaggle/input/datasets/researchersajid/mangoclassify-12-native-mango-dataset-from-bd/MangoClassify-12/GobindoBhog/IMG_20250517_163904.jpg,GobindoBhog,/kaggle/working/small/GobindoBhog/01207.jpg,4,447,train
/kaggle/input/datasets/researchersajid/mangoclassify-12-native-mango-dataset-from-bd/MangoClassify-12/GobindoBhog/IMG_20250517_163908.jpg,GobindoBhog,/kaggle/working/small/GobindoBhog/01208.jpg,4,447,train
/kaggle/input/datasets/researchersajid/mangoclassify-12-native-mango-dataset-from-bd/MangoClassify-12/GobindoBhog/IMG_20250517_163917.jpg,GobindoBhog,/kaggle/working/small/GobindoBhog/01209.jpg,4,448,train
/kaggle/input/datasets/researchersajid/mangoclassify-12-native-mango-dataset-from-bd/MangoClassify-12/GobindoBhog/IMG_20250517_163922.jpg,GobindoBhog,/kaggle/working/small/GobindoBhog/01210.jpg,4,448,train
/kaggle/input/datasets/researchersajid/mangoclassify-12-native-mango-dataset-from-bd/MangoClassify-12/GobindoBhog/IMG_20250517_163926.jpg,GobindoBhog,/kaggle/working/small/GobindoBhog/01211.jpg,4,447,train
/kaggle/input/datasets/researchersajid/mangoclassify-12-native-mango-dataset-from-bd/MangoClassify-12/GobindoBhog/IMG_20250517_163934.jpg,GobindoBhog,/kaggle/working/small/GobindoBhog/01212.jpg,4,456,train
/kaggle/input/datasets/researchersajid/mangoclassify-12-native-mango-dataset-from-bd/MangoClassify-12/GopalBhog/20250525_143923.jpg,GopalBhog,/kaggle/working/small/GopalBhog/01213.jpg,5,481,train
/kaggle/input/datasets/researchersajid/mangoclassify-12-native-mango-dataset-from-bd/MangoClassify-12/GopalBhog/20250525_143941.jpg,GopalBhog,/kaggle/working/small/GopalBhog/01214.jpg,5,487,test
/kaggle/input/datasets/researchersajid/mangoclassify-12-native-mango-dataset-from-bd/MangoClassify-12/GopalBhog/20250525_143948.jpg,GopalBhog,/kaggle/working/small/GopalBhog/01215.jpg,5,487,test
/kaggle/input/datasets/researchersajid/mangoclassify-12-native-mango-dataset-from-bd/MangoClassify-12/GopalBhog/20250525_144026.jpg,GopalBhog,/kaggle/working/small/GopalBhog/01216.jpg,5,487,test
/kaggle/input/datasets/researchersajid/mangoclassify-12-native-mango-dataset-from-bd/MangoClassify-12/GopalBhog/20250525_144032.jpg,GopalBhog,/kaggle/working/small/GopalBhog/01217.jpg,5,487,test
/kaggle/input/datasets/researchersajid/mangoclassify-12-native-mango-dataset-from-bd/MangoClassify-12/GopalBhog/20250525_144042.jpg,GopalBhog,/kaggle/working/small/GopalBhog/01218.jpg,5,492,train
/kaggle/input/datasets/researchersajid/mangoclassify-12-native-mango-dataset-from-bd/MangoClassify-12/GopalBhog/20250525_144048.jpg,GopalBhog,/kaggle/working/small/GopalBhog/01219.jpg,5,492,train
/kaggle/input/datasets/researchersajid/mangoclassify-12-native-mango-dataset-from-bd/MangoClassify-12/GopalBhog/20250525_144104.jpg,GopalBhog,/kaggle/working/small/GopalBhog/01220.jpg,5,481,train
/kaggle/input/datasets/researchersajid/mangoclassify-12-native-mango-dataset-from-bd/MangoClassify-12/GopalBhog/20250525_144117.jpg,GopalBhog,/kaggle/working/small/GopalBhog/01221.jpg,5,481,train
/kaggle/input/datasets/researchersajid/mangoclassify-12-native-mango-dataset-from-bd/MangoClassify-12/GopalBhog/20250525_144125.jpg,GopalBhog,/kaggle/working/small/GopalBhog/01222.jpg,5,481,train
/kaggle/input/datasets/researchersajid/mangoclassify-12-native-mango-dataset-from-bd/MangoClassify-12/GopalBhog/20250525_144153.jpg,GopalBhog,/kaggle/working/small/GopalBhog/01223.jpg,5,487,test
/kaggle/input/datasets/researchersajid/mangoclassify-12-native-mango-dataset-from-bd/MangoClassify-12/GopalBhog/20250525_144200.jpg,GopalBhog,/kaggle/working/small/GopalBhog/01224.jpg,5,487,test
/kaggle/input/datasets/researchersajid/mangoclassify-12-native-mango-dataset-from-bd/MangoClassify-12/GopalBhog/20250525_144221.jpg,GopalBhog,/kaggle/working/small/GopalBhog/01225.jpg,5,474,train
/kaggle/input/datasets/researchersajid/mangoclassify-12-native-mango-dataset-from-bd/MangoClassify-12/GopalBhog/20250525_144227.jpg,GopalBhog,/kaggle/working/small/GopalBhog/01226.jpg,5,474,train
/kaggle/input/datasets/researchersajid/mangoclassify-12-native-mango-dataset-from-bd/MangoClassify-12/GopalBhog/20250525_144235.jpg,GopalBhog,/kaggle/working/small/GopalBhog/01227.jpg,5,487,test
/kaggle/input/datasets/researchersajid/mangoclassify-12-native-mango-dataset-from-bd/MangoClassify-12/GopalBhog/20250525_144248.jpg,GopalBhog,/kaggle/working/small/GopalBhog/01228.jpg,5,492,train
/kaggle/input/datasets/researchersajid/mangoclassify-12-native-mango-dataset-from-bd/MangoClassify-12/GopalBhog/20250525_144312.jpg,GopalBhog,/kaggle/working/small/GopalBhog/01229.jpg,5,491,train
/kaggle/input/datasets/researchersajid/mangoclassify-12-native-mango-dataset-from-bd/MangoClassify-12/GopalBhog/20250525_144320.jpg,GopalBhog,/kaggle/working/small/GopalBhog/01230.jpg,5,491,train
/kaggle/input/datasets/researchersajid/mangoclassify-12-native-mango-dataset-from-bd/MangoClassify-12/GopalBhog/20250525_144332.jpg,GopalBhog,/kaggle/working/small/GopalBhog/01231.jpg,5,481,train
/kaggle/input/datasets/researchersajid/mangoclassify-12-native-mango-dataset-from-bd/MangoClassify-12/GopalBhog/20250525_144349.jpg,GopalBhog,/kaggle/working/small/GopalBhog/01232.jpg,5,492,train
/kaggle/input/datasets/researchersajid/mangoclassify-12-native-mango-dataset-from-bd/MangoClassify-12/GopalBhog/20250525_144403.jpg,GopalBhog,/kaggle/working/small/GopalBhog/01233.jpg,5,492,train
/kaggle/input/datasets/researchersajid/mangoclassify-12-native-mango-dataset-from-bd/MangoClassify-12/GopalBhog/20250525_144412.jpg,GopalBhog,/kaggle/working/small/GopalBhog/01234.jpg,5,492,train
/kaggle/input/datasets/researchersajid/mangoclassify-12-native-mango-dataset-from-bd/MangoClassify-12/GopalBhog/20250525_144438.jpg,GopalBhog,/kaggle/working/small/GopalBhog/01235.jpg,5,492,train
/kaggle/input/datasets/researchersajid/mangoclassify-12-native-mango-dataset-from-bd/MangoClassify-12/GopalBhog/20250525_144456.jpg,GopalBhog,/kaggle/working/small/GopalBhog/01236.jpg,5,541,train
/kaggle/input/datasets/researchersajid/mangoclassify-12-native-mango-dataset-from-bd/MangoClassify-12/GopalBhog/20250525_144509.jpg,GopalBhog,/kaggle/working/small/GopalBhog/01237.jpg,5,492,train
/kaggle/input/datasets/researchersajid/mangoclassify-12-native-mango-dataset-from-bd/MangoClassify-12/GopalBhog/20250525_144518.jpg,GopalBhog,/kaggle/working/small/GopalBhog/01238.jpg,5,492,train
/kaggle/input/datasets/researchersajid/mangoclassify-12-native-mango-dataset-from-bd/MangoClassify-12/GopalBhog/20250525_144522.jpg,GopalBhog,/kaggle/working/small/GopalBhog/01239.jpg,5,492,train
/kaggle/input/datasets/researchersajid/mangoclassify-12-native-mango-dataset-from-bd/MangoClassify-12/GopalBhog/20250525_144537.jpg,GopalBhog,/kaggle/working/small/GopalBhog/01240.jpg,5,525,train
/kaggle/input/datasets/researchersajid/mangoclassify-12-native-mango-dataset-from-bd/MangoClassify-12/GopalBhog/20250525_144639.jpg,GopalBhog,/kaggle/working/small/GopalBhog/01241.jpg,5,474,train
/kaggle/input/datasets/researchersajid/mangoclassify-12-native-mango-dataset-from-bd/MangoClassify-12/GopalBhog/20250525_144650.jpg,GopalBhog,/kaggle/working/small/GopalBhog/01242.jpg,5,492,train
/kaggle/input/datasets/researchersajid/mangoclassify-12-native-mango-dataset-from-bd/MangoClassify-12/GopalBhog/20250525_144720.jpg,GopalBhog,/kaggle/working/small/GopalBhog/01243.jpg,5,481,train
/kaggle/input/datasets/researchersajid/mangoclassify-12-native-mango-dataset-from-bd/MangoClassify-12/GopalBhog/20250525_144730.jpg,GopalBhog,/kaggle/working/small/GopalBhog/01244.jpg,5,492,train
/kaggle/input/datasets/researchersajid/mangoclassify-12-native-mango-dataset-from-bd/MangoClassify-12/GopalBhog/20250525_144758.jpg,GopalBhog,/kaggle/working/small/GopalBhog/01245.jpg,5,486,val
/kaggle/input/datasets/researchersajid/mangoclassify-12-native-mango-dataset-from-bd/MangoClassify-12/GopalBhog/20250525_144813.jpg,GopalBhog,/kaggle/working/small/GopalBhog/01246.jpg,5,492,train
/kaggle/input/datasets/researchersajid/mangoclassify-12-native-mango-dataset-from-bd/MangoClassify-12/GopalBhog/20250525_144830.jpg,GopalBhog,/kaggle/working/small/GopalBhog/01247.jpg,5,481,train
/kaggle/input/datasets/researchersajid/mangoclassify-12-native-mango-dataset-from-bd/MangoClassify-12/GopalBhog/20250525_144834.jpg,GopalBhog,/kaggle/working/small/GopalBhog/01248.jpg,5,481,train
/kaggle/input/datasets/researchersajid/mangoclassify-12-native-mango-dataset-from-bd/MangoClassify-12/GopalBhog/20250525_144845.jpg,GopalBhog,/kaggle/working/small/GopalBhog/01249.jpg,5,492,train
/kaggle/input/datasets/researchersajid/mangoclassify-12-native-mango-dataset-from-bd/MangoClassify-12/GopalBhog/20250525_144857.jpg,GopalBhog,/kaggle/working/small/GopalBhog/01250.jpg,5,492,train
/kaggle/input/datasets/researchersajid/mangoclassify-12-native-mango-dataset-from-bd/MangoClassify-12/GopalBhog/20250525_144915.jpg,GopalBhog,/kaggle/working/small/GopalBhog/01251.jpg,5,482,test
/kaggle/input/datasets/researchersajid/mangoclassify-12-native-mango-dataset-from-bd/MangoClassify-12/GopalBhog/20250525_144928.jpg,GopalBhog,/kaggle/working/small/GopalBhog/01252.jpg,5,482,test
/kaggle/input/datasets/researchersajid/mangoclassify-12-native-mango-dataset-from-bd/MangoClassify-12/GopalBhog/20250525_144936.jpg,GopalBhog,/kaggle/working/small/GopalBhog/01253.jpg,5,481,train
/kaggle/input/datasets/researchersajid/mangoclassify-12-native-mango-dataset-from-bd/MangoClassify-12/GopalBhog/20250525_144945.jpg,GopalBhog,/kaggle/working/small/GopalBhog/01254.jpg,5,491,train
/kaggle/input/datasets/researchersajid/mangoclassify-12-native-mango-dataset-from-bd/MangoClassify-12/GopalBhog/20250525_144956.jpg,GopalBhog,/kaggle/working/small/GopalBhog/01255.jpg,5,482,test
/kaggle/input/datasets/researchersajid/mangoclassify-12-native-mango-dataset-from-bd/MangoClassify-12/GopalBhog/20250525_145006.jpg,GopalBhog,/kaggle/working/small/GopalBhog/01256.jpg,5,491,train
/kaggle/input/datasets/researchersajid/mangoclassify-12-native-mango-dataset-from-bd/MangoClassify-12/GopalBhog/20250525_145026.jpg,GopalBhog,/kaggle/working/small/GopalBhog/01257.jpg,5,474,train
/kaggle/input/datasets/researchersajid/mangoclassify-12-native-mango-dataset-from-bd/MangoClassify-12/GopalBhog/20250525_145035.jpg,GopalBhog,/kaggle/working/small/GopalBhog/01258.jpg,5,474,train
/kaggle/input/datasets/researchersajid/mangoclassify-12-native-mango-dataset-from-bd/MangoClassify-12/GopalBhog/20250525_145047.jpg,GopalBhog,/kaggle/working/small/GopalBhog/01259.jpg,5,516,val
/kaggle/input/datasets/researchersajid/mangoclassify-12-native-mango-dataset-from-bd/MangoClassify-12/GopalBhog/20250525_145110.jpg,GopalBhog,/kaggle/working/small/GopalBhog/01260.jpg,5,492,train
/kaggle/input/datasets/researchersajid/mangoclassify-12-native-mango-dataset-from-bd/MangoClassify-12/GopalBhog/20250525_145120.jpg,GopalBhog,/kaggle/working/small/GopalBhog/01261.jpg,5,474,train
/kaggle/input/datasets/researchersajid/mangoclassify-12-native-mango-dataset-from-bd/MangoClassify-12/GopalBhog/20250525_145129.jpg,GopalBhog,/kaggle/working/small/GopalBhog/01262.jpg,5,474,train
/kaggle/input/datasets/researchersajid/mangoclassify-12-native-mango-dataset-from-bd/MangoClassify-12/GopalBhog/20250525_145145.jpg,GopalBhog,/kaggle/working/small/GopalBhog/01263.jpg,5,493,train
/kaggle/input/datasets/researchersajid/mangoclassify-12-native-mango-dataset-from-bd/MangoClassify-12/GopalBhog/20250525_145208.jpg,GopalBhog,/kaggle/working/small/GopalBhog/01264.jpg,5,486,val
/kaggle/input/datasets/researchersajid/mangoclassify-12-native-mango-dataset-from-bd/MangoClassify-12/GopalBhog/20250525_145256.jpg,GopalBhog,/kaggle/working/small/GopalBhog/01265.jpg,5,474,train
/kaggle/input/datasets/researchersajid/mangoclassify-12-native-mango-dataset-from-bd/MangoClassify-12/GopalBhog/20250525_145319.jpg,GopalBhog,/kaggle/working/small/GopalBhog/01266.jpg,5,474,train
/kaggle/input/datasets/researchersajid/mangoclassify-12-native-mango-dataset-from-bd/MangoClassify-12/GopalBhog/20250525_145329.jpg,GopalBhog,/kaggle/working/small/GopalBhog/01267.jpg,5,474,train
/kaggle/input/datasets/researchersajid/mangoclassify-12-native-mango-dataset-from-bd/MangoClassify-12/GopalBhog/20250525_145334.jpg,GopalBhog,/kaggle/working/small/GopalBhog/01268.jpg,5,474,train
/kaggle/input/datasets/researchersajid/mangoclassify-12-native-mango-dataset-from-bd/MangoClassify-12/GopalBhog/20250525_145350.jpg,GopalBhog,/kaggle/working/small/GopalBhog/01269.jpg,5,492,train
/kaggle/input/datasets/researchersajid/mangoclassify-12-native-mango-dataset-from-bd/MangoClassify-12/GopalBhog/20250525_145437.jpg,GopalBhog,/kaggle/working/small/GopalBhog/01270.jpg,5,492,train
/kaggle/input/datasets/researchersajid/mangoclassify-12-native-mango-dataset-from-bd/MangoClassify-12/GopalBhog/20250525_145507.jpg,GopalBhog,/kaggle/working/small/GopalBhog/01271.jpg,5,491,train
/kaggle/input/datasets/researchersajid/mangoclassify-12-native-mango-dataset-from-bd/MangoClassify-12/GopalBhog/20250525_145529.jpg,GopalBhog,/kaggle/working/small/GopalBhog/01272.jpg,5,487,test
/kaggle/input/datasets/researchersajid/mangoclassify-12-native-mango-dataset-from-bd/MangoClassify-12/GopalBhog/20250525_145541.jpg,GopalBhog,/kaggle/working/small/GopalBhog/01273.jpg,5,474,train
/kaggle/input/datasets/researchersajid/mangoclassify-12-native-mango-dataset-from-bd/MangoClassify-12/GopalBhog/20250525_145552.jpg,GopalBhog,/kaggle/working/small/GopalBhog/01274.jpg,5,473,train
/kaggle/input/datasets/researchersajid/mangoclassify-12-native-mango-dataset-from-bd/MangoClassify-12/GopalBhog/20250525_145604.jpg,GopalBhog,/kaggle/working/small/GopalBhog/01275.jpg,5,492,train
/kaggle/input/datasets/researchersajid/mangoclassify-12-native-mango-dataset-from-bd/MangoClassify-12/GopalBhog/20250525_145614.jpg,GopalBhog,/kaggle/working/small/GopalBhog/01276.jpg,5,492,train
/kaggle/input/datasets/researchersajid/mangoclassify-12-native-mango-dataset-from-bd/MangoClassify-12/GopalBhog/20250525_145624.jpg,GopalBhog,/kaggle/working/small/GopalBhog/01277.jpg,5,487,test
/kaggle/input/datasets/researchersajid/mangoclassify-12-native-mango-dataset-from-bd/MangoClassify-12/GopalBhog/20250525_145656.jpg,GopalBhog,/kaggle/working/small/GopalBhog/01278.jpg,5,487,test
/kaggle/input/datasets/researchersajid/mangoclassify-12-native-mango-dataset-from-bd/MangoClassify-12/GopalBhog/20250525_145704.jpg,GopalBhog,/kaggle/working/small/GopalBhog/01279.jpg,5,487,test
/kaggle/input/datasets/researchersajid/mangoclassify-12-native-mango-dataset-from-bd/MangoClassify-12/GopalBhog/20250525_145715.jpg,GopalBhog,/kaggle/working/small/GopalBhog/01280.jpg,5,487,test
/kaggle/input/datasets/researchersajid/mangoclassify-12-native-mango-dataset-from-bd/MangoClassify-12/GopalBhog/20250525_145728.jpg,GopalBhog,/kaggle/working/small/GopalBhog/01281.jpg,5,486,val
/kaggle/input/datasets/researchersajid/mangoclassify-12-native-mango-dataset-from-bd/MangoClassify-12/GopalBhog/20250525_145736.jpg,GopalBhog,/kaggle/working/small/GopalBhog/01282.jpg,5,486,val
/kaggle/input/datasets/researchersajid/mangoclassify-12-native-mango-dataset-from-bd/MangoClassify-12/GopalBhog/20250525_145739.jpg,GopalBhog,/kaggle/working/small/GopalBhog/01283.jpg,5,486,val
/kaggle/input/datasets/researchersajid/mangoclassify-12-native-mango-dataset-from-bd/MangoClassify-12/GopalBhog/20250525_145755.jpg,GopalBhog,/kaggle/working/small/GopalBhog/01284.jpg,5,492,train
/kaggle/input/datasets/researchersajid/mangoclassify-12-native-mango-dataset-from-bd/MangoClassify-12/GopalBhog/20250525_145805.jpg,GopalBhog,/kaggle/working/small/GopalBhog/01285.jpg,5,539,train
/kaggle/input/datasets/researchersajid/mangoclassify-12-native-mango-dataset-from-bd/MangoClassify-12/GopalBhog/20250525_145834.jpg,GopalBhog,/kaggle/working/small/GopalBhog/01286.jpg,5,474,train
/kaggle/input/datasets/researchersajid/mangoclassify-12-native-mango-dataset-from-bd/MangoClassify-12/GopalBhog/20250525_145840.jpg,GopalBhog,/kaggle/working/small/GopalBhog/01287.jpg,5,474,train
/kaggle/input/datasets/researchersajid/mangoclassify-12-native-mango-dataset-from-bd/MangoClassify-12/GopalBhog/20250525_145846.jpg,GopalBhog,/kaggle/working/small/GopalBhog/01288.jpg,5,559,train
/kaggle/input/datasets/researchersajid/mangoclassify-12-native-mango-dataset-from-bd/MangoClassify-12/GopalBhog/20250525_145853.jpg,GopalBhog,/kaggle/working/small/GopalBhog/01289.jpg,5,474,train
/kaggle/input/datasets/researchersajid/mangoclassify-12-native-mango-dataset-from-bd/MangoClassify-12/GopalBhog/20250525_145917.jpg,GopalBhog,/kaggle/working/small/GopalBhog/01290.jpg,5,474,train
/kaggle/input/datasets/researchersajid/mangoclassify-12-native-mango-dataset-from-bd/MangoClassify-12/GopalBhog/20250525_145929.jpg,GopalBhog,/kaggle/working/small/GopalBhog/01291.jpg,5,474,train
/kaggle/input/datasets/researchersajid/mangoclassify-12-native-mango-dataset-from-bd/MangoClassify-12/GopalBhog/20250525_145939.jpg,GopalBhog,/kaggle/working/small/GopalBhog/01292.jpg,5,474,train
/kaggle/input/datasets/researchersajid/mangoclassify-12-native-mango-dataset-from-bd/MangoClassify-12/GopalBhog/20250525_150008.jpg,GopalBhog,/kaggle/working/small/GopalBhog/01293.jpg,5,476,train
/kaggle/input/datasets/researchersajid/mangoclassify-12-native-mango-dataset-from-bd/MangoClassify-12/GopalBhog/20250525_150012.jpg,GopalBhog,/kaggle/working/small/GopalBhog/01294.jpg,5,476,train
/kaggle/input/datasets/researchersajid/mangoclassify-12-native-mango-dataset-from-bd/MangoClassify-12/GopalBhog/20250525_150019.jpg,GopalBhog,/kaggle/working/small/GopalBhog/01295.jpg,5,533,train
/kaggle/input/datasets/researchersajid/mangoclassify-12-native-mango-dataset-from-bd/MangoClassify-12/GopalBhog/20250525_150049.jpg,GopalBhog,/kaggle/working/small/GopalBhog/01296.jpg,5,474,train
/kaggle/input/datasets/researchersajid/mangoclassify-12-native-mango-dataset-from-bd/MangoClassify-12/GopalBhog/20250525_150056.jpg,GopalBhog,/kaggle/working/small/GopalBhog/01297.jpg,5,522,train
/kaggle/input/datasets/researchersajid/mangoclassify-12-native-mango-dataset-from-bd/MangoClassify-12/GopalBhog/20250525_150107.jpg,GopalBhog,/kaggle/working/small/GopalBhog/01298.jpg,5,474,train
/kaggle/input/datasets/researchersajid/mangoclassify-12-native-mango-dataset-from-bd/MangoClassify-12/GopalBhog/20250525_150110.jpg,GopalBhog,/kaggle/working/small/GopalBhog/01299.jpg,5,474,train
/kaggle/input/datasets/researchersajid/mangoclassify-12-native-mango-dataset-from-bd/MangoClassify-12/GopalBhog/20250525_150121.jpg,GopalBhog,/kaggle/working/small/GopalBhog/01300.jpg,5,474,train
/kaggle/input/datasets/researchersajid/mangoclassify-12-native-mango-dataset-from-bd/MangoClassify-12/GopalBhog/20250525_150133.jpg,GopalBhog,/kaggle/working/small/GopalBhog/01301.jpg,5,492,train
/kaggle/input/datasets/researchersajid/mangoclassify-12-native-mango-dataset-from-bd/MangoClassify-12/GopalBhog/20250525_150143.jpg,GopalBhog,/kaggle/working/small/GopalBhog/01302.jpg,5,492,train
/kaggle/input/datasets/researchersajid/mangoclassify-12-native-mango-dataset-from-bd/MangoClassify-12/GopalBhog/20250525_150148.jpg,GopalBhog,/kaggle/working/small/GopalBhog/01303.jpg,5,486,val
/kaggle/input/datasets/researchersajid/mangoclassify-12-native-mango-dataset-from-bd/MangoClassify-12/GopalBhog/20250525_150201.jpg,GopalBhog,/kaggle/working/small/GopalBhog/01304.jpg,5,479,train
/kaggle/input/datasets/researchersajid/mangoclassify-12-native-mango-dataset-from-bd/MangoClassify-12/GopalBhog/20250525_150204.jpg,GopalBhog,/kaggle/working/small/GopalBhog/01305.jpg,5,479,train
/kaggle/input/datasets/researchersajid/mangoclassify-12-native-mango-dataset-from-bd/MangoClassify-12/GopalBhog/20250525_150211.jpg,GopalBhog,/kaggle/working/small/GopalBhog/01306.jpg,5,479,train
/kaggle/input/datasets/researchersajid/mangoclassify-12-native-mango-dataset-from-bd/MangoClassify-12/GopalBhog/20250525_150221.jpg,GopalBhog,/kaggle/working/small/GopalBhog/01307.jpg,5,479,train
/kaggle/input/datasets/researchersajid/mangoclassify-12-native-mango-dataset-from-bd/MangoClassify-12/GopalBhog/20250525_150233.jpg,GopalBhog,/kaggle/working/small/GopalBhog/01308.jpg,5,473,train
/kaggle/input/datasets/researchersajid/mangoclassify-12-native-mango-dataset-from-bd/MangoClassify-12/GopalBhog/20250525_150242.jpg,GopalBhog,/kaggle/working/small/GopalBhog/01309.jpg,5,473,train
/kaggle/input/datasets/researchersajid/mangoclassify-12-native-mango-dataset-from-bd/MangoClassify-12/GopalBhog/20250525_150256.jpg,GopalBhog,/kaggle/working/small/GopalBhog/01310.jpg,5,481,train
/kaggle/input/datasets/researchersajid/mangoclassify-12-native-mango-dataset-from-bd/MangoClassify-12/GopalBhog/20250525_150310.jpg,GopalBhog,/kaggle/working/small/GopalBhog/01311.jpg,5,538,train
/kaggle/input/datasets/researchersajid/mangoclassify-12-native-mango-dataset-from-bd/MangoClassify-12/GopalBhog/20250525_150502.jpg,GopalBhog,/kaggle/working/small/GopalBhog/01312.jpg,5,479,train
/kaggle/input/datasets/researchersajid/mangoclassify-12-native-mango-dataset-from-bd/MangoClassify-12/GopalBhog/20250525_150512.jpg,GopalBhog,/kaggle/working/small/GopalBhog/01313.jpg,5,477,test
/kaggle/input/datasets/researchersajid/mangoclassify-12-native-mango-dataset-from-bd/MangoClassify-12/GopalBhog/20250525_150519.jpg,GopalBhog,/kaggle/working/small/GopalBhog/01314.jpg,5,477,test
/kaggle/input/datasets/researchersajid/mangoclassify-12-native-mango-dataset-from-bd/MangoClassify-12/GopalBhog/20250525_150530.jpg,GopalBhog,/kaggle/working/small/GopalBhog/01315.jpg,5,492,train
/kaggle/input/datasets/researchersajid/mangoclassify-12-native-mango-dataset-from-bd/MangoClassify-12/GopalBhog/20250525_150550.jpg,GopalBhog,/kaggle/working/small/GopalBhog/01316.jpg,5,492,train
/kaggle/input/datasets/researchersajid/mangoclassify-12-native-mango-dataset-from-bd/MangoClassify-12/GopalBhog/20250525_150553.jpg,GopalBhog,/kaggle/working/small/GopalBhog/01317.jpg,5,492,train
/kaggle/input/datasets/researchersajid/mangoclassify-12-native-mango-dataset-from-bd/MangoClassify-12/GopalBhog/20250525_150603.jpg,GopalBhog,/kaggle/working/small/GopalBhog/01318.jpg,5,477,test
/kaggle/input/datasets/researchersajid/mangoclassify-12-native-mango-dataset-from-bd/MangoClassify-12/GopalBhog/20250525_150618.jpg,GopalBhog,/kaggle/working/small/GopalBhog/01319.jpg,5,479,train
/kaggle/input/datasets/researchersajid/mangoclassify-12-native-mango-dataset-from-bd/MangoClassify-12/GopalBhog/20250525_150624.jpg,GopalBhog,/kaggle/working/small/GopalBhog/01320.jpg,5,479,train
/kaggle/input/datasets/researchersajid/mangoclassify-12-native-mango-dataset-from-bd/MangoClassify-12/GopalBhog/20250525_150633.jpg,GopalBhog,/kaggle/working/small/GopalBhog/01321.jpg,5,477,test
/kaggle/input/datasets/researchersajid/mangoclassify-12-native-mango-dataset-from-bd/MangoClassify-12/GopalBhog/20250525_150642.jpg,GopalBhog,/kaggle/working/small/GopalBhog/01322.jpg,5,492,train
/kaggle/input/datasets/researchersajid/mangoclassify-12-native-mango-dataset-from-bd/MangoClassify-12/GopalBhog/20250525_150659.jpg,GopalBhog,/kaggle/working/small/GopalBhog/01323.jpg,5,491,train
/kaggle/input/datasets/researchersajid/mangoclassify-12-native-mango-dataset-from-bd/MangoClassify-12/GopalBhog/20250525_150708.jpg,GopalBhog,/kaggle/working/small/GopalBhog/01324.jpg,5,477,test
/kaggle/input/datasets/researchersajid/mangoclassify-12-native-mango-dataset-from-bd/MangoClassify-12/GopalBhog/20250525_150727.jpg,GopalBhog,/kaggle/working/small/GopalBhog/01325.jpg,5,477,test
/kaggle/input/datasets/researchersajid/mangoclassify-12-native-mango-dataset-from-bd/MangoClassify-12/GopalBhog/20250525_150735.jpg,GopalBhog,/kaggle/working/small/GopalBhog/01326.jpg,5,477,test
/kaggle/input/datasets/researchersajid/mangoclassify-12-native-mango-dataset-from-bd/MangoClassify-12/GopalBhog/20250525_150742.jpg,GopalBhog,/kaggle/working/small/GopalBhog/01327.jpg,5,477,test
/kaggle/input/datasets/researchersajid/mangoclassify-12-native-mango-dataset-from-bd/MangoClassify-12/GopalBhog/20250525_150749.jpg,GopalBhog,/kaggle/working/small/GopalBhog/01328.jpg,5,491,train
/kaggle/input/datasets/researchersajid/mangoclassify-12-native-mango-dataset-from-bd/MangoClassify-12/GopalBhog/20250525_150800.jpg,GopalBhog,/kaggle/working/small/GopalBhog/01329.jpg,5,491,train
/kaggle/input/datasets/researchersajid/mangoclassify-12-native-mango-dataset-from-bd/MangoClassify-12/GopalBhog/20250525_150810.jpg,GopalBhog,/kaggle/working/small/GopalBhog/01330.jpg,5,491,train
/kaggle/input/datasets/researchersajid/mangoclassify-12-native-mango-dataset-from-bd/MangoClassify-12/GopalBhog/20250525_150823.jpg,GopalBhog,/kaggle/working/small/GopalBhog/01331.jpg,5,491,train
/kaggle/input/datasets/researchersajid/mangoclassify-12-native-mango-dataset-from-bd/MangoClassify-12/GopalBhog/20250525_150827.jpg,GopalBhog,/kaggle/working/small/GopalBhog/01332.jpg,5,491,train
/kaggle/input/datasets/researchersajid/mangoclassify-12-native-mango-dataset-from-bd/MangoClassify-12/GopalBhog/20250525_150842.jpg,GopalBhog,/kaggle/working/small/GopalBhog/01333.jpg,5,491,train
/kaggle/input/datasets/researchersajid/mangoclassify-12-native-mango-dataset-from-bd/MangoClassify-12/GopalBhog/20250525_150858.jpg,GopalBhog,/kaggle/working/small/GopalBhog/01334.jpg,5,492,train
/kaggle/input/datasets/researchersajid/mangoclassify-12-native-mango-dataset-from-bd/MangoClassify-12/GopalBhog/20250525_150902.jpg,GopalBhog,/kaggle/working/small/GopalBhog/01335.jpg,5,492,train
/kaggle/input/datasets/researchersajid/mangoclassify-12-native-mango-dataset-from-bd/MangoClassify-12/GopalBhog/20250525_150918.jpg,GopalBhog,/kaggle/working/small/GopalBhog/01336.jpg,5,481,train
/kaggle/input/datasets/researchersajid/mangoclassify-12-native-mango-dataset-from-bd/MangoClassify-12/GopalBhog/20250525_150923.jpg,GopalBhog,/kaggle/working/small/GopalBhog/01337.jpg,5,491,train
/kaggle/input/datasets/researchersajid/mangoclassify-12-native-mango-dataset-from-bd/MangoClassify-12/GopalBhog/20250525_150930.jpg,GopalBhog,/kaggle/working/small/GopalBhog/01338.jpg,5,491,train
/kaggle/input/datasets/researchersajid/mangoclassify-12-native-mango-dataset-from-bd/MangoClassify-12/GopalBhog/20250525_150935.jpg,GopalBhog,/kaggle/working/small/GopalBhog/01339.jpg,5,491,train
/kaggle/input/datasets/researchersajid/mangoclassify-12-native-mango-dataset-from-bd/MangoClassify-12/GopalBhog/20250525_150938.jpg,GopalBhog,/kaggle/working/small/GopalBhog/01340.jpg,5,491,train
/kaggle/input/datasets/researchersajid/mangoclassify-12-native-mango-dataset-from-bd/MangoClassify-12/GopalBhog/20250525_150946.jpg,GopalBhog,/kaggle/working/small/GopalBhog/01341.jpg,5,491,train
/kaggle/input/datasets/researchersajid/mangoclassify-12-native-mango-dataset-from-bd/MangoClassify-12/GopalBhog/20250525_150948.jpg,GopalBhog,/kaggle/working/small/GopalBhog/01342.jpg,5,491,train
/kaggle/input/datasets/researchersajid/mangoclassify-12-native-mango-dataset-from-bd/MangoClassify-12/GopalBhog/20250525_150956.jpg,GopalBhog,/kaggle/working/small/GopalBhog/01343.jpg,5,539,train
/kaggle/input/datasets/researchersajid/mangoclassify-12-native-mango-dataset-from-bd/MangoClassify-12/GopalBhog/20250525_151000.jpg,GopalBhog,/kaggle/working/small/GopalBhog/01344.jpg,5,539,train
/kaggle/input/datasets/researchersajid/mangoclassify-12-native-mango-dataset-from-bd/MangoClassify-12/GopalBhog/20250525_151004.jpg,GopalBhog,/kaggle/working/small/GopalBhog/01345.jpg,5,539,train
/kaggle/input/datasets/researchersajid/mangoclassify-12-native-mango-dataset-from-bd/MangoClassify-12/GopalBhog/20250525_151007.jpg,GopalBhog,/kaggle/working/small/GopalBhog/01346.jpg,5,539,train
/kaggle/input/datasets/researchersajid/mangoclassify-12-native-mango-dataset-from-bd/MangoClassify-12/GopalBhog/20250525_151010.jpg,GopalBhog,/kaggle/working/small/GopalBhog/01347.jpg,5,539,train
/kaggle/input/datasets/researchersajid/mangoclassify-12-native-mango-dataset-from-bd/MangoClassify-12/GopalBhog/20250525_151017.jpg,GopalBhog,/kaggle/working/small/GopalBhog/01348.jpg,5,486,val
/kaggle/input/datasets/researchersajid/mangoclassify-12-native-mango-dataset-from-bd/MangoClassify-12/GopalBhog/20250525_151020.jpg,GopalBhog,/kaggle/working/small/GopalBhog/01349.jpg,5,486,val
/kaggle/input/datasets/researchersajid/mangoclassify-12-native-mango-dataset-from-bd/MangoClassify-12/GopalBhog/20250525_151032.jpg,GopalBhog,/kaggle/working/small/GopalBhog/01350.jpg,5,486,val
/kaggle/input/datasets/researchersajid/mangoclassify-12-native-mango-dataset-from-bd/MangoClassify-12/GopalBhog/20250525_151053.jpg,GopalBhog,/kaggle/working/small/GopalBhog/01351.jpg,5,486,val
/kaggle/input/datasets/researchersajid/mangoclassify-12-native-mango-dataset-from-bd/MangoClassify-12/GopalBhog/20250525_151058.jpg,GopalBhog,/kaggle/working/small/GopalBhog/01352.jpg,5,486,val
/kaggle/input/datasets/researchersajid/mangoclassify-12-native-mango-dataset-from-bd/MangoClassify-12/GopalBhog/20250525_151106.jpg,GopalBhog,/kaggle/working/small/GopalBhog/01353.jpg,5,486,val
/kaggle/input/datasets/researchersajid/mangoclassify-12-native-mango-dataset-from-bd/MangoClassify-12/GopalBhog/20250525_151118.jpg,GopalBhog,/kaggle/working/small/GopalBhog/01354.jpg,5,486,val
/kaggle/input/datasets/researchersajid/mangoclassify-12-native-mango-dataset-from-bd/MangoClassify-12/GopalBhog/20250525_151122.jpg,GopalBhog,/kaggle/working/small/GopalBhog/01355.jpg,5,486,val
/kaggle/input/datasets/researchersajid/mangoclassify-12-native-mango-dataset-from-bd/MangoClassify-12/GopalBhog/20250525_151129.jpg,GopalBhog,/kaggle/working/small/GopalBhog/01356.jpg,5,492,train
/kaggle/input/datasets/researchersajid/mangoclassify-12-native-mango-dataset-from-bd/MangoClassify-12/GopalBhog/20250525_151138.jpg,GopalBhog,/kaggle/working/small/GopalBhog/01357.jpg,5,492,train
/kaggle/input/datasets/researchersajid/mangoclassify-12-native-mango-dataset-from-bd/MangoClassify-12/GopalBhog/20250525_151141.jpg,GopalBhog,/kaggle/working/small/GopalBhog/01358.jpg,5,492,train
/kaggle/input/datasets/researchersajid/mangoclassify-12-native-mango-dataset-from-bd/MangoClassify-12/GopalBhog/20250525_151150.jpg,GopalBhog,/kaggle/working/small/GopalBhog/01359.jpg,5,487,test
/kaggle/input/datasets/researchersajid/mangoclassify-12-native-mango-dataset-from-bd/MangoClassify-12/GopalBhog/20250525_151158.jpg,GopalBhog,/kaggle/working/small/GopalBhog/01360.jpg,5,487,test
/kaggle/input/datasets/researchersajid/mangoclassify-12-native-mango-dataset-from-bd/MangoClassify-12/GopalBhog/20250525_151208.jpg,GopalBhog,/kaggle/working/small/GopalBhog/01361.jpg,5,487,test
/kaggle/input/datasets/researchersajid/mangoclassify-12-native-mango-dataset-from-bd/MangoClassify-12/GopalBhog/20250525_151220.jpg,GopalBhog,/kaggle/working/small/GopalBhog/01362.jpg,5,491,train
/kaggle/input/datasets/researchersajid/mangoclassify-12-native-mango-dataset-from-bd/MangoClassify-12/GopalBhog/20250525_151230.jpg,GopalBhog,/kaggle/working/small/GopalBhog/01363.jpg,5,491,train
/kaggle/input/datasets/researchersajid/mangoclassify-12-native-mango-dataset-from-bd/MangoClassify-12/GopalBhog/20250525_151248.jpg,GopalBhog,/kaggle/working/small/GopalBhog/01364.jpg,5,486,val
/kaggle/input/datasets/researchersajid/mangoclassify-12-native-mango-dataset-from-bd/MangoClassify-12/GopalBhog/20250525_151330.jpg,GopalBhog,/kaggle/working/small/GopalBhog/01365.jpg,5,556,val
/kaggle/input/datasets/researchersajid/mangoclassify-12-native-mango-dataset-from-bd/MangoClassify-12/GopalBhog/20250525_151332.jpg,GopalBhog,/kaggle/working/small/GopalBhog/01366.jpg,5,556,val
/kaggle/input/datasets/researchersajid/mangoclassify-12-native-mango-dataset-from-bd/MangoClassify-12/GopalBhog/20250525_151344.jpg,GopalBhog,/kaggle/working/small/GopalBhog/01367.jpg,5,556,val
/kaggle/input/datasets/researchersajid/mangoclassify-12-native-mango-dataset-from-bd/MangoClassify-12/GopalBhog/20250525_151348.jpg,GopalBhog,/kaggle/working/small/GopalBhog/01368.jpg,5,556,val
/kaggle/input/datasets/researchersajid/mangoclassify-12-native-mango-dataset-from-bd/MangoClassify-12/GopalBhog/20250525_151357.jpg,GopalBhog,/kaggle/working/small/GopalBhog/01369.jpg,5,481,train
/kaggle/input/datasets/researchersajid/mangoclassify-12-native-mango-dataset-from-bd/MangoClassify-12/GopalBhog/20250525_151401.jpg,GopalBhog,/kaggle/working/small/GopalBhog/01370.jpg,5,481,train
/kaggle/input/datasets/researchersajid/mangoclassify-12-native-mango-dataset-from-bd/MangoClassify-12/GopalBhog/20250525_151407.jpg,GopalBhog,/kaggle/working/small/GopalBhog/01371.jpg,5,481,train
/kaggle/input/datasets/researchersajid/mangoclassify-12-native-mango-dataset-from-bd/MangoClassify-12/GopalBhog/20250525_151413.jpg,GopalBhog,/kaggle/working/small/GopalBhog/01372.jpg,5,481,train
/kaggle/input/datasets/researchersajid/mangoclassify-12-native-mango-dataset-from-bd/MangoClassify-12/GopalBhog/20250525_151431.jpg,GopalBhog,/kaggle/working/small/GopalBhog/01373.jpg,5,492,train
/kaggle/input/datasets/researchersajid/mangoclassify-12-native-mango-dataset-from-bd/MangoClassify-12/GopalBhog/20250525_151437.jpg,GopalBhog,/kaggle/working/small/GopalBhog/01374.jpg,5,492,train
/kaggle/input/datasets/researchersajid/mangoclassify-12-native-mango-dataset-from-bd/MangoClassify-12/GopalBhog/20250525_151440.jpg,GopalBhog,/kaggle/working/small/GopalBhog/01375.jpg,5,492,train
/kaggle/input/datasets/researchersajid/mangoclassify-12-native-mango-dataset-from-bd/MangoClassify-12/GopalBhog/20250525_151459.jpg,GopalBhog,/kaggle/working/small/GopalBhog/01376.jpg,5,491,train
/kaggle/input/datasets/researchersajid/mangoclassify-12-native-mango-dataset-from-bd/MangoClassify-12/GopalBhog/20250525_151504.jpg,GopalBhog,/kaggle/working/small/GopalBhog/01377.jpg,5,491,train
/kaggle/input/datasets/researchersajid/mangoclassify-12-native-mango-dataset-from-bd/MangoClassify-12/GopalBhog/20250525_151510.jpg,GopalBhog,/kaggle/working/small/GopalBhog/01378.jpg,5,491,train
/kaggle/input/datasets/researchersajid/mangoclassify-12-native-mango-dataset-from-bd/MangoClassify-12/GopalBhog/20250525_151520.jpg,GopalBhog,/kaggle/working/small/GopalBhog/01379.jpg,5,556,val
/kaggle/input/datasets/researchersajid/mangoclassify-12-native-mango-dataset-from-bd/MangoClassify-12/GopalBhog/20250525_151524.jpg,GopalBhog,/kaggle/working/small/GopalBhog/01380.jpg,5,556,val
/kaggle/input/datasets/researchersajid/mangoclassify-12-native-mango-dataset-from-bd/MangoClassify-12/GopalBhog/20250525_151531.jpg,GopalBhog,/kaggle/working/small/GopalBhog/01381.jpg,5,556,val
/kaggle/input/datasets/researchersajid/mangoclassify-12-native-mango-dataset-from-bd/MangoClassify-12/GopalBhog/20250525_151533.jpg,GopalBhog,/kaggle/working/small/GopalBhog/01382.jpg,5,556,val
/kaggle/input/datasets/researchersajid/mangoclassify-12-native-mango-dataset-from-bd/MangoClassify-12/GopalBhog/20250525_151539.jpg,GopalBhog,/kaggle/working/small/GopalBhog/01383.jpg,5,556,val
/kaggle/input/datasets/researchersajid/mangoclassify-12-native-mango-dataset-from-bd/MangoClassify-12/GopalBhog/20250525_151555.jpg,GopalBhog,/kaggle/working/small/GopalBhog/01384.jpg,5,492,train
/kaggle/input/datasets/researchersajid/mangoclassify-12-native-mango-dataset-from-bd/MangoClassify-12/GopalBhog/20250525_151558.jpg,GopalBhog,/kaggle/working/small/GopalBhog/01385.jpg,5,492,train
/kaggle/input/datasets/researchersajid/mangoclassify-12-native-mango-dataset-from-bd/MangoClassify-12/GopalBhog/20250525_151605.jpg,GopalBhog,/kaggle/working/small/GopalBhog/01386.jpg,5,487,test
/kaggle/input/datasets/researchersajid/mangoclassify-12-native-mango-dataset-from-bd/MangoClassify-12/GopalBhog/20250525_151608.jpg,GopalBhog,/kaggle/working/small/GopalBhog/01387.jpg,5,487,test
/kaggle/input/datasets/researchersajid/mangoclassify-12-native-mango-dataset-from-bd/MangoClassify-12/GopalBhog/20250525_151613.jpg,GopalBhog,/kaggle/working/small/GopalBhog/01388.jpg,5,487,test
/kaggle/input/datasets/researchersajid/mangoclassify-12-native-mango-dataset-from-bd/MangoClassify-12/GopalBhog/20250525_151619.jpg,GopalBhog,/kaggle/working/small/GopalBhog/01389.jpg,5,487,test
/kaggle/input/datasets/researchersajid/mangoclassify-12-native-mango-dataset-from-bd/MangoClassify-12/GopalBhog/20250525_151622.jpg,GopalBhog,/kaggle/working/small/GopalBhog/01390.jpg,5,487,test
/kaggle/input/datasets/researchersajid/mangoclassify-12-native-mango-dataset-from-bd/MangoClassify-12/GopalBhog/20250525_151626.jpg,GopalBhog,/kaggle/working/small/GopalBhog/01391.jpg,5,487,test
/kaggle/input/datasets/researchersajid/mangoclassify-12-native-mango-dataset-from-bd/MangoClassify-12/GopalBhog/20250525_151632.jpg,GopalBhog,/kaggle/working/small/GopalBhog/01392.jpg,5,474,train
/kaggle/input/datasets/researchersajid/mangoclassify-12-native-mango-dataset-from-bd/MangoClassify-12/GopalBhog/20250525_151635.jpg,GopalBhog,/kaggle/working/small/GopalBhog/01393.jpg,5,474,train
/kaggle/input/datasets/researchersajid/mangoclassify-12-native-mango-dataset-from-bd/MangoClassify-12/GopalBhog/20250525_151640.jpg,GopalBhog,/kaggle/working/small/GopalBhog/01394.jpg,5,474,train
/kaggle/input/datasets/researchersajid/mangoclassify-12-native-mango-dataset-from-bd/MangoClassify-12/GopalBhog/20250525_151649.jpg,GopalBhog,/kaggle/working/small/GopalBhog/01395.jpg,5,474,train
/kaggle/input/datasets/researchersajid/mangoclassify-12-native-mango-dataset-from-bd/MangoClassify-12/GopalBhog/20250525_151653.jpg,GopalBhog,/kaggle/working/small/GopalBhog/01396.jpg,5,474,train
/kaggle/input/datasets/researchersajid/mangoclassify-12-native-mango-dataset-from-bd/MangoClassify-12/GopalBhog/20250525_151656.jpg,GopalBhog,/kaggle/working/small/GopalBhog/01397.jpg,5,474,train
/kaggle/input/datasets/researchersajid/mangoclassify-12-native-mango-dataset-from-bd/MangoClassify-12/GopalBhog/20250525_151705.jpg,GopalBhog,/kaggle/working/small/GopalBhog/01398.jpg,5,474,train
/kaggle/input/datasets/researchersajid/mangoclassify-12-native-mango-dataset-from-bd/MangoClassify-12/GopalBhog/20250525_151706.jpg,GopalBhog,/kaggle/working/small/GopalBhog/01399.jpg,5,474,train
/kaggle/input/datasets/researchersajid/mangoclassify-12-native-mango-dataset-from-bd/MangoClassify-12/GopalBhog/20250525_151709.jpg,GopalBhog,/kaggle/working/small/GopalBhog/01400.jpg,5,474,train
/kaggle/input/datasets/researchersajid/mangoclassify-12-native-mango-dataset-from-bd/MangoClassify-12/GopalBhog/20250525_151715.jpg,GopalBhog,/kaggle/working/small/GopalBhog/01401.jpg,5,492,train
/kaggle/input/datasets/researchersajid/mangoclassify-12-native-mango-dataset-from-bd/MangoClassify-12/GopalBhog/20250525_151725.jpg,GopalBhog,/kaggle/working/small/GopalBhog/01402.jpg,5,492,train
/kaggle/input/datasets/researchersajid/mangoclassify-12-native-mango-dataset-from-bd/MangoClassify-12/GopalBhog/20250525_151728.jpg,GopalBhog,/kaggle/working/small/GopalBhog/01403.jpg,5,492,train
/kaggle/input/datasets/researchersajid/mangoclassify-12-native-mango-dataset-from-bd/MangoClassify-12/GopalBhog/20250525_151731.jpg,GopalBhog,/kaggle/working/small/GopalBhog/01404.jpg,5,492,train
/kaggle/input/datasets/researchersajid/mangoclassify-12-native-mango-dataset-from-bd/MangoClassify-12/GopalBhog/20250525_151738.jpg,GopalBhog,/kaggle/working/small/GopalBhog/01405.jpg,5,487,test
/kaggle/input/datasets/researchersajid/mangoclassify-12-native-mango-dataset-from-bd/MangoClassify-12/GopalBhog/20250525_151740.jpg,GopalBhog,/kaggle/working/small/GopalBhog/01406.jpg,5,487,test
/kaggle/input/datasets/researchersajid/mangoclassify-12-native-mango-dataset-from-bd/MangoClassify-12/GopalBhog/20250525_151743.jpg,GopalBhog,/kaggle/working/small/GopalBhog/01407.jpg,5,487,test
/kaggle/input/datasets/researchersajid/mangoclassify-12-native-mango-dataset-from-bd/MangoClassify-12/GopalBhog/20250525_151750.jpg,GopalBhog,/kaggle/working/small/GopalBhog/01408.jpg,5,487,test
/kaggle/input/datasets/researchersajid/mangoclassify-12-native-mango-dataset-from-bd/MangoClassify-12/GopalBhog/20250525_151754.jpg,GopalBhog,/kaggle/working/small/GopalBhog/01409.jpg,5,487,test
/kaggle/input/datasets/researchersajid/mangoclassify-12-native-mango-dataset-from-bd/MangoClassify-12/GopalBhog/20250525_151815.jpg,GopalBhog,/kaggle/working/small/GopalBhog/01410.jpg,5,487,test
/kaggle/input/datasets/researchersajid/mangoclassify-12-native-mango-dataset-from-bd/MangoClassify-12/GopalBhog/20250525_151826.jpg,GopalBhog,/kaggle/working/small/GopalBhog/01411.jpg,5,487,test
/kaggle/input/datasets/researchersajid/mangoclassify-12-native-mango-dataset-from-bd/MangoClassify-12/GopalBhog/20250525_151836.jpg,GopalBhog,/kaggle/working/small/GopalBhog/01412.jpg,5,487,test
/kaggle/input/datasets/researchersajid/mangoclassify-12-native-mango-dataset-from-bd/MangoClassify-12/GopalBhog/20250525_151840.jpg,GopalBhog,/kaggle/working/small/GopalBhog/01413.jpg,5,487,test
/kaggle/input/datasets/researchersajid/mangoclassify-12-native-mango-dataset-from-bd/MangoClassify-12/GopalBhog/20250525_151848.jpg,GopalBhog,/kaggle/working/small/GopalBhog/01414.jpg,5,487,test
/kaggle/input/datasets/researchersajid/mangoclassify-12-native-mango-dataset-from-bd/MangoClassify-12/GopalBhog/20250525_151858.jpg,GopalBhog,/kaggle/working/small/GopalBhog/01415.jpg,5,487,test
/kaggle/input/datasets/researchersajid/mangoclassify-12-native-mango-dataset-from-bd/MangoClassify-12/GopalBhog/20250525_151902.jpg,GopalBhog,/kaggle/working/small/GopalBhog/01416.jpg,5,487,test
/kaggle/input/datasets/researchersajid/mangoclassify-12-native-mango-dataset-from-bd/MangoClassify-12/GopalBhog/20250525_151915.jpg,GopalBhog,/kaggle/working/small/GopalBhog/01417.jpg,5,487,test
/kaggle/input/datasets/researchersajid/mangoclassify-12-native-mango-dataset-from-bd/MangoClassify-12/GopalBhog/20250525_151917.jpg,GopalBhog,/kaggle/working/small/GopalBhog/01418.jpg,5,487,test
/kaggle/input/datasets/researchersajid/mangoclassify-12-native-mango-dataset-from-bd/MangoClassify-12/GopalBhog/20250525_151924.jpg,GopalBhog,/kaggle/working/small/GopalBhog/01419.jpg,5,556,val
/kaggle/input/datasets/researchersajid/mangoclassify-12-native-mango-dataset-from-bd/MangoClassify-12/GopalBhog/20250525_151929.jpg,GopalBhog,/kaggle/working/small/GopalBhog/01420.jpg,5,556,val
/kaggle/input/datasets/researchersajid/mangoclassify-12-native-mango-dataset-from-bd/MangoClassify-12/GopalBhog/20250525_151935.jpg,GopalBhog,/kaggle/working/small/GopalBhog/01421.jpg,5,556,val
/kaggle/input/datasets/researchersajid/mangoclassify-12-native-mango-dataset-from-bd/MangoClassify-12/GopalBhog/20250525_151942.jpg,GopalBhog,/kaggle/working/small/GopalBhog/01422.jpg,5,556,val
/kaggle/input/datasets/researchersajid/mangoclassify-12-native-mango-dataset-from-bd/MangoClassify-12/GopalBhog/20250525_151954.jpg,GopalBhog,/kaggle/working/small/GopalBhog/01423.jpg,5,556,val
/kaggle/input/datasets/researchersajid/mangoclassify-12-native-mango-dataset-from-bd/MangoClassify-12/GopalBhog/20250525_152003.jpg,GopalBhog,/kaggle/working/small/GopalBhog/01424.jpg,5,486,val
/kaggle/input/datasets/researchersajid/mangoclassify-12-native-mango-dataset-from-bd/MangoClassify-12/GopalBhog/20250525_152010.jpg,GopalBhog,/kaggle/working/small/GopalBhog/01425.jpg,5,487,test
/kaggle/input/datasets/researchersajid/mangoclassify-12-native-mango-dataset-from-bd/MangoClassify-12/GopalBhog/20250525_152014.jpg,GopalBhog,/kaggle/working/small/GopalBhog/01426.jpg,5,487,test
/kaggle/input/datasets/researchersajid/mangoclassify-12-native-mango-dataset-from-bd/MangoClassify-12/GopalBhog/20250525_152020.jpg,GopalBhog,/kaggle/working/small/GopalBhog/01427.jpg,5,487,test
/kaggle/input/datasets/researchersajid/mangoclassify-12-native-mango-dataset-from-bd/MangoClassify-12/GopalBhog/20250525_152024.jpg,GopalBhog,/kaggle/working/small/GopalBhog/01428.jpg,5,492,train
/kaggle/input/datasets/researchersajid/mangoclassify-12-native-mango-dataset-from-bd/MangoClassify-12/GopalBhog/20250525_152120.jpg,GopalBhog,/kaggle/working/small/GopalBhog/01429.jpg,5,474,train
/kaggle/input/datasets/researchersajid/mangoclassify-12-native-mango-dataset-from-bd/MangoClassify-12/GopalBhog/20250525_152127.jpg,GopalBhog,/kaggle/working/small/GopalBhog/01430.jpg,5,491,train
/kaggle/input/datasets/researchersajid/mangoclassify-12-native-mango-dataset-from-bd/MangoClassify-12/GopalBhog/20250525_152135.jpg,GopalBhog,/kaggle/working/small/GopalBhog/01431.jpg,5,538,train
/kaggle/input/datasets/researchersajid/mangoclassify-12-native-mango-dataset-from-bd/MangoClassify-12/GopalBhog/20250525_152138.jpg,GopalBhog,/kaggle/working/small/GopalBhog/01432.jpg,5,487,test
/kaggle/input/datasets/researchersajid/mangoclassify-12-native-mango-dataset-from-bd/MangoClassify-12/GopalBhog/IMG-20250525-WA0015.jpg,GopalBhog,/kaggle/working/small/GopalBhog/01433.jpg,5,472,test
/kaggle/input/datasets/researchersajid/mangoclassify-12-native-mango-dataset-from-bd/MangoClassify-12/GopalBhog/IMG-20250525-WA0016.jpg,GopalBhog,/kaggle/working/small/GopalBhog/01434.jpg,5,472,test
/kaggle/input/datasets/researchersajid/mangoclassify-12-native-mango-dataset-from-bd/MangoClassify-12/GopalBhog/IMG-20250525-WA0017.jpg,GopalBhog,/kaggle/working/small/GopalBhog/01435.jpg,5,472,test
/kaggle/input/datasets/researchersajid/mangoclassify-12-native-mango-dataset-from-bd/MangoClassify-12/GopalBhog/IMG-20250525-WA0019.jpg,GopalBhog,/kaggle/working/small/GopalBhog/01436.jpg,5,560,train
/kaggle/input/datasets/researchersajid/mangoclassify-12-native-mango-dataset-from-bd/MangoClassify-12/GopalBhog/IMG-20250525-WA0020.jpg,GopalBhog,/kaggle/working/small/GopalBhog/01437.jpg,5,526,train
/kaggle/input/datasets/researchersajid/mangoclassify-12-native-mango-dataset-from-bd/MangoClassify-12/GopalBhog/IMG-20250525-WA0021.jpg,GopalBhog,/kaggle/working/small/GopalBhog/01438.jpg,5,472,test
/kaggle/input/datasets/researchersajid/mangoclassify-12-native-mango-dataset-from-bd/MangoClassify-12/GopalBhog/IMG-20250525-WA0022.jpg,GopalBhog,/kaggle/working/small/GopalBhog/01439.jpg,5,472,test
/kaggle/input/datasets/researchersajid/mangoclassify-12-native-mango-dataset-from-bd/MangoClassify-12/GopalBhog/IMG-20250525-WA0023.jpg,GopalBhog,/kaggle/working/small/GopalBhog/01440.jpg,5,472,test
/kaggle/input/datasets/researchersajid/mangoclassify-12-native-mango-dataset-from-bd/MangoClassify-12/GopalBhog/IMG-20250525-WA0024.jpg,GopalBhog,/kaggle/working/small/GopalBhog/01441.jpg,5,506,train
/kaggle/input/datasets/researchersajid/mangoclassify-12-native-mango-dataset-from-bd/MangoClassify-12/GopalBhog/IMG-20250525-WA0025.jpg,GopalBhog,/kaggle/working/small/GopalBhog/01442.jpg,5,506,train
/kaggle/input/datasets/researchersajid/mangoclassify-12-native-mango-dataset-from-bd/MangoClassify-12/GopalBhog/IMG-20250525-WA0026.jpg,GopalBhog,/kaggle/working/small/GopalBhog/01443.jpg,5,506,train
/kaggle/input/datasets/researchersajid/mangoclassify-12-native-mango-dataset-from-bd/MangoClassify-12/GopalBhog/IMG-20250525-WA0027.jpg,GopalBhog,/kaggle/working/small/GopalBhog/01444.jpg,5,506,train
/kaggle/input/datasets/researchersajid/mangoclassify-12-native-mango-dataset-from-bd/MangoClassify-12/GopalBhog/IMG-20250525-WA0028.jpg,GopalBhog,/kaggle/working/small/GopalBhog/01445.jpg,5,472,test
/kaggle/input/datasets/researchersajid/mangoclassify-12-native-mango-dataset-from-bd/MangoClassify-12/GopalBhog/IMG-20250525-WA0029.jpg,GopalBhog,/kaggle/working/small/GopalBhog/01446.jpg,5,557,train
/kaggle/input/datasets/researchersajid/mangoclassify-12-native-mango-dataset-from-bd/MangoClassify-12/GopalBhog/IMG-20250525-WA0030.jpg,GopalBhog,/kaggle/working/small/GopalBhog/01447.jpg,5,506,train
/kaggle/input/datasets/researchersajid/mangoclassify-12-native-mango-dataset-from-bd/MangoClassify-12/GopalBhog/IMG-20250525-WA0031.jpg,GopalBhog,/kaggle/working/small/GopalBhog/01448.jpg,5,506,train
/kaggle/input/datasets/researchersajid/mangoclassify-12-native-mango-dataset-from-bd/MangoClassify-12/GopalBhog/IMG-20250525-WA0032.jpg,GopalBhog,/kaggle/working/small/GopalBhog/01449.jpg,5,542,train
/kaggle/input/datasets/researchersajid/mangoclassify-12-native-mango-dataset-from-bd/MangoClassify-12/GopalBhog/IMG-20250525-WA0033.jpg,GopalBhog,/kaggle/working/small/GopalBhog/01450.jpg,5,542,train
/kaggle/input/datasets/researchersajid/mangoclassify-12-native-mango-dataset-from-bd/MangoClassify-12/GopalBhog/IMG-20250525-WA0034.jpg,GopalBhog,/kaggle/working/small/GopalBhog/01451.jpg,5,542,train
/kaggle/input/datasets/researchersajid/mangoclassify-12-native-mango-dataset-from-bd/MangoClassify-12/GopalBhog/IMG-20250525-WA0035.jpg,GopalBhog,/kaggle/working/small/GopalBhog/01452.jpg,5,542,train
/kaggle/input/datasets/researchersajid/mangoclassify-12-native-mango-dataset-from-bd/MangoClassify-12/GopalBhog/IMG-20250525-WA0036.jpg,GopalBhog,/kaggle/working/small/GopalBhog/01453.jpg,5,542,train
/kaggle/input/datasets/researchersajid/mangoclassify-12-native-mango-dataset-from-bd/MangoClassify-12/GopalBhog/IMG-20250525-WA0037.jpg,GopalBhog,/kaggle/working/small/GopalBhog/01454.jpg,5,542,train
/kaggle/input/datasets/researchersajid/mangoclassify-12-native-mango-dataset-from-bd/MangoClassify-12/GopalBhog/IMG-20250525-WA0038.jpg,GopalBhog,/kaggle/working/small/GopalBhog/01455.jpg,5,542,train
/kaggle/input/datasets/researchersajid/mangoclassify-12-native-mango-dataset-from-bd/MangoClassify-12/GopalBhog/IMG-20250525-WA0039.jpg,GopalBhog,/kaggle/working/small/GopalBhog/01456.jpg,5,472,test
/kaggle/input/datasets/researchersajid/mangoclassify-12-native-mango-dataset-from-bd/MangoClassify-12/GopalBhog/IMG-20250525-WA0040.jpg,GopalBhog,/kaggle/working/small/GopalBhog/01457.jpg,5,472,test
/kaggle/input/datasets/researchersajid/mangoclassify-12-native-mango-dataset-from-bd/MangoClassify-12/GopalBhog/IMG-20250525-WA0041.jpg,GopalBhog,/kaggle/working/small/GopalBhog/01458.jpg,5,472,test
/kaggle/input/datasets/researchersajid/mangoclassify-12-native-mango-dataset-from-bd/MangoClassify-12/GopalBhog/IMG-20250525-WA0042.jpg,GopalBhog,/kaggle/working/small/GopalBhog/01459.jpg,5,472,test
/kaggle/input/datasets/researchersajid/mangoclassify-12-native-mango-dataset-from-bd/MangoClassify-12/GopalBhog/IMG-20250525-WA0043.jpg,GopalBhog,/kaggle/working/small/GopalBhog/01460.jpg,5,472,test
/kaggle/input/datasets/researchersajid/mangoclassify-12-native-mango-dataset-from-bd/MangoClassify-12/GopalBhog/IMG-20250525-WA0044.jpg,GopalBhog,/kaggle/working/small/GopalBhog/01461.jpg,5,489,train
/kaggle/input/datasets/researchersajid/mangoclassify-12-native-mango-dataset-from-bd/MangoClassify-12/GopalBhog/IMG-20250525-WA0045.jpg,GopalBhog,/kaggle/working/small/GopalBhog/01462.jpg,5,489,train
/kaggle/input/datasets/researchersajid/mangoclassify-12-native-mango-dataset-from-bd/MangoClassify-12/GopalBhog/IMG-20250525-WA0046.jpg,GopalBhog,/kaggle/working/small/GopalBhog/01463.jpg,5,489,train
/kaggle/input/datasets/researchersajid/mangoclassify-12-native-mango-dataset-from-bd/MangoClassify-12/GopalBhog/IMG-20250525-WA0047.jpg,GopalBhog,/kaggle/working/small/GopalBhog/01464.jpg,5,489,train
/kaggle/input/datasets/researchersajid/mangoclassify-12-native-mango-dataset-from-bd/MangoClassify-12/GopalBhog/IMG-20250525-WA0048.jpg,GopalBhog,/kaggle/working/small/GopalBhog/01465.jpg,5,489,train
/kaggle/input/datasets/researchersajid/mangoclassify-12-native-mango-dataset-from-bd/MangoClassify-12/GopalBhog/IMG-20250525-WA0049.jpg,GopalBhog,/kaggle/working/small/GopalBhog/01466.jpg,5,489,train
/kaggle/input/datasets/researchersajid/mangoclassify-12-native-mango-dataset-from-bd/MangoClassify-12/GopalBhog/IMG_20250601_170138.jpg,GopalBhog,/kaggle/working/small/GopalBhog/01467.jpg,5,484,train
/kaggle/input/datasets/researchersajid/mangoclassify-12-native-mango-dataset-from-bd/MangoClassify-12/GopalBhog/IMG_20250601_170149.jpg,GopalBhog,/kaggle/working/small/GopalBhog/01468.jpg,5,484,train
/kaggle/input/datasets/researchersajid/mangoclassify-12-native-mango-dataset-from-bd/MangoClassify-12/GopalBhog/IMG_20250601_170201.jpg,GopalBhog,/kaggle/working/small/GopalBhog/01469.jpg,5,484,train
/kaggle/input/datasets/researchersajid/mangoclassify-12-native-mango-dataset-from-bd/MangoClassify-12/GopalBhog/IMG_20250601_170217.jpg,GopalBhog,/kaggle/working/small/GopalBhog/01470.jpg,5,484,train
/kaggle/input/datasets/researchersajid/mangoclassify-12-native-mango-dataset-from-bd/MangoClassify-12/GopalBhog/IMG_20250601_170243.jpg,GopalBhog,/kaggle/working/small/GopalBhog/01471.jpg,5,524,train
/kaggle/input/datasets/researchersajid/mangoclassify-12-native-mango-dataset-from-bd/MangoClassify-12/GopalBhog/IMG_20250601_170305.jpg,GopalBhog,/kaggle/working/small/GopalBhog/01472.jpg,5,524,train
/kaggle/input/datasets/researchersajid/mangoclassify-12-native-mango-dataset-from-bd/MangoClassify-12/GopalBhog/IMG_20250601_170315.jpg,GopalBhog,/kaggle/working/small/GopalBhog/01473.jpg,5,505,train
/kaggle/input/datasets/researchersajid/mangoclassify-12-native-mango-dataset-from-bd/MangoClassify-12/GopalBhog/IMG_20250601_170328.jpg,GopalBhog,/kaggle/working/small/GopalBhog/01474.jpg,5,561,train
/kaggle/input/datasets/researchersajid/mangoclassify-12-native-mango-dataset-from-bd/MangoClassify-12/GopalBhog/IMG_20250601_170350.jpg,GopalBhog,/kaggle/working/small/GopalBhog/01475.jpg,5,565,train
/kaggle/input/datasets/researchersajid/mangoclassify-12-native-mango-dataset-from-bd/MangoClassify-12/GopalBhog/IMG_20250601_170403.jpg,GopalBhog,/kaggle/working/small/GopalBhog/01476.jpg,5,505,train
/kaggle/input/datasets/researchersajid/mangoclassify-12-native-mango-dataset-from-bd/MangoClassify-12/GopalBhog/IMG_20250601_170418.jpg,GopalBhog,/kaggle/working/small/GopalBhog/01477.jpg,5,570,train
/kaggle/input/datasets/researchersajid/mangoclassify-12-native-mango-dataset-from-bd/MangoClassify-12/GopalBhog/IMG_20250601_170433.jpg,GopalBhog,/kaggle/working/small/GopalBhog/01478.jpg,5,532,val
/kaggle/input/datasets/researchersajid/mangoclassify-12-native-mango-dataset-from-bd/MangoClassify-12/GopalBhog/IMG_20250601_170447.jpg,GopalBhog,/kaggle/working/small/GopalBhog/01479.jpg,5,570,train
/kaggle/input/datasets/researchersajid/mangoclassify-12-native-mango-dataset-from-bd/MangoClassify-12/GopalBhog/IMG_20250601_170535.jpg,GopalBhog,/kaggle/working/small/GopalBhog/01480.jpg,5,490,train
/kaggle/input/datasets/researchersajid/mangoclassify-12-native-mango-dataset-from-bd/MangoClassify-12/GopalBhog/IMG_20250601_170548.jpg,GopalBhog,/kaggle/working/small/GopalBhog/01481.jpg,5,494,train
/kaggle/input/datasets/researchersajid/mangoclassify-12-native-mango-dataset-from-bd/MangoClassify-12/GopalBhog/IMG_20250601_170602.jpg,GopalBhog,/kaggle/working/small/GopalBhog/01482.jpg,5,535,train
/kaggle/input/datasets/researchersajid/mangoclassify-12-native-mango-dataset-from-bd/MangoClassify-12/GopalBhog/IMG_20250601_170628.jpg,GopalBhog,/kaggle/working/small/GopalBhog/01483.jpg,5,544,train
/kaggle/input/datasets/researchersajid/mangoclassify-12-native-mango-dataset-from-bd/MangoClassify-12/GopalBhog/IMG_20250601_170659.jpg,GopalBhog,/kaggle/working/small/GopalBhog/01484.jpg,5,529,val
/kaggle/input/datasets/researchersajid/mangoclassify-12-native-mango-dataset-from-bd/MangoClassify-12/GopalBhog/IMG_20250601_170710.jpg,GopalBhog,/kaggle/working/small/GopalBhog/01485.jpg,5,570,train
/kaggle/input/datasets/researchersajid/mangoclassify-12-native-mango-dataset-from-bd/MangoClassify-12/GopalBhog/IMG_20250601_170733.jpg,GopalBhog,/kaggle/working/small/GopalBhog/01486.jpg,5,570,train
/kaggle/input/datasets/researchersajid/mangoclassify-12-native-mango-dataset-from-bd/MangoClassify-12/GopalBhog/IMG_20250601_170742.jpg,GopalBhog,/kaggle/working/small/GopalBhog/01487.jpg,5,555,train
/kaggle/input/datasets/researchersajid/mangoclassify-12-native-mango-dataset-from-bd/MangoClassify-12/GopalBhog/IMG_20250601_170805.jpg,GopalBhog,/kaggle/working/small/GopalBhog/01488.jpg,5,494,train
/kaggle/input/datasets/researchersajid/mangoclassify-12-native-mango-dataset-from-bd/MangoClassify-12/GopalBhog/IMG_20250601_170826.jpg,GopalBhog,/kaggle/working/small/GopalBhog/01489.jpg,5,549,train
/kaggle/input/datasets/researchersajid/mangoclassify-12-native-mango-dataset-from-bd/MangoClassify-12/GopalBhog/IMG_20250601_170920.jpg,GopalBhog,/kaggle/working/small/GopalBhog/01490.jpg,5,480,train
/kaggle/input/datasets/researchersajid/mangoclassify-12-native-mango-dataset-from-bd/MangoClassify-12/GopalBhog/IMG_20250601_170939.jpg,GopalBhog,/kaggle/working/small/GopalBhog/01491.jpg,5,480,train
/kaggle/input/datasets/researchersajid/mangoclassify-12-native-mango-dataset-from-bd/MangoClassify-12/GopalBhog/IMG_20250601_170954.jpg,GopalBhog,/kaggle/working/small/GopalBhog/01492.jpg,5,566,train
/kaggle/input/datasets/researchersajid/mangoclassify-12-native-mango-dataset-from-bd/MangoClassify-12/GopalBhog/IMG_20250601_171006.jpg,GopalBhog,/kaggle/working/small/GopalBhog/01493.jpg,5,534,train
/kaggle/input/datasets/researchersajid/mangoclassify-12-native-mango-dataset-from-bd/MangoClassify-12/GopalBhog/IMG_20250601_171019.jpg,GopalBhog,/kaggle/working/small/GopalBhog/01494.jpg,5,552,train
/kaggle/input/datasets/researchersajid/mangoclassify-12-native-mango-dataset-from-bd/MangoClassify-12/GopalBhog/IMG_20250601_171028.jpg,GopalBhog,/kaggle/working/small/GopalBhog/01495.jpg,5,480,train
/kaggle/input/datasets/researchersajid/mangoclassify-12-native-mango-dataset-from-bd/MangoClassify-12/GopalBhog/IMG_20250601_171100.jpg,GopalBhog,/kaggle/working/small/GopalBhog/01496.jpg,5,480,train
/kaggle/input/datasets/researchersajid/mangoclassify-12-native-mango-dataset-from-bd/MangoClassify-12/GopalBhog/IMG_20250601_171108.jpg,GopalBhog,/kaggle/working/small/GopalBhog/01497.jpg,5,480,train
/kaggle/input/datasets/researchersajid/mangoclassify-12-native-mango-dataset-from-bd/MangoClassify-12/GopalBhog/IMG_20250601_171118.jpg,GopalBhog,/kaggle/working/small/GopalBhog/01498.jpg,5,480,train
/kaggle/input/datasets/researchersajid/mangoclassify-12-native-mango-dataset-from-bd/MangoClassify-12/GopalBhog/IMG_20250601_171125.jpg,GopalBhog,/kaggle/working/small/GopalBhog/01499.jpg,5,551,test
/kaggle/input/datasets/researchersajid/mangoclassify-12-native-mango-dataset-from-bd/MangoClassify-12/GopalBhog/IMG_20250601_172149.jpg,GopalBhog,/kaggle/working/small/GopalBhog/01500.jpg,5,484,train
/kaggle/input/datasets/researchersajid/mangoclassify-12-native-mango-dataset-from-bd/MangoClassify-12/GopalBhog/IMG_20250601_172205.jpg,GopalBhog,/kaggle/working/small/GopalBhog/01501.jpg,5,470,train
/kaggle/input/datasets/researchersajid/mangoclassify-12-native-mango-dataset-from-bd/MangoClassify-12/GopalBhog/IMG_20250601_172217.jpg,GopalBhog,/kaggle/working/small/GopalBhog/01502.jpg,5,470,train
/kaggle/input/datasets/researchersajid/mangoclassify-12-native-mango-dataset-from-bd/MangoClassify-12/GopalBhog/IMG_20250601_172229.jpg,GopalBhog,/kaggle/working/small/GopalBhog/01503.jpg,5,514,train
/kaggle/input/datasets/researchersajid/mangoclassify-12-native-mango-dataset-from-bd/MangoClassify-12/GopalBhog/IMG_20250601_172330.jpg,GopalBhog,/kaggle/working/small/GopalBhog/01504.jpg,5,478,train
/kaggle/input/datasets/researchersajid/mangoclassify-12-native-mango-dataset-from-bd/MangoClassify-12/GopalBhog/IMG_20250601_172342.jpg,GopalBhog,/kaggle/working/small/GopalBhog/01505.jpg,5,471,val
/kaggle/input/datasets/researchersajid/mangoclassify-12-native-mango-dataset-from-bd/MangoClassify-12/GopalBhog/IMG_20250601_172356.jpg,GopalBhog,/kaggle/working/small/GopalBhog/01506.jpg,5,528,train
/kaggle/input/datasets/researchersajid/mangoclassify-12-native-mango-dataset-from-bd/MangoClassify-12/GopalBhog/IMG_20250601_172421.jpg,GopalBhog,/kaggle/working/small/GopalBhog/01507.jpg,5,495,val
/kaggle/input/datasets/researchersajid/mangoclassify-12-native-mango-dataset-from-bd/MangoClassify-12/GopalBhog/IMG_20250601_172434.jpg,GopalBhog,/kaggle/working/small/GopalBhog/01508.jpg,5,530,train
/kaggle/input/datasets/researchersajid/mangoclassify-12-native-mango-dataset-from-bd/MangoClassify-12/GopalBhog/IMG_20250601_172447.jpg,GopalBhog,/kaggle/working/small/GopalBhog/01509.jpg,5,504,train
/kaggle/input/datasets/researchersajid/mangoclassify-12-native-mango-dataset-from-bd/MangoClassify-12/GopalBhog/IMG_20250601_172457.jpg,GopalBhog,/kaggle/working/small/GopalBhog/01510.jpg,5,563,train
/kaggle/input/datasets/researchersajid/mangoclassify-12-native-mango-dataset-from-bd/MangoClassify-12/GopalBhog/IMG_20250601_172517.jpg,GopalBhog,/kaggle/working/small/GopalBhog/01511.jpg,5,564,train
/kaggle/input/datasets/researchersajid/mangoclassify-12-native-mango-dataset-from-bd/MangoClassify-12/GopalBhog/IMG_20250601_172536.jpg,GopalBhog,/kaggle/working/small/GopalBhog/01512.jpg,5,547,train
/kaggle/input/datasets/researchersajid/mangoclassify-12-native-mango-dataset-from-bd/MangoClassify-12/GopalBhog/IMG_20250601_172554.jpg,GopalBhog,/kaggle/working/small/GopalBhog/01513.jpg,5,475,train
/kaggle/input/datasets/researchersajid/mangoclassify-12-native-mango-dataset-from-bd/MangoClassify-12/GopalBhog/IMG_20250601_172603.jpg,GopalBhog,/kaggle/working/small/GopalBhog/01514.jpg,5,475,train
/kaggle/input/datasets/researchersajid/mangoclassify-12-native-mango-dataset-from-bd/MangoClassify-12/GopalBhog/IMG_20250601_172616.jpg,GopalBhog,/kaggle/working/small/GopalBhog/01515.jpg,5,543,train
/kaggle/input/datasets/researchersajid/mangoclassify-12-native-mango-dataset-from-bd/MangoClassify-12/GopalBhog/IMG_20250601_172630.jpg,GopalBhog,/kaggle/working/small/GopalBhog/01516.jpg,5,471,val
/kaggle/input/datasets/researchersajid/mangoclassify-12-native-mango-dataset-from-bd/MangoClassify-12/GopalBhog/IMG_20250601_172645.jpg,GopalBhog,/kaggle/working/small/GopalBhog/01517.jpg,5,478,train
/kaggle/input/datasets/researchersajid/mangoclassify-12-native-mango-dataset-from-bd/MangoClassify-12/GopalBhog/IMG_20250601_172659.jpg,GopalBhog,/kaggle/working/small/GopalBhog/01518.jpg,5,474,train
/kaggle/input/datasets/researchersajid/mangoclassify-12-native-mango-dataset-from-bd/MangoClassify-12/GopalBhog/IMG_20250601_172711.jpg,GopalBhog,/kaggle/working/small/GopalBhog/01519.jpg,5,514,train
/kaggle/input/datasets/researchersajid/mangoclassify-12-native-mango-dataset-from-bd/MangoClassify-12/GopalBhog/IMG_20250601_172910.jpg,GopalBhog,/kaggle/working/small/GopalBhog/01520.jpg,5,540,test
/kaggle/input/datasets/researchersajid/mangoclassify-12-native-mango-dataset-from-bd/MangoClassify-12/GopalBhog/IMG_20250601_172919.jpg,GopalBhog,/kaggle/working/small/GopalBhog/01521.jpg,5,540,test
/kaggle/input/datasets/researchersajid/mangoclassify-12-native-mango-dataset-from-bd/MangoClassify-12/GopalBhog/IMG_20250601_172938.jpg,GopalBhog,/kaggle/working/small/GopalBhog/01522.jpg,5,527,train
/kaggle/input/datasets/researchersajid/mangoclassify-12-native-mango-dataset-from-bd/MangoClassify-12/GopalBhog/IMG_20250601_172951.jpg,GopalBhog,/kaggle/working/small/GopalBhog/01523.jpg,5,470,train
/kaggle/input/datasets/researchersajid/mangoclassify-12-native-mango-dataset-from-bd/MangoClassify-12/GopalBhog/IMG_20250601_173018.jpg,GopalBhog,/kaggle/working/small/GopalBhog/01524.jpg,5,550,train
/kaggle/input/datasets/researchersajid/mangoclassify-12-native-mango-dataset-from-bd/MangoClassify-12/GopalBhog/IMG_20250601_173030.jpg,GopalBhog,/kaggle/working/small/GopalBhog/01525.jpg,5,504,train
/kaggle/input/datasets/researchersajid/mangoclassify-12-native-mango-dataset-from-bd/MangoClassify-12/GopalBhog/IMG_20250601_173038.jpg,GopalBhog,/kaggle/working/small/GopalBhog/01526.jpg,5,531,test
/kaggle/input/datasets/researchersajid/mangoclassify-12-native-mango-dataset-from-bd/MangoClassify-12/GopalBhog/IMG_20250601_173051.jpg,GopalBhog,/kaggle/working/small/GopalBhog/01527.jpg,5,514,train
/kaggle/input/datasets/researchersajid/mangoclassify-12-native-mango-dataset-from-bd/MangoClassify-12/GopalBhog/IMG_20250601_173147.jpg,GopalBhog,/kaggle/working/small/GopalBhog/01528.jpg,5,485,train
/kaggle/input/datasets/researchersajid/mangoclassify-12-native-mango-dataset-from-bd/MangoClassify-12/GopalBhog/IMG_20250601_173229.jpg,GopalBhog,/kaggle/working/small/GopalBhog/01529.jpg,5,553,train
/kaggle/input/datasets/researchersajid/mangoclassify-12-native-mango-dataset-from-bd/MangoClassify-12/GopalBhog/IMG_20250601_173240.jpg,GopalBhog,/kaggle/working/small/GopalBhog/01530.jpg,5,484,train
/kaggle/input/datasets/researchersajid/mangoclassify-12-native-mango-dataset-from-bd/MangoClassify-12/GopalBhog/IMG_20250601_173253.jpg,GopalBhog,/kaggle/working/small/GopalBhog/01531.jpg,5,497,train
/kaggle/input/datasets/researchersajid/mangoclassify-12-native-mango-dataset-from-bd/MangoClassify-12/GopalBhog/IMG_20250601_173324.jpg,GopalBhog,/kaggle/working/small/GopalBhog/01532.jpg,5,537,test
/kaggle/input/datasets/researchersajid/mangoclassify-12-native-mango-dataset-from-bd/MangoClassify-12/GopalBhog/IMG_20250601_173348.jpg,GopalBhog,/kaggle/working/small/GopalBhog/01533.jpg,5,501,train
/kaggle/input/datasets/researchersajid/mangoclassify-12-native-mango-dataset-from-bd/MangoClassify-12/GopalBhog/IMG_20250601_173409.jpg,GopalBhog,/kaggle/working/small/GopalBhog/01534.jpg,5,545,train
/kaggle/input/datasets/researchersajid/mangoclassify-12-native-mango-dataset-from-bd/MangoClassify-12/GopalBhog/IMG_20250601_173418.jpg,GopalBhog,/kaggle/working/small/GopalBhog/01535.jpg,5,558,test
/kaggle/input/datasets/researchersajid/mangoclassify-12-native-mango-dataset-from-bd/MangoClassify-12/GopalBhog/IMG_20250601_173431.jpg,GopalBhog,/kaggle/working/small/GopalBhog/01536.jpg,5,504,train
/kaggle/input/datasets/researchersajid/mangoclassify-12-native-mango-dataset-from-bd/MangoClassify-12/GopalBhog/IMG_20250601_173440.jpg,GopalBhog,/kaggle/working/small/GopalBhog/01537.jpg,5,504,train
/kaggle/input/datasets/researchersajid/mangoclassify-12-native-mango-dataset-from-bd/MangoClassify-12/GopalBhog/IMG_20250601_173451.jpg,GopalBhog,/kaggle/working/small/GopalBhog/01538.jpg,5,504,train
/kaggle/input/datasets/researchersajid/mangoclassify-12-native-mango-dataset-from-bd/MangoClassify-12/GopalBhog/IMG_20250601_173508.jpg,GopalBhog,/kaggle/working/small/GopalBhog/01539.jpg,5,478,train
/kaggle/input/datasets/researchersajid/mangoclassify-12-native-mango-dataset-from-bd/MangoClassify-12/GopalBhog/IMG_20250601_173524.jpg,GopalBhog,/kaggle/working/small/GopalBhog/01540.jpg,5,513,train
/kaggle/input/datasets/researchersajid/mangoclassify-12-native-mango-dataset-from-bd/MangoClassify-12/GopalBhog/IMG_20250601_173542.jpg,GopalBhog,/kaggle/working/small/GopalBhog/01541.jpg,5,504,train
/kaggle/input/datasets/researchersajid/mangoclassify-12-native-mango-dataset-from-bd/MangoClassify-12/GopalBhog/IMG_20250601_173551.jpg,GopalBhog,/kaggle/working/small/GopalBhog/01542.jpg,5,488,train
/kaggle/input/datasets/researchersajid/mangoclassify-12-native-mango-dataset-from-bd/MangoClassify-12/GopalBhog/IMG_20250601_173606.jpg,GopalBhog,/kaggle/working/small/GopalBhog/01543.jpg,5,510,val
/kaggle/input/datasets/researchersajid/mangoclassify-12-native-mango-dataset-from-bd/MangoClassify-12/GopalBhog/IMG_20250601_173618.jpg,GopalBhog,/kaggle/working/small/GopalBhog/01544.jpg,5,488,train
/kaggle/input/datasets/researchersajid/mangoclassify-12-native-mango-dataset-from-bd/MangoClassify-12/GopalBhog/IMG_20250601_173633.jpg,GopalBhog,/kaggle/working/small/GopalBhog/01545.jpg,5,485,train
/kaggle/input/datasets/researchersajid/mangoclassify-12-native-mango-dataset-from-bd/MangoClassify-12/GopalBhog/IMG_20250601_173648.jpg,GopalBhog,/kaggle/working/small/GopalBhog/01546.jpg,5,570,train
/kaggle/input/datasets/researchersajid/mangoclassify-12-native-mango-dataset-from-bd/MangoClassify-12/GopalBhog/IMG_20250601_173706.jpg,GopalBhog,/kaggle/working/small/GopalBhog/01547.jpg,5,512,train
/kaggle/input/datasets/researchersajid/mangoclassify-12-native-mango-dataset-from-bd/MangoClassify-12/GopalBhog/IMG_20250601_173726.jpg,GopalBhog,/kaggle/working/small/GopalBhog/01548.jpg,5,554,test
/kaggle/input/datasets/researchersajid/mangoclassify-12-native-mango-dataset-from-bd/MangoClassify-12/GopalBhog/IMG_20250601_173755.jpg,GopalBhog,/kaggle/working/small/GopalBhog/01549.jpg,5,536,train
/kaggle/input/datasets/researchersajid/mangoclassify-12-native-mango-dataset-from-bd/MangoClassify-12/GopalBhog/IMG_20250601_173808.jpg,GopalBhog,/kaggle/working/small/GopalBhog/01550.jpg,5,517,test
/kaggle/input/datasets/researchersajid/mangoclassify-12-native-mango-dataset-from-bd/MangoClassify-12/GopalBhog/IMG_20250601_173823.jpg,GopalBhog,/kaggle/working/small/GopalBhog/01551.jpg,5,498,test
/kaggle/input/datasets/researchersajid/mangoclassify-12-native-mango-dataset-from-bd/MangoClassify-12/GopalBhog/IMG_20250601_173832.jpg,GopalBhog,/kaggle/working/small/GopalBhog/01552.jpg,5,520,train
/kaggle/input/datasets/researchersajid/mangoclassify-12-native-mango-dataset-from-bd/MangoClassify-12/GopalBhog/IMG_20250601_173846.jpg,GopalBhog,/kaggle/working/small/GopalBhog/01553.jpg,5,518,train
/kaggle/input/datasets/researchersajid/mangoclassify-12-native-mango-dataset-from-bd/MangoClassify-12/GopalBhog/IMG_20250601_173856.jpg,GopalBhog,/kaggle/working/small/GopalBhog/01554.jpg,5,518,train
/kaggle/input/datasets/researchersajid/mangoclassify-12-native-mango-dataset-from-bd/MangoClassify-12/GopalBhog/IMG_20250601_173925.jpg,GopalBhog,/kaggle/working/small/GopalBhog/01555.jpg,5,567,val
/kaggle/input/datasets/researchersajid/mangoclassify-12-native-mango-dataset-from-bd/MangoClassify-12/GopalBhog/IMG_20250601_173941.jpg,GopalBhog,/kaggle/working/small/GopalBhog/01556.jpg,5,546,train
/kaggle/input/datasets/researchersajid/mangoclassify-12-native-mango-dataset-from-bd/MangoClassify-12/GopalBhog/IMG_20250601_174014.jpg,GopalBhog,/kaggle/working/small/GopalBhog/01557.jpg,5,568,train
/kaggle/input/datasets/researchersajid/mangoclassify-12-native-mango-dataset-from-bd/MangoClassify-12/GopalBhog/IMG_20250601_174022.jpg,GopalBhog,/kaggle/working/small/GopalBhog/01558.jpg,5,548,val
/kaggle/input/datasets/researchersajid/mangoclassify-12-native-mango-dataset-from-bd/MangoClassify-12/GopalBhog/IMG_20250601_174032.jpg,GopalBhog,/kaggle/working/small/GopalBhog/01559.jpg,5,568,train
/kaggle/input/datasets/researchersajid/mangoclassify-12-native-mango-dataset-from-bd/MangoClassify-12/GopalBhog/IMG_20250601_174053.jpg,GopalBhog,/kaggle/working/small/GopalBhog/01560.jpg,5,523,test
/kaggle/input/datasets/researchersajid/mangoclassify-12-native-mango-dataset-from-bd/MangoClassify-12/GopalBhog/IMG_20250601_174219.jpg,GopalBhog,/kaggle/working/small/GopalBhog/01561.jpg,5,478,train
/kaggle/input/datasets/researchersajid/mangoclassify-12-native-mango-dataset-from-bd/MangoClassify-12/GopalBhog/IMG_20250601_174227.jpg,GopalBhog,/kaggle/working/small/GopalBhog/01562.jpg,5,485,train
/kaggle/input/datasets/researchersajid/mangoclassify-12-native-mango-dataset-from-bd/MangoClassify-12/GopalBhog/IMG_20250601_174237.jpg,GopalBhog,/kaggle/working/small/GopalBhog/01563.jpg,5,476,train
/kaggle/input/datasets/researchersajid/mangoclassify-12-native-mango-dataset-from-bd/MangoClassify-12/GopalBhog/IMG_20250601_174246.jpg,GopalBhog,/kaggle/working/small/GopalBhog/01564.jpg,5,568,train
/kaggle/input/datasets/researchersajid/mangoclassify-12-native-mango-dataset-from-bd/MangoClassify-12/GopalBhog/IMG_20250601_174308.jpg,GopalBhog,/kaggle/working/small/GopalBhog/01565.jpg,5,518,train
/kaggle/input/datasets/researchersajid/mangoclassify-12-native-mango-dataset-from-bd/MangoClassify-12/GopalBhog/IMG_20250601_174318.jpg,GopalBhog,/kaggle/working/small/GopalBhog/01566.jpg,5,518,train
/kaggle/input/datasets/researchersajid/mangoclassify-12-native-mango-dataset-from-bd/MangoClassify-12/GopalBhog/IMG_20250601_174331.jpg,GopalBhog,/kaggle/working/small/GopalBhog/01567.jpg,5,502,train
/kaggle/input/datasets/researchersajid/mangoclassify-12-native-mango-dataset-from-bd/MangoClassify-12/GopalBhog/IMG_20250601_174345.jpg,GopalBhog,/kaggle/working/small/GopalBhog/01568.jpg,5,483,train
/kaggle/input/datasets/researchersajid/mangoclassify-12-native-mango-dataset-from-bd/MangoClassify-12/GopalBhog/IMG_20250606_091624.jpg,GopalBhog,/kaggle/working/small/GopalBhog/01569.jpg,5,471,val
/kaggle/input/datasets/researchersajid/mangoclassify-12-native-mango-dataset-from-bd/MangoClassify-12/GopalBhog/IMG_20250606_091644.jpg,GopalBhog,/kaggle/working/small/GopalBhog/01570.jpg,5,471,val
/kaggle/input/datasets/researchersajid/mangoclassify-12-native-mango-dataset-from-bd/MangoClassify-12/GopalBhog/IMG_20250606_091657.jpg,GopalBhog,/kaggle/working/small/GopalBhog/01571.jpg,5,471,val
/kaggle/input/datasets/researchersajid/mangoclassify-12-native-mango-dataset-from-bd/MangoClassify-12/GopalBhog/IMG_20250606_091718.jpg,GopalBhog,/kaggle/working/small/GopalBhog/01572.jpg,5,471,val
/kaggle/input/datasets/researchersajid/mangoclassify-12-native-mango-dataset-from-bd/MangoClassify-12/GopalBhog/IMG_20250606_091752.jpg,GopalBhog,/kaggle/working/small/GopalBhog/01573.jpg,5,471,val
/kaggle/input/datasets/researchersajid/mangoclassify-12-native-mango-dataset-from-bd/MangoClassify-12/GopalBhog/IMG_20250606_091807.jpg,GopalBhog,/kaggle/working/small/GopalBhog/01574.jpg,5,516,val
/kaggle/input/datasets/researchersajid/mangoclassify-12-native-mango-dataset-from-bd/MangoClassify-12/GopalBhog/IMG_20250606_091822.jpg,GopalBhog,/kaggle/working/small/GopalBhog/01575.jpg,5,499,train
/kaggle/input/datasets/researchersajid/mangoclassify-12-native-mango-dataset-from-bd/MangoClassify-12/GopalBhog/IMG_20250606_091835.jpg,GopalBhog,/kaggle/working/small/GopalBhog/01576.jpg,5,495,val
/kaggle/input/datasets/researchersajid/mangoclassify-12-native-mango-dataset-from-bd/MangoClassify-12/GopalBhog/IMG_20250606_091933.jpg,GopalBhog,/kaggle/working/small/GopalBhog/01577.jpg,5,503,train
/kaggle/input/datasets/researchersajid/mangoclassify-12-native-mango-dataset-from-bd/MangoClassify-12/GopalBhog/IMG_20250606_091946.jpg,GopalBhog,/kaggle/working/small/GopalBhog/01578.jpg,5,569,test
/kaggle/input/datasets/researchersajid/mangoclassify-12-native-mango-dataset-from-bd/MangoClassify-12/GopalBhog/IMG_20250606_092017.jpg,GopalBhog,/kaggle/working/small/GopalBhog/01579.jpg,5,503,train
/kaggle/input/datasets/researchersajid/mangoclassify-12-native-mango-dataset-from-bd/MangoClassify-12/GopalBhog/IMG_20250606_092029.jpg,GopalBhog,/kaggle/working/small/GopalBhog/01580.jpg,5,494,train
/kaggle/input/datasets/researchersajid/mangoclassify-12-native-mango-dataset-from-bd/MangoClassify-12/GopalBhog/IMG_20250606_092056.jpg,GopalBhog,/kaggle/working/small/GopalBhog/01581.jpg,5,471,val
/kaggle/input/datasets/researchersajid/mangoclassify-12-native-mango-dataset-from-bd/MangoClassify-12/GopalBhog/IMG_20250606_092112.jpg,GopalBhog,/kaggle/working/small/GopalBhog/01582.jpg,5,488,train
/kaggle/input/datasets/researchersajid/mangoclassify-12-native-mango-dataset-from-bd/MangoClassify-12/GopalBhog/IMG_20250606_092125.jpg,GopalBhog,/kaggle/working/small/GopalBhog/01583.jpg,5,488,train
/kaggle/input/datasets/researchersajid/mangoclassify-12-native-mango-dataset-from-bd/MangoClassify-12/GopalBhog/IMG_20250606_092135.jpg,GopalBhog,/kaggle/working/small/GopalBhog/01584.jpg,5,471,val
/kaggle/input/datasets/researchersajid/mangoclassify-12-native-mango-dataset-from-bd/MangoClassify-12/GopalBhog/IMG_20250606_092233.jpg,GopalBhog,/kaggle/working/small/GopalBhog/01585.jpg,5,521,train
/kaggle/input/datasets/researchersajid/mangoclassify-12-native-mango-dataset-from-bd/MangoClassify-12/GopalBhog/IMG_20250606_092246.jpg,GopalBhog,/kaggle/working/small/GopalBhog/01586.jpg,5,490,train
/kaggle/input/datasets/researchersajid/mangoclassify-12-native-mango-dataset-from-bd/MangoClassify-12/GopalBhog/IMG_20250606_092257.jpg,GopalBhog,/kaggle/working/small/GopalBhog/01587.jpg,5,500,val
/kaggle/input/datasets/researchersajid/mangoclassify-12-native-mango-dataset-from-bd/MangoClassify-12/GopalBhog/IMG_20250606_092307.jpg,GopalBhog,/kaggle/working/small/GopalBhog/01588.jpg,5,494,train
/kaggle/input/datasets/researchersajid/mangoclassify-12-native-mango-dataset-from-bd/MangoClassify-12/GopalBhog/IMG_20250606_092416.jpg,GopalBhog,/kaggle/working/small/GopalBhog/01589.jpg,5,509,train
/kaggle/input/datasets/researchersajid/mangoclassify-12-native-mango-dataset-from-bd/MangoClassify-12/GopalBhog/IMG_20250606_092429.jpg,GopalBhog,/kaggle/working/small/GopalBhog/01590.jpg,5,511,test
/kaggle/input/datasets/researchersajid/mangoclassify-12-native-mango-dataset-from-bd/MangoClassify-12/GopalBhog/IMG_20250606_092447.jpg,GopalBhog,/kaggle/working/small/GopalBhog/01591.jpg,5,508,test
/kaggle/input/datasets/researchersajid/mangoclassify-12-native-mango-dataset-from-bd/MangoClassify-12/GopalBhog/IMG_20250606_092524.jpg,GopalBhog,/kaggle/working/small/GopalBhog/01592.jpg,5,490,train
/kaggle/input/datasets/researchersajid/mangoclassify-12-native-mango-dataset-from-bd/MangoClassify-12/GopalBhog/IMG_20250606_092546.jpg,GopalBhog,/kaggle/working/small/GopalBhog/01593.jpg,5,478,train
/kaggle/input/datasets/researchersajid/mangoclassify-12-native-mango-dataset-from-bd/MangoClassify-12/GopalBhog/IMG_20250606_092557.jpg,GopalBhog,/kaggle/working/small/GopalBhog/01594.jpg,5,507,test
/kaggle/input/datasets/researchersajid/mangoclassify-12-native-mango-dataset-from-bd/MangoClassify-12/GopalBhog/IMG_20250606_092611.jpg,GopalBhog,/kaggle/working/small/GopalBhog/01595.jpg,5,478,train
/kaggle/input/datasets/researchersajid/mangoclassify-12-native-mango-dataset-from-bd/MangoClassify-12/GopalBhog/IMG_20250606_092622.jpg,GopalBhog,/kaggle/working/small/GopalBhog/01596.jpg,5,493,train
/kaggle/input/datasets/researchersajid/mangoclassify-12-native-mango-dataset-from-bd/MangoClassify-12/GopalBhog/IMG_20250606_092700.jpg,GopalBhog,/kaggle/working/small/GopalBhog/01597.jpg,5,478,train
/kaggle/input/datasets/researchersajid/mangoclassify-12-native-mango-dataset-from-bd/MangoClassify-12/GopalBhog/IMG_20250606_092709.jpg,GopalBhog,/kaggle/working/small/GopalBhog/01598.jpg,5,478,train
/kaggle/input/datasets/researchersajid/mangoclassify-12-native-mango-dataset-from-bd/MangoClassify-12/GopalBhog/IMG_20250606_092717.jpg,GopalBhog,/kaggle/working/small/GopalBhog/01599.jpg,5,496,val
/kaggle/input/datasets/researchersajid/mangoclassify-12-native-mango-dataset-from-bd/MangoClassify-12/GopalBhog/IMG_20250606_092734.jpg,GopalBhog,/kaggle/working/small/GopalBhog/01600.jpg,5,562,train
/kaggle/input/datasets/researchersajid/mangoclassify-12-native-mango-dataset-from-bd/MangoClassify-12/GopalBhog/IMG_20250606_092831.jpg,GopalBhog,/kaggle/working/small/GopalBhog/01601.jpg,5,490,train
/kaggle/input/datasets/researchersajid/mangoclassify-12-native-mango-dataset-from-bd/MangoClassify-12/GopalBhog/IMG_20250606_092842.jpg,GopalBhog,/kaggle/working/small/GopalBhog/01602.jpg,5,493,train
/kaggle/input/datasets/researchersajid/mangoclassify-12-native-mango-dataset-from-bd/MangoClassify-12/GopalBhog/IMG_20250606_092844.jpg,GopalBhog,/kaggle/working/small/GopalBhog/01603.jpg,5,493,train
/kaggle/input/datasets/researchersajid/mangoclassify-12-native-mango-dataset-from-bd/MangoClassify-12/GopalBhog/IMG_20250606_092852.jpg,GopalBhog,/kaggle/working/small/GopalBhog/01604.jpg,5,493,train
/kaggle/input/datasets/researchersajid/mangoclassify-12-native-mango-dataset-from-bd/MangoClassify-12/GopalBhog/IMG_20250606_092900.jpg,GopalBhog,/kaggle/working/small/GopalBhog/01605.jpg,5,493,train
/kaggle/input/datasets/researchersajid/mangoclassify-12-native-mango-dataset-from-bd/MangoClassify-12/GopalBhog/IMG_20250606_092931.jpg,GopalBhog,/kaggle/working/small/GopalBhog/01606.jpg,5,519,train
/kaggle/input/datasets/researchersajid/mangoclassify-12-native-mango-dataset-from-bd/MangoClassify-12/GopalBhog/IMG_20250606_092939.jpg,GopalBhog,/kaggle/working/small/GopalBhog/01607.jpg,5,519,train
/kaggle/input/datasets/researchersajid/mangoclassify-12-native-mango-dataset-from-bd/MangoClassify-12/GopalBhog/IMG_20250606_092948.jpg,GopalBhog,/kaggle/working/small/GopalBhog/01608.jpg,5,519,train
/kaggle/input/datasets/researchersajid/mangoclassify-12-native-mango-dataset-from-bd/MangoClassify-12/GopalBhog/IMG_20250606_092957.jpg,GopalBhog,/kaggle/working/small/GopalBhog/01609.jpg,5,496,val
/kaggle/input/datasets/researchersajid/mangoclassify-12-native-mango-dataset-from-bd/MangoClassify-12/GopalBhog/IMG_20250606_093026.jpg,GopalBhog,/kaggle/working/small/GopalBhog/01610.jpg,5,478,train
/kaggle/input/datasets/researchersajid/mangoclassify-12-native-mango-dataset-from-bd/MangoClassify-12/GopalBhog/IMG_20250606_093039.jpg,GopalBhog,/kaggle/working/small/GopalBhog/01611.jpg,5,490,train
/kaggle/input/datasets/researchersajid/mangoclassify-12-native-mango-dataset-from-bd/MangoClassify-12/GopalBhog/IMG_20250606_093051.jpg,GopalBhog,/kaggle/working/small/GopalBhog/01612.jpg,5,515,train
/kaggle/input/datasets/researchersajid/mangoclassify-12-native-mango-dataset-from-bd/MangoClassify-12/GopalBhog/IMG_20250606_093059.jpg,GopalBhog,/kaggle/working/small/GopalBhog/01613.jpg,5,493,train
/kaggle/input/datasets/researchersajid/mangoclassify-12-native-mango-dataset-from-bd/MangoClassify-12/GopalBhog/IMG_20250606_093111.jpg,GopalBhog,/kaggle/working/small/GopalBhog/01614.jpg,5,512,train
/kaggle/input/datasets/researchersajid/mangoclassify-12-native-mango-dataset-from-bd/MangoClassify-12/GopalBhog/IMG_20250606_093119.jpg,GopalBhog,/kaggle/working/small/GopalBhog/01615.jpg,5,512,train
/kaggle/input/datasets/researchersajid/mangoclassify-12-native-mango-dataset-from-bd/MangoClassify-12/GopalBhog/IMG_20250606_093127.jpg,GopalBhog,/kaggle/working/small/GopalBhog/01616.jpg,5,478,train
/kaggle/input/datasets/researchersajid/mangoclassify-12-native-mango-dataset-from-bd/MangoClassify-12/GopalBhog/IMG_20250606_093140.jpg,GopalBhog,/kaggle/working/small/GopalBhog/01617.jpg,5,478,train
/kaggle/input/datasets/researchersajid/mangoclassify-12-native-mango-dataset-from-bd/MangoClassify-12/GopalBhog/IMG_20250606_093201.jpg,GopalBhog,/kaggle/working/small/GopalBhog/01618.jpg,5,512,train
/kaggle/input/datasets/researchersajid/mangoclassify-12-native-mango-dataset-from-bd/MangoClassify-12/Harivanga/IMG_20250601_121107.jpg,Harivanga,/kaggle/working/small/Harivanga/01619.jpg,6,582,train
/kaggle/input/datasets/researchersajid/mangoclassify-12-native-mango-dataset-from-bd/MangoClassify-12/Harivanga/IMG_20250601_121118.jpg,Harivanga,/kaggle/working/small/Harivanga/01620.jpg,6,583,train
/kaggle/input/datasets/researchersajid/mangoclassify-12-native-mango-dataset-from-bd/MangoClassify-12/Harivanga/IMG_20250601_121126.jpg,Harivanga,/kaggle/working/small/Harivanga/01621.jpg,6,583,train
/kaggle/input/datasets/researchersajid/mangoclassify-12-native-mango-dataset-from-bd/MangoClassify-12/Harivanga/IMG_20250601_121139.jpg,Harivanga,/kaggle/working/small/Harivanga/01622.jpg,6,583,train
/kaggle/input/datasets/researchersajid/mangoclassify-12-native-mango-dataset-from-bd/MangoClassify-12/Harivanga/IMG_20250601_121202.jpg,Harivanga,/kaggle/working/small/Harivanga/01623.jpg,6,657,train
/kaggle/input/datasets/researchersajid/mangoclassify-12-native-mango-dataset-from-bd/MangoClassify-12/Harivanga/IMG_20250601_121216.jpg,Harivanga,/kaggle/working/small/Harivanga/01624.jpg,6,579,train
/kaggle/input/datasets/researchersajid/mangoclassify-12-native-mango-dataset-from-bd/MangoClassify-12/Harivanga/IMG_20250601_121226.jpg,Harivanga,/kaggle/working/small/Harivanga/01625.jpg,6,579,train
/kaggle/input/datasets/researchersajid/mangoclassify-12-native-mango-dataset-from-bd/MangoClassify-12/Harivanga/IMG_20250608_092820.jpg,Harivanga,/kaggle/working/small/Harivanga/01626.jpg,6,571,test
/kaggle/input/datasets/researchersajid/mangoclassify-12-native-mango-dataset-from-bd/MangoClassify-12/Harivanga/IMG_20250608_092847.jpg,Harivanga,/kaggle/working/small/Harivanga/01627.jpg,6,571,test
/kaggle/input/datasets/researchersajid/mangoclassify-12-native-mango-dataset-from-bd/MangoClassify-12/Harivanga/IMG_20250608_092856.jpg,Harivanga,/kaggle/working/small/Harivanga/01628.jpg,6,575,test
/kaggle/input/datasets/researchersajid/mangoclassify-12-native-mango-dataset-from-bd/MangoClassify-12/Harivanga/IMG_20250608_092905.jpg,Harivanga,/kaggle/working/small/Harivanga/01629.jpg,6,742,test
/kaggle/input/datasets/researchersajid/mangoclassify-12-native-mango-dataset-from-bd/MangoClassify-12/Harivanga/IMG_20250608_092916.jpg,Harivanga,/kaggle/working/small/Harivanga/01630.jpg,6,577,train
/kaggle/input/datasets/researchersajid/mangoclassify-12-native-mango-dataset-from-bd/MangoClassify-12/Harivanga/IMG_20250608_092938.jpg,Harivanga,/kaggle/working/small/Harivanga/01631.jpg,6,743,train
/kaggle/input/datasets/researchersajid/mangoclassify-12-native-mango-dataset-from-bd/MangoClassify-12/Harivanga/IMG_20250608_093029.jpg,Harivanga,/kaggle/working/small/Harivanga/01632.jpg,6,577,train
/kaggle/input/datasets/researchersajid/mangoclassify-12-native-mango-dataset-from-bd/MangoClassify-12/Harivanga/IMG_20250608_093155.jpg,Harivanga,/kaggle/working/small/Harivanga/01633.jpg,6,676,train
/kaggle/input/datasets/researchersajid/mangoclassify-12-native-mango-dataset-from-bd/MangoClassify-12/Harivanga/IMG_20250608_093203.jpg,Harivanga,/kaggle/working/small/Harivanga/01634.jpg,6,599,train
/kaggle/input/datasets/researchersajid/mangoclassify-12-native-mango-dataset-from-bd/MangoClassify-12/Harivanga/IMG_20250608_093219.jpg,Harivanga,/kaggle/working/small/Harivanga/01635.jpg,6,599,train
/kaggle/input/datasets/researchersajid/mangoclassify-12-native-mango-dataset-from-bd/MangoClassify-12/Harivanga/IMG_20250608_093225.jpg,Harivanga,/kaggle/working/small/Harivanga/01636.jpg,6,690,train
/kaggle/input/datasets/researchersajid/mangoclassify-12-native-mango-dataset-from-bd/MangoClassify-12/Harivanga/IMG_20250608_093503.jpg,Harivanga,/kaggle/working/small/Harivanga/01637.jpg,6,597,train
/kaggle/input/datasets/researchersajid/mangoclassify-12-native-mango-dataset-from-bd/MangoClassify-12/Harivanga/IMG_20250608_093514.jpg,Harivanga,/kaggle/working/small/Harivanga/01638.jpg,6,573,test
/kaggle/input/datasets/researchersajid/mangoclassify-12-native-mango-dataset-from-bd/MangoClassify-12/Harivanga/IMG_20250608_093521.jpg,Harivanga,/kaggle/working/small/Harivanga/01639.jpg,6,635,val
/kaggle/input/datasets/researchersajid/mangoclassify-12-native-mango-dataset-from-bd/MangoClassify-12/Harivanga/IMG_20250608_093527.jpg,Harivanga,/kaggle/working/small/Harivanga/01640.jpg,6,635,val
/kaggle/input/datasets/researchersajid/mangoclassify-12-native-mango-dataset-from-bd/MangoClassify-12/Harivanga/IMG_20250608_093540.jpg,Harivanga,/kaggle/working/small/Harivanga/01641.jpg,6,716,train
/kaggle/input/datasets/researchersajid/mangoclassify-12-native-mango-dataset-from-bd/MangoClassify-12/Harivanga/IMG_20250608_093545.jpg,Harivanga,/kaggle/working/small/Harivanga/01642.jpg,6,635,val
/kaggle/input/datasets/researchersajid/mangoclassify-12-native-mango-dataset-from-bd/MangoClassify-12/Harivanga/IMG_20250608_093826.jpg,Harivanga,/kaggle/working/small/Harivanga/01643.jpg,6,577,train
/kaggle/input/datasets/researchersajid/mangoclassify-12-native-mango-dataset-from-bd/MangoClassify-12/Harivanga/IMG_20250608_093838.jpg,Harivanga,/kaggle/working/small/Harivanga/01644.jpg,6,571,test
/kaggle/input/datasets/researchersajid/mangoclassify-12-native-mango-dataset-from-bd/MangoClassify-12/Harivanga/IMG_20250608_093844.jpg,Harivanga,/kaggle/working/small/Harivanga/01645.jpg,6,747,val
/kaggle/input/datasets/researchersajid/mangoclassify-12-native-mango-dataset-from-bd/MangoClassify-12/Harivanga/IMG_20250608_093850.jpg,Harivanga,/kaggle/working/small/Harivanga/01646.jpg,6,620,test
/kaggle/input/datasets/researchersajid/mangoclassify-12-native-mango-dataset-from-bd/MangoClassify-12/Harivanga/IMG_20250608_093852.jpg,Harivanga,/kaggle/working/small/Harivanga/01647.jpg,6,620,test
/kaggle/input/datasets/researchersajid/mangoclassify-12-native-mango-dataset-from-bd/MangoClassify-12/Harivanga/IMG_20250608_093857.jpg,Harivanga,/kaggle/working/small/Harivanga/01648.jpg,6,577,train
/kaggle/input/datasets/researchersajid/mangoclassify-12-native-mango-dataset-from-bd/MangoClassify-12/Harivanga/IMG_20250608_093905.jpg,Harivanga,/kaggle/working/small/Harivanga/01649.jpg,6,571,test
/kaggle/input/datasets/researchersajid/mangoclassify-12-native-mango-dataset-from-bd/MangoClassify-12/Harivanga/IMG_20250608_093915.jpg,Harivanga,/kaggle/working/small/Harivanga/01650.jpg,6,620,test
/kaggle/input/datasets/researchersajid/mangoclassify-12-native-mango-dataset-from-bd/MangoClassify-12/Harivanga/IMG_20250608_094005.jpg,Harivanga,/kaggle/working/small/Harivanga/01651.jpg,6,642,train
/kaggle/input/datasets/researchersajid/mangoclassify-12-native-mango-dataset-from-bd/MangoClassify-12/Harivanga/IMG_20250608_094017.jpg,Harivanga,/kaggle/working/small/Harivanga/01652.jpg,6,611,train
/kaggle/input/datasets/researchersajid/mangoclassify-12-native-mango-dataset-from-bd/MangoClassify-12/Harivanga/IMG_20250608_094024.jpg,Harivanga,/kaggle/working/small/Harivanga/01653.jpg,6,578,train
/kaggle/input/datasets/researchersajid/mangoclassify-12-native-mango-dataset-from-bd/MangoClassify-12/Harivanga/IMG_20250608_094030.jpg,Harivanga,/kaggle/working/small/Harivanga/01654.jpg,6,740,train
/kaggle/input/datasets/researchersajid/mangoclassify-12-native-mango-dataset-from-bd/MangoClassify-12/Harivanga/IMG_20250608_094046.jpg,Harivanga,/kaggle/working/small/Harivanga/01655.jpg,6,688,test
/kaggle/input/datasets/researchersajid/mangoclassify-12-native-mango-dataset-from-bd/MangoClassify-12/Harivanga/IMG_20250608_094219.jpg,Harivanga,/kaggle/working/small/Harivanga/01656.jpg,6,689,val
/kaggle/input/datasets/researchersajid/mangoclassify-12-native-mango-dataset-from-bd/MangoClassify-12/Harivanga/IMG_20250608_094226.jpg,Harivanga,/kaggle/working/small/Harivanga/01657.jpg,6,684,train
/kaggle/input/datasets/researchersajid/mangoclassify-12-native-mango-dataset-from-bd/MangoClassify-12/Harivanga/IMG_20250608_094232.jpg,Harivanga,/kaggle/working/small/Harivanga/01658.jpg,6,731,train
/kaggle/input/datasets/researchersajid/mangoclassify-12-native-mango-dataset-from-bd/MangoClassify-12/Harivanga/IMG_20250608_094237.jpg,Harivanga,/kaggle/working/small/Harivanga/01659.jpg,6,682,train
/kaggle/input/datasets/researchersajid/mangoclassify-12-native-mango-dataset-from-bd/MangoClassify-12/Harivanga/IMG_20250608_094242.jpg,Harivanga,/kaggle/working/small/Harivanga/01660.jpg,6,714,val
/kaggle/input/datasets/researchersajid/mangoclassify-12-native-mango-dataset-from-bd/MangoClassify-12/Harivanga/IMG_20250608_094517.jpg,Harivanga,/kaggle/working/small/Harivanga/01661.jpg,6,598,train
/kaggle/input/datasets/researchersajid/mangoclassify-12-native-mango-dataset-from-bd/MangoClassify-12/Harivanga/IMG_20250608_094523.jpg,Harivanga,/kaggle/working/small/Harivanga/01662.jpg,6,657,train
/kaggle/input/datasets/researchersajid/mangoclassify-12-native-mango-dataset-from-bd/MangoClassify-12/Harivanga/IMG_20250608_094531.jpg,Harivanga,/kaggle/working/small/Harivanga/01663.jpg,6,657,train
/kaggle/input/datasets/researchersajid/mangoclassify-12-native-mango-dataset-from-bd/MangoClassify-12/Harivanga/IMG_20250608_094537.jpg,Harivanga,/kaggle/working/small/Harivanga/01664.jpg,6,657,train
/kaggle/input/datasets/researchersajid/mangoclassify-12-native-mango-dataset-from-bd/MangoClassify-12/Harivanga/IMG_20250608_094542.jpg,Harivanga,/kaggle/working/small/Harivanga/01665.jpg,6,598,train
/kaggle/input/datasets/researchersajid/mangoclassify-12-native-mango-dataset-from-bd/MangoClassify-12/Harivanga/IMG_20250608_094547.jpg,Harivanga,/kaggle/working/small/Harivanga/01666.jpg,6,598,train
/kaggle/input/datasets/researchersajid/mangoclassify-12-native-mango-dataset-from-bd/MangoClassify-12/Harivanga/IMG_20250608_094556.jpg,Harivanga,/kaggle/working/small/Harivanga/01667.jpg,6,605,train
/kaggle/input/datasets/researchersajid/mangoclassify-12-native-mango-dataset-from-bd/MangoClassify-12/Harivanga/IMG_20250608_094900.jpg,Harivanga,/kaggle/working/small/Harivanga/01668.jpg,6,614,train
/kaggle/input/datasets/researchersajid/mangoclassify-12-native-mango-dataset-from-bd/MangoClassify-12/Harivanga/IMG_20250608_094908.jpg,Harivanga,/kaggle/working/small/Harivanga/01669.jpg,6,701,train
/kaggle/input/datasets/researchersajid/mangoclassify-12-native-mango-dataset-from-bd/MangoClassify-12/Harivanga/IMG_20250608_094913.jpg,Harivanga,/kaggle/working/small/Harivanga/01670.jpg,6,694,val
/kaggle/input/datasets/researchersajid/mangoclassify-12-native-mango-dataset-from-bd/MangoClassify-12/Harivanga/IMG_20250608_094959.jpg,Harivanga,/kaggle/working/small/Harivanga/01671.jpg,6,605,train
/kaggle/input/datasets/researchersajid/mangoclassify-12-native-mango-dataset-from-bd/MangoClassify-12/Harivanga/IMG_20250608_095008.jpg,Harivanga,/kaggle/working/small/Harivanga/01672.jpg,6,597,train
/kaggle/input/datasets/researchersajid/mangoclassify-12-native-mango-dataset-from-bd/MangoClassify-12/Harivanga/IMG_20250608_095015.jpg,Harivanga,/kaggle/working/small/Harivanga/01673.jpg,6,612,train
/kaggle/input/datasets/researchersajid/mangoclassify-12-native-mango-dataset-from-bd/MangoClassify-12/Harivanga/IMG_20250608_095020.jpg,Harivanga,/kaggle/working/small/Harivanga/01674.jpg,6,656,train
/kaggle/input/datasets/researchersajid/mangoclassify-12-native-mango-dataset-from-bd/MangoClassify-12/Harivanga/IMG_20250608_095025.jpg,Harivanga,/kaggle/working/small/Harivanga/01675.jpg,6,605,train
/kaggle/input/datasets/researchersajid/mangoclassify-12-native-mango-dataset-from-bd/MangoClassify-12/Harivanga/IMG_20250608_095029.jpg,Harivanga,/kaggle/working/small/Harivanga/01676.jpg,6,605,train
/kaggle/input/datasets/researchersajid/mangoclassify-12-native-mango-dataset-from-bd/MangoClassify-12/Harivanga/IMG_20250608_095114.jpg,Harivanga,/kaggle/working/small/Harivanga/01677.jpg,6,598,train
/kaggle/input/datasets/researchersajid/mangoclassify-12-native-mango-dataset-from-bd/MangoClassify-12/Harivanga/IMG_20250608_095120.jpg,Harivanga,/kaggle/working/small/Harivanga/01678.jpg,6,598,train
/kaggle/input/datasets/researchersajid/mangoclassify-12-native-mango-dataset-from-bd/MangoClassify-12/Harivanga/IMG_20250608_095125.jpg,Harivanga,/kaggle/working/small/Harivanga/01679.jpg,6,596,train
/kaggle/input/datasets/researchersajid/mangoclassify-12-native-mango-dataset-from-bd/MangoClassify-12/Harivanga/IMG_20250608_095134.jpg,Harivanga,/kaggle/working/small/Harivanga/01680.jpg,6,597,train
/kaggle/input/datasets/researchersajid/mangoclassify-12-native-mango-dataset-from-bd/MangoClassify-12/Harivanga/IMG_20250608_095140.jpg,Harivanga,/kaggle/working/small/Harivanga/01681.jpg,6,598,train
/kaggle/input/datasets/researchersajid/mangoclassify-12-native-mango-dataset-from-bd/MangoClassify-12/Harivanga/IMG_20250608_095145.jpg,Harivanga,/kaggle/working/small/Harivanga/01682.jpg,6,598,train
/kaggle/input/datasets/researchersajid/mangoclassify-12-native-mango-dataset-from-bd/MangoClassify-12/Harivanga/IMG_20250608_095241.jpg,Harivanga,/kaggle/working/small/Harivanga/01683.jpg,6,603,train
/kaggle/input/datasets/researchersajid/mangoclassify-12-native-mango-dataset-from-bd/MangoClassify-12/Harivanga/IMG_20250608_095344.jpg,Harivanga,/kaggle/working/small/Harivanga/01684.jpg,6,612,train
/kaggle/input/datasets/researchersajid/mangoclassify-12-native-mango-dataset-from-bd/MangoClassify-12/Harivanga/IMG_20250608_095351.jpg,Harivanga,/kaggle/working/small/Harivanga/01685.jpg,6,597,train
/kaggle/input/datasets/researchersajid/mangoclassify-12-native-mango-dataset-from-bd/MangoClassify-12/Harivanga/IMG_20250608_095357.jpg,Harivanga,/kaggle/working/small/Harivanga/01686.jpg,6,608,train
/kaggle/input/datasets/researchersajid/mangoclassify-12-native-mango-dataset-from-bd/MangoClassify-12/Harivanga/IMG_20250608_095403.jpg,Harivanga,/kaggle/working/small/Harivanga/01687.jpg,6,612,train
/kaggle/input/datasets/researchersajid/mangoclassify-12-native-mango-dataset-from-bd/MangoClassify-12/Harivanga/IMG_20250608_095424.jpg,Harivanga,/kaggle/working/small/Harivanga/01688.jpg,6,652,train
/kaggle/input/datasets/researchersajid/mangoclassify-12-native-mango-dataset-from-bd/MangoClassify-12/Harivanga/IMG_20250608_095429.jpg,Harivanga,/kaggle/working/small/Harivanga/01689.jpg,6,579,train
/kaggle/input/datasets/researchersajid/mangoclassify-12-native-mango-dataset-from-bd/MangoClassify-12/Harivanga/IMG_20250608_095435.jpg,Harivanga,/kaggle/working/small/Harivanga/01690.jpg,6,595,train
/kaggle/input/datasets/researchersajid/mangoclassify-12-native-mango-dataset-from-bd/MangoClassify-12/Harivanga/IMG_20250608_095440.jpg,Harivanga,/kaggle/working/small/Harivanga/01691.jpg,6,595,train
/kaggle/input/datasets/researchersajid/mangoclassify-12-native-mango-dataset-from-bd/MangoClassify-12/Harivanga/IMG_20250608_095518.jpg,Harivanga,/kaggle/working/small/Harivanga/01692.jpg,6,571,test
/kaggle/input/datasets/researchersajid/mangoclassify-12-native-mango-dataset-from-bd/MangoClassify-12/Harivanga/IMG_20250608_095528.jpg,Harivanga,/kaggle/working/small/Harivanga/01693.jpg,6,737,test
/kaggle/input/datasets/researchersajid/mangoclassify-12-native-mango-dataset-from-bd/MangoClassify-12/Harivanga/IMG_20250608_095532.jpg,Harivanga,/kaggle/working/small/Harivanga/01694.jpg,6,612,train
/kaggle/input/datasets/researchersajid/mangoclassify-12-native-mango-dataset-from-bd/MangoClassify-12/Harivanga/IMG_20250608_101401.jpg,Harivanga,/kaggle/working/small/Harivanga/01695.jpg,6,706,train
/kaggle/input/datasets/researchersajid/mangoclassify-12-native-mango-dataset-from-bd/MangoClassify-12/Harivanga/IMG_20250608_101408.jpg,Harivanga,/kaggle/working/small/Harivanga/01696.jpg,6,637,train
/kaggle/input/datasets/researchersajid/mangoclassify-12-native-mango-dataset-from-bd/MangoClassify-12/Harivanga/IMG_20250608_101413.jpg,Harivanga,/kaggle/working/small/Harivanga/01697.jpg,6,637,train
/kaggle/input/datasets/researchersajid/mangoclassify-12-native-mango-dataset-from-bd/MangoClassify-12/Harivanga/IMG_20250608_101418.jpg,Harivanga,/kaggle/working/small/Harivanga/01698.jpg,6,582,train
/kaggle/input/datasets/researchersajid/mangoclassify-12-native-mango-dataset-from-bd/MangoClassify-12/Harivanga/IMG_20250608_101424.jpg,Harivanga,/kaggle/working/small/Harivanga/01699.jpg,6,696,train
/kaggle/input/datasets/researchersajid/mangoclassify-12-native-mango-dataset-from-bd/MangoClassify-12/Harivanga/IMG_20250608_101430.jpg,Harivanga,/kaggle/working/small/Harivanga/01700.jpg,6,596,train
/kaggle/input/datasets/researchersajid/mangoclassify-12-native-mango-dataset-from-bd/MangoClassify-12/Harivanga/IMG_20250608_101536.jpg,Harivanga,/kaggle/working/small/Harivanga/01701.jpg,6,575,test
/kaggle/input/datasets/researchersajid/mangoclassify-12-native-mango-dataset-from-bd/MangoClassify-12/Harivanga/IMG_20250608_101541.jpg,Harivanga,/kaggle/working/small/Harivanga/01702.jpg,6,575,test
/kaggle/input/datasets/researchersajid/mangoclassify-12-native-mango-dataset-from-bd/MangoClassify-12/Harivanga/IMG_20250608_101546.jpg,Harivanga,/kaggle/working/small/Harivanga/01703.jpg,6,633,train
/kaggle/input/datasets/researchersajid/mangoclassify-12-native-mango-dataset-from-bd/MangoClassify-12/Harivanga/IMG_20250608_101552.jpg,Harivanga,/kaggle/working/small/Harivanga/01704.jpg,6,677,test
/kaggle/input/datasets/researchersajid/mangoclassify-12-native-mango-dataset-from-bd/MangoClassify-12/Harivanga/IMG_20250608_101558.jpg,Harivanga,/kaggle/working/small/Harivanga/01705.jpg,6,575,test
/kaggle/input/datasets/researchersajid/mangoclassify-12-native-mango-dataset-from-bd/MangoClassify-12/Harivanga/IMG_20250608_101603.jpg,Harivanga,/kaggle/working/small/Harivanga/01706.jpg,6,575,test
/kaggle/input/datasets/researchersajid/mangoclassify-12-native-mango-dataset-from-bd/MangoClassify-12/Harivanga/IMG_20250608_101607.jpg,Harivanga,/kaggle/working/small/Harivanga/01707.jpg,6,722,train
/kaggle/input/datasets/researchersajid/mangoclassify-12-native-mango-dataset-from-bd/MangoClassify-12/Harivanga/IMG_20250608_101612.jpg,Harivanga,/kaggle/working/small/Harivanga/01708.jpg,6,575,test
/kaggle/input/datasets/researchersajid/mangoclassify-12-native-mango-dataset-from-bd/MangoClassify-12/Harivanga/IMG_20250608_101647.jpg,Harivanga,/kaggle/working/small/Harivanga/01709.jpg,6,608,train
/kaggle/input/datasets/researchersajid/mangoclassify-12-native-mango-dataset-from-bd/MangoClassify-12/Harivanga/IMG_20250608_101651.jpg,Harivanga,/kaggle/working/small/Harivanga/01710.jpg,6,585,val
/kaggle/input/datasets/researchersajid/mangoclassify-12-native-mango-dataset-from-bd/MangoClassify-12/Harivanga/IMG_20250608_101656.jpg,Harivanga,/kaggle/working/small/Harivanga/01711.jpg,6,585,val
/kaggle/input/datasets/researchersajid/mangoclassify-12-native-mango-dataset-from-bd/MangoClassify-12/Harivanga/IMG_20250608_101700.jpg,Harivanga,/kaggle/working/small/Harivanga/01712.jpg,6,728,val
/kaggle/input/datasets/researchersajid/mangoclassify-12-native-mango-dataset-from-bd/MangoClassify-12/Harivanga/IMG_20250608_101705.jpg,Harivanga,/kaggle/working/small/Harivanga/01713.jpg,6,600,train
/kaggle/input/datasets/researchersajid/mangoclassify-12-native-mango-dataset-from-bd/MangoClassify-12/Harivanga/IMG_20250608_101709.jpg,Harivanga,/kaggle/working/small/Harivanga/01714.jpg,6,614,train
/kaggle/input/datasets/researchersajid/mangoclassify-12-native-mango-dataset-from-bd/MangoClassify-12/Harivanga/IMG_20250608_101734.jpg,Harivanga,/kaggle/working/small/Harivanga/01715.jpg,6,608,train
/kaggle/input/datasets/researchersajid/mangoclassify-12-native-mango-dataset-from-bd/MangoClassify-12/Harivanga/IMG_20250608_101738.jpg,Harivanga,/kaggle/working/small/Harivanga/01716.jpg,6,608,train
/kaggle/input/datasets/researchersajid/mangoclassify-12-native-mango-dataset-from-bd/MangoClassify-12/Harivanga/IMG_20250608_101741.jpg,Harivanga,/kaggle/working/small/Harivanga/01717.jpg,6,659,train
/kaggle/input/datasets/researchersajid/mangoclassify-12-native-mango-dataset-from-bd/MangoClassify-12/Harivanga/IMG_20250608_101746.jpg,Harivanga,/kaggle/working/small/Harivanga/01718.jpg,6,659,train
/kaggle/input/datasets/researchersajid/mangoclassify-12-native-mango-dataset-from-bd/MangoClassify-12/Harivanga/IMG_20250608_101750.jpg,Harivanga,/kaggle/working/small/Harivanga/01719.jpg,6,659,train
/kaggle/input/datasets/researchersajid/mangoclassify-12-native-mango-dataset-from-bd/MangoClassify-12/Harivanga/IMG_20250608_101754.jpg,Harivanga,/kaggle/working/small/Harivanga/01720.jpg,6,711,train
/kaggle/input/datasets/researchersajid/mangoclassify-12-native-mango-dataset-from-bd/MangoClassify-12/Harivanga/IMG_20250608_101758.jpg,Harivanga,/kaggle/working/small/Harivanga/01721.jpg,6,711,train
/kaggle/input/datasets/researchersajid/mangoclassify-12-native-mango-dataset-from-bd/MangoClassify-12/Harivanga/IMG_20250608_101844.jpg,Harivanga,/kaggle/working/small/Harivanga/01722.jpg,6,618,train
/kaggle/input/datasets/researchersajid/mangoclassify-12-native-mango-dataset-from-bd/MangoClassify-12/Harivanga/IMG_20250608_101859.jpg,Harivanga,/kaggle/working/small/Harivanga/01723.jpg,6,633,train
/kaggle/input/datasets/researchersajid/mangoclassify-12-native-mango-dataset-from-bd/MangoClassify-12/Harivanga/IMG_20250608_101907.jpg,Harivanga,/kaggle/working/small/Harivanga/01724.jpg,6,585,val
/kaggle/input/datasets/researchersajid/mangoclassify-12-native-mango-dataset-from-bd/MangoClassify-12/Harivanga/IMG_20250608_101913.jpg,Harivanga,/kaggle/working/small/Harivanga/01725.jpg,6,585,val
/kaggle/input/datasets/researchersajid/mangoclassify-12-native-mango-dataset-from-bd/MangoClassify-12/Harivanga/IMG_20250608_101919.jpg,Harivanga,/kaggle/working/small/Harivanga/01726.jpg,6,585,val
/kaggle/input/datasets/researchersajid/mangoclassify-12-native-mango-dataset-from-bd/MangoClassify-12/Harivanga/IMG_20250608_101925.jpg,Harivanga,/kaggle/working/small/Harivanga/01727.jpg,6,734,test
/kaggle/input/datasets/researchersajid/mangoclassify-12-native-mango-dataset-from-bd/MangoClassify-12/Harivanga/IMG_20250608_102105.jpg,Harivanga,/kaggle/working/small/Harivanga/01728.jpg,6,640,train
/kaggle/input/datasets/researchersajid/mangoclassify-12-native-mango-dataset-from-bd/MangoClassify-12/Harivanga/IMG_20250608_102111.jpg,Harivanga,/kaggle/working/small/Harivanga/01729.jpg,6,735,val
/kaggle/input/datasets/researchersajid/mangoclassify-12-native-mango-dataset-from-bd/MangoClassify-12/Harivanga/IMG_20250608_102120.jpg,Harivanga,/kaggle/working/small/Harivanga/01730.jpg,6,640,train
/kaggle/input/datasets/researchersajid/mangoclassify-12-native-mango-dataset-from-bd/MangoClassify-12/Harivanga/IMG_20250608_102202.jpg,Harivanga,/kaggle/working/small/Harivanga/01731.jpg,6,717,test
/kaggle/input/datasets/researchersajid/mangoclassify-12-native-mango-dataset-from-bd/MangoClassify-12/Harivanga/IMG_20250608_102217.jpg,Harivanga,/kaggle/working/small/Harivanga/01732.jpg,6,717,test
/kaggle/input/datasets/researchersajid/mangoclassify-12-native-mango-dataset-from-bd/MangoClassify-12/Harivanga/IMG_20250608_102222.jpg,Harivanga,/kaggle/working/small/Harivanga/01733.jpg,6,739,train
/kaggle/input/datasets/researchersajid/mangoclassify-12-native-mango-dataset-from-bd/MangoClassify-12/Harivanga/IMG_20250608_102228.jpg,Harivanga,/kaggle/working/small/Harivanga/01734.jpg,6,618,train
/kaggle/input/datasets/researchersajid/mangoclassify-12-native-mango-dataset-from-bd/MangoClassify-12/Harivanga/IMG_20250608_102327.jpg,Harivanga,/kaggle/working/small/Harivanga/01735.jpg,6,575,test
/kaggle/input/datasets/researchersajid/mangoclassify-12-native-mango-dataset-from-bd/MangoClassify-12/Harivanga/IMG_20250608_102352.jpg,Harivanga,/kaggle/working/small/Harivanga/01736.jpg,6,671,train
/kaggle/input/datasets/researchersajid/mangoclassify-12-native-mango-dataset-from-bd/MangoClassify-12/Harivanga/IMG_20250608_102400.jpg,Harivanga,/kaggle/working/small/Harivanga/01737.jpg,6,585,val
/kaggle/input/datasets/researchersajid/mangoclassify-12-native-mango-dataset-from-bd/MangoClassify-12/Harivanga/IMG_20250608_102408.jpg,Harivanga,/kaggle/working/small/Harivanga/01738.jpg,6,702,train
/kaggle/input/datasets/researchersajid/mangoclassify-12-native-mango-dataset-from-bd/MangoClassify-12/Harivanga/IMG_20250608_102427.jpg,Harivanga,/kaggle/working/small/Harivanga/01739.jpg,6,696,train
/kaggle/input/datasets/researchersajid/mangoclassify-12-native-mango-dataset-from-bd/MangoClassify-12/Harivanga/IMG_20250608_102438.jpg,Harivanga,/kaggle/working/small/Harivanga/01740.jpg,6,712,train
/kaggle/input/datasets/researchersajid/mangoclassify-12-native-mango-dataset-from-bd/MangoClassify-12/Harivanga/IMG_20250611_113203.jpg,Harivanga,/kaggle/working/small/Harivanga/01741.jpg,6,632,val
/kaggle/input/datasets/researchersajid/mangoclassify-12-native-mango-dataset-from-bd/MangoClassify-12/Harivanga/IMG_20250611_113211.jpg,Harivanga,/kaggle/working/small/Harivanga/01742.jpg,6,639,train
/kaggle/input/datasets/researchersajid/mangoclassify-12-native-mango-dataset-from-bd/MangoClassify-12/Harivanga/IMG_20250611_113216.jpg,Harivanga,/kaggle/working/small/Harivanga/01743.jpg,6,639,train
/kaggle/input/datasets/researchersajid/mangoclassify-12-native-mango-dataset-from-bd/MangoClassify-12/Harivanga/IMG_20250611_113221.jpg,Harivanga,/kaggle/working/small/Harivanga/01744.jpg,6,580,train
/kaggle/input/datasets/researchersajid/mangoclassify-12-native-mango-dataset-from-bd/MangoClassify-12/Harivanga/IMG_20250611_113227.jpg,Harivanga,/kaggle/working/small/Harivanga/01745.jpg,6,578,train
/kaggle/input/datasets/researchersajid/mangoclassify-12-native-mango-dataset-from-bd/MangoClassify-12/Harivanga/IMG_20250611_113236.jpg,Harivanga,/kaggle/working/small/Harivanga/01746.jpg,6,647,val
/kaggle/input/datasets/researchersajid/mangoclassify-12-native-mango-dataset-from-bd/MangoClassify-12/Harivanga/IMG_20250611_113256.jpg,Harivanga,/kaggle/working/small/Harivanga/01747.jpg,6,636,train
/kaggle/input/datasets/researchersajid/mangoclassify-12-native-mango-dataset-from-bd/MangoClassify-12/Harivanga/IMG_20250611_113302.jpg,Harivanga,/kaggle/working/small/Harivanga/01748.jpg,6,632,val
/kaggle/input/datasets/researchersajid/mangoclassify-12-native-mango-dataset-from-bd/MangoClassify-12/Harivanga/IMG_20250611_113308.jpg,Harivanga,/kaggle/working/small/Harivanga/01749.jpg,6,741,train
/kaggle/input/datasets/researchersajid/mangoclassify-12-native-mango-dataset-from-bd/MangoClassify-12/Harivanga/IMG_20250611_113313.jpg,Harivanga,/kaggle/working/small/Harivanga/01750.jpg,6,741,train
/kaggle/input/datasets/researchersajid/mangoclassify-12-native-mango-dataset-from-bd/MangoClassify-12/Harivanga/IMG_20250611_113317.jpg,Harivanga,/kaggle/working/small/Harivanga/01751.jpg,6,636,train
/kaggle/input/datasets/researchersajid/mangoclassify-12-native-mango-dataset-from-bd/MangoClassify-12/Harivanga/IMG_20250611_113526.jpg,Harivanga,/kaggle/working/small/Harivanga/01752.jpg,6,619,test
/kaggle/input/datasets/researchersajid/mangoclassify-12-native-mango-dataset-from-bd/MangoClassify-12/Harivanga/IMG_20250611_113534.jpg,Harivanga,/kaggle/working/small/Harivanga/01753.jpg,6,645,val
/kaggle/input/datasets/researchersajid/mangoclassify-12-native-mango-dataset-from-bd/MangoClassify-12/Harivanga/IMG_20250611_113539.jpg,Harivanga,/kaggle/working/small/Harivanga/01754.jpg,6,744,train
/kaggle/input/datasets/researchersajid/mangoclassify-12-native-mango-dataset-from-bd/MangoClassify-12/Harivanga/IMG_20250611_113545.jpg,Harivanga,/kaggle/working/small/Harivanga/01755.jpg,6,627,train
/kaggle/input/datasets/researchersajid/mangoclassify-12-native-mango-dataset-from-bd/MangoClassify-12/Harivanga/IMG_20250611_113550.jpg,Harivanga,/kaggle/working/small/Harivanga/01756.jpg,6,680,val
/kaggle/input/datasets/researchersajid/mangoclassify-12-native-mango-dataset-from-bd/MangoClassify-12/Harivanga/IMG_20250611_113553.jpg,Harivanga,/kaggle/working/small/Harivanga/01757.jpg,6,680,val
/kaggle/input/datasets/researchersajid/mangoclassify-12-native-mango-dataset-from-bd/MangoClassify-12/Harivanga/IMG_20250611_113558.jpg,Harivanga,/kaggle/working/small/Harivanga/01758.jpg,6,680,val
/kaggle/input/datasets/researchersajid/mangoclassify-12-native-mango-dataset-from-bd/MangoClassify-12/Harivanga/IMG_20250611_113713.jpg,Harivanga,/kaggle/working/small/Harivanga/01759.jpg,6,692,train
/kaggle/input/datasets/researchersajid/mangoclassify-12-native-mango-dataset-from-bd/MangoClassify-12/Harivanga/IMG_20250611_113719.jpg,Harivanga,/kaggle/working/small/Harivanga/01760.jpg,6,708,train
/kaggle/input/datasets/researchersajid/mangoclassify-12-native-mango-dataset-from-bd/MangoClassify-12/Harivanga/IMG_20250611_113724.jpg,Harivanga,/kaggle/working/small/Harivanga/01761.jpg,6,746,train
/kaggle/input/datasets/researchersajid/mangoclassify-12-native-mango-dataset-from-bd/MangoClassify-12/Harivanga/IMG_20250611_113733.jpg,Harivanga,/kaggle/working/small/Harivanga/01762.jpg,6,746,train
/kaggle/input/datasets/researchersajid/mangoclassify-12-native-mango-dataset-from-bd/MangoClassify-12/Harivanga/IMG_20250611_113737.jpg,Harivanga,/kaggle/working/small/Harivanga/01763.jpg,6,647,val
/kaggle/input/datasets/researchersajid/mangoclassify-12-native-mango-dataset-from-bd/MangoClassify-12/Harivanga/IMG_20250611_113742.jpg,Harivanga,/kaggle/working/small/Harivanga/01764.jpg,6,708,train
/kaggle/input/datasets/researchersajid/mangoclassify-12-native-mango-dataset-from-bd/MangoClassify-12/Harivanga/IMG_20250611_113756.jpg,Harivanga,/kaggle/working/small/Harivanga/01765.jpg,6,619,test
/kaggle/input/datasets/researchersajid/mangoclassify-12-native-mango-dataset-from-bd/MangoClassify-12/Harivanga/IMG_20250611_113801.jpg,Harivanga,/kaggle/working/small/Harivanga/01766.jpg,6,697,train
/kaggle/input/datasets/researchersajid/mangoclassify-12-native-mango-dataset-from-bd/MangoClassify-12/Harivanga/IMG_20250611_113807.jpg,Harivanga,/kaggle/working/small/Harivanga/01767.jpg,6,710,val
/kaggle/input/datasets/researchersajid/mangoclassify-12-native-mango-dataset-from-bd/MangoClassify-12/Harivanga/IMG_20250611_113812.jpg,Harivanga,/kaggle/working/small/Harivanga/01768.jpg,6,643,train
/kaggle/input/datasets/researchersajid/mangoclassify-12-native-mango-dataset-from-bd/MangoClassify-12/Harivanga/IMG_20250611_123540.jpg,Harivanga,/kaggle/working/small/Harivanga/01769.jpg,6,673,val
/kaggle/input/datasets/researchersajid/mangoclassify-12-native-mango-dataset-from-bd/MangoClassify-12/Harivanga/IMG_20250611_123558.jpg,Harivanga,/kaggle/working/small/Harivanga/01770.jpg,6,666,train
/kaggle/input/datasets/researchersajid/mangoclassify-12-native-mango-dataset-from-bd/MangoClassify-12/Harivanga/IMG_20250611_123622.jpg,Harivanga,/kaggle/working/small/Harivanga/01771.jpg,6,726,train
/kaggle/input/datasets/researchersajid/mangoclassify-12-native-mango-dataset-from-bd/MangoClassify-12/Harivanga/IMG_20250611_123629.jpg,Harivanga,/kaggle/working/small/Harivanga/01772.jpg,6,669,train
/kaggle/input/datasets/researchersajid/mangoclassify-12-native-mango-dataset-from-bd/MangoClassify-12/Harivanga/IMG_20250611_123636.jpg,Harivanga,/kaggle/working/small/Harivanga/01773.jpg,6,674,test
/kaggle/input/datasets/researchersajid/mangoclassify-12-native-mango-dataset-from-bd/MangoClassify-12/Harivanga/IMG_20250611_123644.jpg,Harivanga,/kaggle/working/small/Harivanga/01774.jpg,6,629,train
/kaggle/input/datasets/researchersajid/mangoclassify-12-native-mango-dataset-from-bd/MangoClassify-12/Harivanga/IMG_20250611_123657.jpg,Harivanga,/kaggle/working/small/Harivanga/01775.jpg,6,724,train
/kaggle/input/datasets/researchersajid/mangoclassify-12-native-mango-dataset-from-bd/MangoClassify-12/Harivanga/IMG_20250611_123706.jpg,Harivanga,/kaggle/working/small/Harivanga/01776.jpg,6,667,train
/kaggle/input/datasets/researchersajid/mangoclassify-12-native-mango-dataset-from-bd/MangoClassify-12/Harivanga/IMG_20250611_123718.jpg,Harivanga,/kaggle/working/small/Harivanga/01777.jpg,6,663,val
/kaggle/input/datasets/researchersajid/mangoclassify-12-native-mango-dataset-from-bd/MangoClassify-12/Harivanga/IMG_20250611_123725.jpg,Harivanga,/kaggle/working/small/Harivanga/01778.jpg,6,607,train
/kaggle/input/datasets/researchersajid/mangoclassify-12-native-mango-dataset-from-bd/MangoClassify-12/Harivanga/IMG_20250611_123732.jpg,Harivanga,/kaggle/working/small/Harivanga/01779.jpg,6,649,train
/kaggle/input/datasets/researchersajid/mangoclassify-12-native-mango-dataset-from-bd/MangoClassify-12/Harivanga/IMG_20250611_123738.jpg,Harivanga,/kaggle/working/small/Harivanga/01780.jpg,6,588,train
/kaggle/input/datasets/researchersajid/mangoclassify-12-native-mango-dataset-from-bd/MangoClassify-12/Harivanga/IMG_20250611_123750.jpg,Harivanga,/kaggle/working/small/Harivanga/01781.jpg,6,663,val
/kaggle/input/datasets/researchersajid/mangoclassify-12-native-mango-dataset-from-bd/MangoClassify-12/Harivanga/IMG_20250611_125905.jpg,Harivanga,/kaggle/working/small/Harivanga/01782.jpg,6,593,val
/kaggle/input/datasets/researchersajid/mangoclassify-12-native-mango-dataset-from-bd/MangoClassify-12/Harivanga/IMG_20250611_125910.jpg,Harivanga,/kaggle/working/small/Harivanga/01783.jpg,6,593,val
/kaggle/input/datasets/researchersajid/mangoclassify-12-native-mango-dataset-from-bd/MangoClassify-12/Harivanga/IMG_20250611_125920.jpg,Harivanga,/kaggle/working/small/Harivanga/01784.jpg,6,581,train
/kaggle/input/datasets/researchersajid/mangoclassify-12-native-mango-dataset-from-bd/MangoClassify-12/Harivanga/IMG_20250611_125925.jpg,Harivanga,/kaggle/working/small/Harivanga/01785.jpg,6,593,val
/kaggle/input/datasets/researchersajid/mangoclassify-12-native-mango-dataset-from-bd/MangoClassify-12/Harivanga/IMG_20250611_125949.jpg,Harivanga,/kaggle/working/small/Harivanga/01786.jpg,6,581,train
/kaggle/input/datasets/researchersajid/mangoclassify-12-native-mango-dataset-from-bd/MangoClassify-12/Harivanga/IMG_20250611_125958.jpg,Harivanga,/kaggle/working/small/Harivanga/01787.jpg,6,588,train
/kaggle/input/datasets/researchersajid/mangoclassify-12-native-mango-dataset-from-bd/MangoClassify-12/Harivanga/IMG_20250611_130008.jpg,Harivanga,/kaggle/working/small/Harivanga/01788.jpg,6,626,train
/kaggle/input/datasets/researchersajid/mangoclassify-12-native-mango-dataset-from-bd/MangoClassify-12/Harivanga/IMG_20250611_130014.jpg,Harivanga,/kaggle/working/small/Harivanga/01789.jpg,6,607,train
/kaggle/input/datasets/researchersajid/mangoclassify-12-native-mango-dataset-from-bd/MangoClassify-12/Harivanga/IMG_20250611_130019.jpg,Harivanga,/kaggle/working/small/Harivanga/01790.jpg,6,607,train
/kaggle/input/datasets/researchersajid/mangoclassify-12-native-mango-dataset-from-bd/MangoClassify-12/Harivanga/IMG_20250611_130027.jpg,Harivanga,/kaggle/working/small/Harivanga/01791.jpg,6,720,val
/kaggle/input/datasets/researchersajid/mangoclassify-12-native-mango-dataset-from-bd/MangoClassify-12/Harivanga/IMG_20250611_130032.jpg,Harivanga,/kaggle/working/small/Harivanga/01792.jpg,6,626,train
/kaggle/input/datasets/researchersajid/mangoclassify-12-native-mango-dataset-from-bd/MangoClassify-12/Harivanga/IMG_20250611_130037.jpg,Harivanga,/kaggle/working/small/Harivanga/01793.jpg,6,607,train
/kaggle/input/datasets/researchersajid/mangoclassify-12-native-mango-dataset-from-bd/MangoClassify-12/Harivanga/IMG_20250611_130046.jpg,Harivanga,/kaggle/working/small/Harivanga/01794.jpg,6,588,train
/kaggle/input/datasets/researchersajid/mangoclassify-12-native-mango-dataset-from-bd/MangoClassify-12/Harivanga/IMG_20250611_130052.jpg,Harivanga,/kaggle/working/small/Harivanga/01795.jpg,6,695,train
/kaggle/input/datasets/researchersajid/mangoclassify-12-native-mango-dataset-from-bd/MangoClassify-12/Harivanga/IMG_20250611_130058.jpg,Harivanga,/kaggle/working/small/Harivanga/01796.jpg,6,695,train
/kaggle/input/datasets/researchersajid/mangoclassify-12-native-mango-dataset-from-bd/MangoClassify-12/Harivanga/IMG_20250611_130110.jpg,Harivanga,/kaggle/working/small/Harivanga/01797.jpg,6,607,train
/kaggle/input/datasets/researchersajid/mangoclassify-12-native-mango-dataset-from-bd/MangoClassify-12/Harivanga/IMG_20250611_130117.jpg,Harivanga,/kaggle/working/small/Harivanga/01798.jpg,6,588,train
/kaggle/input/datasets/researchersajid/mangoclassify-12-native-mango-dataset-from-bd/MangoClassify-12/Harivanga/IMG_20250611_130130.jpg,Harivanga,/kaggle/working/small/Harivanga/01799.jpg,6,695,train
/kaggle/input/datasets/researchersajid/mangoclassify-12-native-mango-dataset-from-bd/MangoClassify-12/Harivanga/IMG_20250611_130146.jpg,Harivanga,/kaggle/working/small/Harivanga/01800.jpg,6,649,train
/kaggle/input/datasets/researchersajid/mangoclassify-12-native-mango-dataset-from-bd/MangoClassify-12/Harivanga/IMG_20250611_130155.jpg,Harivanga,/kaggle/working/small/Harivanga/01801.jpg,6,649,train
/kaggle/input/datasets/researchersajid/mangoclassify-12-native-mango-dataset-from-bd/MangoClassify-12/Harivanga/IMG_20250611_130200.jpg,Harivanga,/kaggle/working/small/Harivanga/01802.jpg,6,615,train
/kaggle/input/datasets/researchersajid/mangoclassify-12-native-mango-dataset-from-bd/MangoClassify-12/Harivanga/IMG_20250611_130205.jpg,Harivanga,/kaggle/working/small/Harivanga/01803.jpg,6,589,train
/kaggle/input/datasets/researchersajid/mangoclassify-12-native-mango-dataset-from-bd/MangoClassify-12/Harivanga/IMG_20250611_130212.jpg,Harivanga,/kaggle/working/small/Harivanga/01804.jpg,6,695,train
/kaggle/input/datasets/researchersajid/mangoclassify-12-native-mango-dataset-from-bd/MangoClassify-12/Harivanga/IMG_20250611_130713.jpg,Harivanga,/kaggle/working/small/Harivanga/01805.jpg,6,715,train
/kaggle/input/datasets/researchersajid/mangoclassify-12-native-mango-dataset-from-bd/MangoClassify-12/Harivanga/IMG_20250611_130721.jpg,Harivanga,/kaggle/working/small/Harivanga/01806.jpg,6,616,test
/kaggle/input/datasets/researchersajid/mangoclassify-12-native-mango-dataset-from-bd/MangoClassify-12/Harivanga/IMG_20250611_130729.jpg,Harivanga,/kaggle/working/small/Harivanga/01807.jpg,6,616,test
/kaggle/input/datasets/researchersajid/mangoclassify-12-native-mango-dataset-from-bd/MangoClassify-12/Harivanga/IMG_20250611_130733.jpg,Harivanga,/kaggle/working/small/Harivanga/01808.jpg,6,615,train
/kaggle/input/datasets/researchersajid/mangoclassify-12-native-mango-dataset-from-bd/MangoClassify-12/Harivanga/IMG_20250611_130742.jpg,Harivanga,/kaggle/working/small/Harivanga/01809.jpg,6,589,train
/kaggle/input/datasets/researchersajid/mangoclassify-12-native-mango-dataset-from-bd/MangoClassify-12/Harivanga/IMG_20250611_130758.jpg,Harivanga,/kaggle/working/small/Harivanga/01810.jpg,6,736,train
/kaggle/input/datasets/researchersajid/mangoclassify-12-native-mango-dataset-from-bd/MangoClassify-12/Harivanga/IMG_20250611_130822.jpg,Harivanga,/kaggle/working/small/Harivanga/01811.jpg,6,615,train
/kaggle/input/datasets/researchersajid/mangoclassify-12-native-mango-dataset-from-bd/MangoClassify-12/Harivanga/IMG_20250611_130830.jpg,Harivanga,/kaggle/working/small/Harivanga/01812.jpg,6,649,train
/kaggle/input/datasets/researchersajid/mangoclassify-12-native-mango-dataset-from-bd/MangoClassify-12/Harivanga/IMG_20250611_130845.jpg,Harivanga,/kaggle/working/small/Harivanga/01813.jpg,6,630,train
/kaggle/input/datasets/researchersajid/mangoclassify-12-native-mango-dataset-from-bd/MangoClassify-12/Harivanga/IMG_20250611_130851.jpg,Harivanga,/kaggle/working/small/Harivanga/01814.jpg,6,664,test
/kaggle/input/datasets/researchersajid/mangoclassify-12-native-mango-dataset-from-bd/MangoClassify-12/Harivanga/IMG_20250611_130855.jpg,Harivanga,/kaggle/working/small/Harivanga/01815.jpg,6,630,train
/kaggle/input/datasets/researchersajid/mangoclassify-12-native-mango-dataset-from-bd/MangoClassify-12/Harivanga/IMG_20250611_130908.jpg,Harivanga,/kaggle/working/small/Harivanga/01816.jpg,6,718,train
/kaggle/input/datasets/researchersajid/mangoclassify-12-native-mango-dataset-from-bd/MangoClassify-12/Harivanga/IMG_20250611_130915.jpg,Harivanga,/kaggle/working/small/Harivanga/01817.jpg,6,581,train
/kaggle/input/datasets/researchersajid/mangoclassify-12-native-mango-dataset-from-bd/MangoClassify-12/Harivanga/IMG_20250611_130920.jpg,Harivanga,/kaggle/working/small/Harivanga/01818.jpg,6,700,train
/kaggle/input/datasets/researchersajid/mangoclassify-12-native-mango-dataset-from-bd/MangoClassify-12/Harivanga/IMG_20250611_130928.jpg,Harivanga,/kaggle/working/small/Harivanga/01819.jpg,6,661,train
/kaggle/input/datasets/researchersajid/mangoclassify-12-native-mango-dataset-from-bd/MangoClassify-12/Harivanga/IMG_20250611_130934.jpg,Harivanga,/kaggle/working/small/Harivanga/01820.jpg,6,641,train
/kaggle/input/datasets/researchersajid/mangoclassify-12-native-mango-dataset-from-bd/MangoClassify-12/Harivanga/IMG_20250611_130938.jpg,Harivanga,/kaggle/working/small/Harivanga/01821.jpg,6,641,train
/kaggle/input/datasets/researchersajid/mangoclassify-12-native-mango-dataset-from-bd/MangoClassify-12/Harivanga/IMG_20250611_130943.jpg,Harivanga,/kaggle/working/small/Harivanga/01822.jpg,6,685,train
/kaggle/input/datasets/researchersajid/mangoclassify-12-native-mango-dataset-from-bd/MangoClassify-12/Harivanga/IMG_20250611_130948.jpg,Harivanga,/kaggle/working/small/Harivanga/01823.jpg,6,586,train
/kaggle/input/datasets/researchersajid/mangoclassify-12-native-mango-dataset-from-bd/MangoClassify-12/Harivanga/IMG_20250611_130956.jpg,Harivanga,/kaggle/working/small/Harivanga/01824.jpg,6,661,train
/kaggle/input/datasets/researchersajid/mangoclassify-12-native-mango-dataset-from-bd/MangoClassify-12/Harivanga/IMG_20250611_131002.jpg,Harivanga,/kaggle/working/small/Harivanga/01825.jpg,6,738,val
/kaggle/input/datasets/researchersajid/mangoclassify-12-native-mango-dataset-from-bd/MangoClassify-12/Harivanga/IMG_20250611_131008.jpg,Harivanga,/kaggle/working/small/Harivanga/01826.jpg,6,586,train
/kaggle/input/datasets/researchersajid/mangoclassify-12-native-mango-dataset-from-bd/MangoClassify-12/Harivanga/IMG_20250611_131014.jpg,Harivanga,/kaggle/working/small/Harivanga/01827.jpg,6,693,test
/kaggle/input/datasets/researchersajid/mangoclassify-12-native-mango-dataset-from-bd/MangoClassify-12/Harivanga/IMG_20250611_131019.jpg,Harivanga,/kaggle/working/small/Harivanga/01828.jpg,6,617,train
/kaggle/input/datasets/researchersajid/mangoclassify-12-native-mango-dataset-from-bd/MangoClassify-12/Harivanga/IMG_20250611_131025.jpg,Harivanga,/kaggle/working/small/Harivanga/01829.jpg,6,653,val
/kaggle/input/datasets/researchersajid/mangoclassify-12-native-mango-dataset-from-bd/MangoClassify-12/Harivanga/IMG_20250611_131037.jpg,Harivanga,/kaggle/working/small/Harivanga/01830.jpg,6,668,test
/kaggle/input/datasets/researchersajid/mangoclassify-12-native-mango-dataset-from-bd/MangoClassify-12/Harivanga/IMG_20250611_131041.jpg,Harivanga,/kaggle/working/small/Harivanga/01831.jpg,6,617,train
/kaggle/input/datasets/researchersajid/mangoclassify-12-native-mango-dataset-from-bd/MangoClassify-12/Harivanga/IMG_20250611_131047.jpg,Harivanga,/kaggle/working/small/Harivanga/01832.jpg,6,588,train
/kaggle/input/datasets/researchersajid/mangoclassify-12-native-mango-dataset-from-bd/MangoClassify-12/Harivanga/IMG_20250611_131055.jpg,Harivanga,/kaggle/working/small/Harivanga/01833.jpg,6,586,train
/kaggle/input/datasets/researchersajid/mangoclassify-12-native-mango-dataset-from-bd/MangoClassify-12/Harivanga/IMG_20250611_131059.jpg,Harivanga,/kaggle/working/small/Harivanga/01834.jpg,6,586,train
/kaggle/input/datasets/researchersajid/mangoclassify-12-native-mango-dataset-from-bd/MangoClassify-12/Harivanga/IMG_20250611_131104.jpg,Harivanga,/kaggle/working/small/Harivanga/01835.jpg,6,641,train
/kaggle/input/datasets/researchersajid/mangoclassify-12-native-mango-dataset-from-bd/MangoClassify-12/Harivanga/IMG_20250611_131109.jpg,Harivanga,/kaggle/working/small/Harivanga/01836.jpg,6,588,train
/kaggle/input/datasets/researchersajid/mangoclassify-12-native-mango-dataset-from-bd/MangoClassify-12/Harivanga/IMG_20250611_131114.jpg,Harivanga,/kaggle/working/small/Harivanga/01837.jpg,6,586,train
/kaggle/input/datasets/researchersajid/mangoclassify-12-native-mango-dataset-from-bd/MangoClassify-12/Harivanga/IMG_20250611_131117.jpg,Harivanga,/kaggle/working/small/Harivanga/01838.jpg,6,588,train
/kaggle/input/datasets/researchersajid/mangoclassify-12-native-mango-dataset-from-bd/MangoClassify-12/Harivanga/IMG_20250611_160911.jpg,Harivanga,/kaggle/working/small/Harivanga/01839.jpg,6,621,train
/kaggle/input/datasets/researchersajid/mangoclassify-12-native-mango-dataset-from-bd/MangoClassify-12/Harivanga/IMG_20250611_160918.jpg,Harivanga,/kaggle/working/small/Harivanga/01840.jpg,6,628,val
/kaggle/input/datasets/researchersajid/mangoclassify-12-native-mango-dataset-from-bd/MangoClassify-12/Harivanga/IMG_20250611_160927.jpg,Harivanga,/kaggle/working/small/Harivanga/01841.jpg,6,580,train
/kaggle/input/datasets/researchersajid/mangoclassify-12-native-mango-dataset-from-bd/MangoClassify-12/Harivanga/IMG_20250611_160933.jpg,Harivanga,/kaggle/working/small/Harivanga/01842.jpg,6,642,train
/kaggle/input/datasets/researchersajid/mangoclassify-12-native-mango-dataset-from-bd/MangoClassify-12/Harivanga/IMG_20250611_160941.jpg,Harivanga,/kaggle/working/small/Harivanga/01843.jpg,6,580,train
/kaggle/input/datasets/researchersajid/mangoclassify-12-native-mango-dataset-from-bd/MangoClassify-12/Harivanga/IMG_20250611_160950.jpg,Harivanga,/kaggle/working/small/Harivanga/01844.jpg,6,628,val
/kaggle/input/datasets/researchersajid/mangoclassify-12-native-mango-dataset-from-bd/MangoClassify-12/Harivanga/IMG_20250611_161000.jpg,Harivanga,/kaggle/working/small/Harivanga/01845.jpg,6,580,train
/kaggle/input/datasets/researchersajid/mangoclassify-12-native-mango-dataset-from-bd/MangoClassify-12/Harivanga/IMG_20250611_161049.jpg,Harivanga,/kaggle/working/small/Harivanga/01846.jpg,6,606,test
/kaggle/input/datasets/researchersajid/mangoclassify-12-native-mango-dataset-from-bd/MangoClassify-12/Harivanga/IMG_20250611_161058.jpg,Harivanga,/kaggle/working/small/Harivanga/01847.jpg,6,709,train
/kaggle/input/datasets/researchersajid/mangoclassify-12-native-mango-dataset-from-bd/MangoClassify-12/Harivanga/IMG_20250611_161105.jpg,Harivanga,/kaggle/working/small/Harivanga/01848.jpg,6,745,train
/kaggle/input/datasets/researchersajid/mangoclassify-12-native-mango-dataset-from-bd/MangoClassify-12/Harivanga/IMG_20250611_161119.jpg,Harivanga,/kaggle/working/small/Harivanga/01849.jpg,6,608,train
/kaggle/input/datasets/researchersajid/mangoclassify-12-native-mango-dataset-from-bd/MangoClassify-12/Harivanga/IMG_20250611_161213.jpg,Harivanga,/kaggle/working/small/Harivanga/01850.jpg,6,730,train
/kaggle/input/datasets/researchersajid/mangoclassify-12-native-mango-dataset-from-bd/MangoClassify-12/Harivanga/IMG_20250611_161223.jpg,Harivanga,/kaggle/working/small/Harivanga/01851.jpg,6,707,train
/kaggle/input/datasets/researchersajid/mangoclassify-12-native-mango-dataset-from-bd/MangoClassify-12/Harivanga/IMG_20250611_161229.jpg,Harivanga,/kaggle/working/small/Harivanga/01852.jpg,6,637,train
/kaggle/input/datasets/researchersajid/mangoclassify-12-native-mango-dataset-from-bd/MangoClassify-12/Harivanga/IMG_20250611_161244.jpg,Harivanga,/kaggle/working/small/Harivanga/01853.jpg,6,579,train
/kaggle/input/datasets/researchersajid/mangoclassify-12-native-mango-dataset-from-bd/MangoClassify-12/Harivanga/IMG_20250611_161249.jpg,Harivanga,/kaggle/working/small/Harivanga/01854.jpg,6,598,train
/kaggle/input/datasets/researchersajid/mangoclassify-12-native-mango-dataset-from-bd/MangoClassify-12/Harivanga/IMG_20250611_161327.jpg,Harivanga,/kaggle/working/small/Harivanga/01855.jpg,6,681,train
/kaggle/input/datasets/researchersajid/mangoclassify-12-native-mango-dataset-from-bd/MangoClassify-12/Harivanga/IMG_20250611_161337.jpg,Harivanga,/kaggle/working/small/Harivanga/01856.jpg,6,713,train
/kaggle/input/datasets/researchersajid/mangoclassify-12-native-mango-dataset-from-bd/MangoClassify-12/Harivanga/IMG_20250611_161345.jpg,Harivanga,/kaggle/working/small/Harivanga/01857.jpg,6,699,train
/kaggle/input/datasets/researchersajid/mangoclassify-12-native-mango-dataset-from-bd/MangoClassify-12/Harivanga/IMG_20250611_161353.jpg,Harivanga,/kaggle/working/small/Harivanga/01858.jpg,6,704,val
/kaggle/input/datasets/researchersajid/mangoclassify-12-native-mango-dataset-from-bd/MangoClassify-12/Harivanga/IMG_20250611_161401.jpg,Harivanga,/kaggle/working/small/Harivanga/01859.jpg,6,705,train
/kaggle/input/datasets/researchersajid/mangoclassify-12-native-mango-dataset-from-bd/MangoClassify-12/Harivanga/IMG_20250611_161421.jpg,Harivanga,/kaggle/working/small/Harivanga/01860.jpg,6,621,train
/kaggle/input/datasets/researchersajid/mangoclassify-12-native-mango-dataset-from-bd/MangoClassify-12/Harivanga/IMG_20250611_161513.jpg,Harivanga,/kaggle/working/small/Harivanga/01861.jpg,6,612,train
/kaggle/input/datasets/researchersajid/mangoclassify-12-native-mango-dataset-from-bd/MangoClassify-12/Harivanga/IMG_20250611_161526.jpg,Harivanga,/kaggle/working/small/Harivanga/01862.jpg,6,613,train
/kaggle/input/datasets/researchersajid/mangoclassify-12-native-mango-dataset-from-bd/MangoClassify-12/Harivanga/IMG_20250611_161538.jpg,Harivanga,/kaggle/working/small/Harivanga/01863.jpg,6,679,val
/kaggle/input/datasets/researchersajid/mangoclassify-12-native-mango-dataset-from-bd/MangoClassify-12/Harivanga/IMG_20250611_161547.jpg,Harivanga,/kaggle/working/small/Harivanga/01864.jpg,6,713,train
/kaggle/input/datasets/researchersajid/mangoclassify-12-native-mango-dataset-from-bd/MangoClassify-12/Harivanga/IMG_20250611_161600.jpg,Harivanga,/kaggle/working/small/Harivanga/01865.jpg,6,577,train
/kaggle/input/datasets/researchersajid/mangoclassify-12-native-mango-dataset-from-bd/MangoClassify-12/Harivanga/IMG_20250611_161608.jpg,Harivanga,/kaggle/working/small/Harivanga/01866.jpg,6,613,train
/kaggle/input/datasets/researchersajid/mangoclassify-12-native-mango-dataset-from-bd/MangoClassify-12/Harivanga/IMG_20250611_161641.jpg,Harivanga,/kaggle/working/small/Harivanga/01867.jpg,6,622,test
/kaggle/input/datasets/researchersajid/mangoclassify-12-native-mango-dataset-from-bd/MangoClassify-12/Harivanga/IMG_20250611_161649.jpg,Harivanga,/kaggle/working/small/Harivanga/01868.jpg,6,574,train
/kaggle/input/datasets/researchersajid/mangoclassify-12-native-mango-dataset-from-bd/MangoClassify-12/Harivanga/IMG_20250611_161658.jpg,Harivanga,/kaggle/working/small/Harivanga/01869.jpg,6,580,train
/kaggle/input/datasets/researchersajid/mangoclassify-12-native-mango-dataset-from-bd/MangoClassify-12/Harivanga/IMG_20250611_161705.jpg,Harivanga,/kaggle/working/small/Harivanga/01870.jpg,6,654,train
/kaggle/input/datasets/researchersajid/mangoclassify-12-native-mango-dataset-from-bd/MangoClassify-12/Harivanga/IMG_20250611_161711.jpg,Harivanga,/kaggle/working/small/Harivanga/01871.jpg,6,622,test
/kaggle/input/datasets/researchersajid/mangoclassify-12-native-mango-dataset-from-bd/MangoClassify-12/Harivanga/IMG_20250611_161716.jpg,Harivanga,/kaggle/working/small/Harivanga/01872.jpg,6,572,val
/kaggle/input/datasets/researchersajid/mangoclassify-12-native-mango-dataset-from-bd/MangoClassify-12/Harivanga/IMG_20250611_161752.jpg,Harivanga,/kaggle/working/small/Harivanga/01873.jpg,6,652,train
/kaggle/input/datasets/researchersajid/mangoclassify-12-native-mango-dataset-from-bd/MangoClassify-12/Harivanga/IMG_20250611_161759.jpg,Harivanga,/kaggle/working/small/Harivanga/01874.jpg,6,576,val
/kaggle/input/datasets/researchersajid/mangoclassify-12-native-mango-dataset-from-bd/MangoClassify-12/Harivanga/IMG_20250611_161804.jpg,Harivanga,/kaggle/working/small/Harivanga/01875.jpg,6,670,train
/kaggle/input/datasets/researchersajid/mangoclassify-12-native-mango-dataset-from-bd/MangoClassify-12/Harivanga/IMG_20250611_161816.jpg,Harivanga,/kaggle/working/small/Harivanga/01876.jpg,6,576,val
/kaggle/input/datasets/researchersajid/mangoclassify-12-native-mango-dataset-from-bd/MangoClassify-12/Harivanga/IMG_20250611_161821.jpg,Harivanga,/kaggle/working/small/Harivanga/01877.jpg,6,631,train
/kaggle/input/datasets/researchersajid/mangoclassify-12-native-mango-dataset-from-bd/MangoClassify-12/Harivanga/IMG_20250611_161936.jpg,Harivanga,/kaggle/working/small/Harivanga/01878.jpg,6,601,train
/kaggle/input/datasets/researchersajid/mangoclassify-12-native-mango-dataset-from-bd/MangoClassify-12/Harivanga/IMG_20250611_161941.jpg,Harivanga,/kaggle/working/small/Harivanga/01879.jpg,6,648,train
/kaggle/input/datasets/researchersajid/mangoclassify-12-native-mango-dataset-from-bd/MangoClassify-12/Harivanga/IMG_20250611_161945.jpg,Harivanga,/kaggle/working/small/Harivanga/01880.jpg,6,611,train
/kaggle/input/datasets/researchersajid/mangoclassify-12-native-mango-dataset-from-bd/MangoClassify-12/Harivanga/IMG_20250611_161950.jpg,Harivanga,/kaggle/working/small/Harivanga/01881.jpg,6,698,train
/kaggle/input/datasets/researchersajid/mangoclassify-12-native-mango-dataset-from-bd/MangoClassify-12/Harivanga/IMG_20250611_161954.jpg,Harivanga,/kaggle/working/small/Harivanga/01882.jpg,6,574,train
/kaggle/input/datasets/researchersajid/mangoclassify-12-native-mango-dataset-from-bd/MangoClassify-12/Harivanga/IMG_20250611_161959.jpg,Harivanga,/kaggle/working/small/Harivanga/01883.jpg,6,574,train
/kaggle/input/datasets/researchersajid/mangoclassify-12-native-mango-dataset-from-bd/MangoClassify-12/Harivanga/IMG_20250611_162000.jpg,Harivanga,/kaggle/working/small/Harivanga/01884.jpg,6,574,train
/kaggle/input/datasets/researchersajid/mangoclassify-12-native-mango-dataset-from-bd/MangoClassify-12/Harivanga/IMG_20250611_162004.jpg,Harivanga,/kaggle/working/small/Harivanga/01885.jpg,6,648,train
/kaggle/input/datasets/researchersajid/mangoclassify-12-native-mango-dataset-from-bd/MangoClassify-12/Harivanga/IMG_20250611_162056.jpg,Harivanga,/kaggle/working/small/Harivanga/01886.jpg,6,603,train
/kaggle/input/datasets/researchersajid/mangoclassify-12-native-mango-dataset-from-bd/MangoClassify-12/Harivanga/IMG_20250611_162102.jpg,Harivanga,/kaggle/working/small/Harivanga/01887.jpg,6,634,train
/kaggle/input/datasets/researchersajid/mangoclassify-12-native-mango-dataset-from-bd/MangoClassify-12/Harivanga/IMG_20250611_162109.jpg,Harivanga,/kaggle/working/small/Harivanga/01888.jpg,6,600,train
/kaggle/input/datasets/researchersajid/mangoclassify-12-native-mango-dataset-from-bd/MangoClassify-12/Harivanga/IMG_20250611_162113.jpg,Harivanga,/kaggle/working/small/Harivanga/01889.jpg,6,727,train
/kaggle/input/datasets/researchersajid/mangoclassify-12-native-mango-dataset-from-bd/MangoClassify-12/Harivanga/IMG_20250611_162118.jpg,Harivanga,/kaggle/working/small/Harivanga/01890.jpg,6,727,train
/kaggle/input/datasets/researchersajid/mangoclassify-12-native-mango-dataset-from-bd/MangoClassify-12/Harivanga/IMG_20250611_162155.jpg,Harivanga,/kaggle/working/small/Harivanga/01891.jpg,6,625,train
/kaggle/input/datasets/researchersajid/mangoclassify-12-native-mango-dataset-from-bd/MangoClassify-12/Harivanga/IMG_20250611_162203.jpg,Harivanga,/kaggle/working/small/Harivanga/01892.jpg,6,638,train
/kaggle/input/datasets/researchersajid/mangoclassify-12-native-mango-dataset-from-bd/MangoClassify-12/Harivanga/IMG_20250611_162207.jpg,Harivanga,/kaggle/working/small/Harivanga/01893.jpg,6,625,train
/kaggle/input/datasets/researchersajid/mangoclassify-12-native-mango-dataset-from-bd/MangoClassify-12/Harivanga/IMG_20250611_162211.jpg,Harivanga,/kaggle/working/small/Harivanga/01894.jpg,6,625,train
/kaggle/input/datasets/researchersajid/mangoclassify-12-native-mango-dataset-from-bd/MangoClassify-12/Harivanga/IMG_20250611_162216.jpg,Harivanga,/kaggle/working/small/Harivanga/01895.jpg,6,625,train
/kaggle/input/datasets/researchersajid/mangoclassify-12-native-mango-dataset-from-bd/MangoClassify-12/Harivanga/IMG_20250611_162220.jpg,Harivanga,/kaggle/working/small/Harivanga/01896.jpg,6,638,train
/kaggle/input/datasets/researchersajid/mangoclassify-12-native-mango-dataset-from-bd/MangoClassify-12/Harivanga/IMG_20250611_162711.jpg,Harivanga,/kaggle/working/small/Harivanga/01897.jpg,6,662,train
/kaggle/input/datasets/researchersajid/mangoclassify-12-native-mango-dataset-from-bd/MangoClassify-12/Harivanga/IMG_20250611_162715.jpg,Harivanga,/kaggle/working/small/Harivanga/01898.jpg,6,707,train
/kaggle/input/datasets/researchersajid/mangoclassify-12-native-mango-dataset-from-bd/MangoClassify-12/Harivanga/IMG_20250611_162719.jpg,Harivanga,/kaggle/working/small/Harivanga/01899.jpg,6,729,train
/kaggle/input/datasets/researchersajid/mangoclassify-12-native-mango-dataset-from-bd/MangoClassify-12/Harivanga/IMG_20250611_162724.jpg,Harivanga,/kaggle/working/small/Harivanga/01900.jpg,6,691,test
/kaggle/input/datasets/researchersajid/mangoclassify-12-native-mango-dataset-from-bd/MangoClassify-12/Harivanga/IMG_20250611_162731.jpg,Harivanga,/kaggle/working/small/Harivanga/01901.jpg,6,733,train
/kaggle/input/datasets/researchersajid/mangoclassify-12-native-mango-dataset-from-bd/MangoClassify-12/Harivanga/IMG_20250611_162808.jpg,Harivanga,/kaggle/working/small/Harivanga/01902.jpg,6,719,train
/kaggle/input/datasets/researchersajid/mangoclassify-12-native-mango-dataset-from-bd/MangoClassify-12/Harivanga/IMG_20250611_162814.jpg,Harivanga,/kaggle/working/small/Harivanga/01903.jpg,6,709,train
/kaggle/input/datasets/researchersajid/mangoclassify-12-native-mango-dataset-from-bd/MangoClassify-12/Harivanga/IMG_20250611_162821.jpg,Harivanga,/kaggle/working/small/Harivanga/01904.jpg,6,732,train
/kaggle/input/datasets/researchersajid/mangoclassify-12-native-mango-dataset-from-bd/MangoClassify-12/Harivanga/IMG_20250611_162826.jpg,Harivanga,/kaggle/working/small/Harivanga/01905.jpg,6,643,train
/kaggle/input/datasets/researchersajid/mangoclassify-12-native-mango-dataset-from-bd/MangoClassify-12/Harivanga/IMG_20250611_162833.jpg,Harivanga,/kaggle/working/small/Harivanga/01906.jpg,6,665,train
/kaggle/input/datasets/researchersajid/mangoclassify-12-native-mango-dataset-from-bd/MangoClassify-12/Harivanga/IMG_20250611_162837.jpg,Harivanga,/kaggle/working/small/Harivanga/01907.jpg,6,675,train
/kaggle/input/datasets/researchersajid/mangoclassify-12-native-mango-dataset-from-bd/MangoClassify-12/Harivanga/IMG_20250611_164102.jpg,Harivanga,/kaggle/working/small/Harivanga/01908.jpg,6,623,train
/kaggle/input/datasets/researchersajid/mangoclassify-12-native-mango-dataset-from-bd/MangoClassify-12/Harivanga/IMG_20250613_135019.jpg,Harivanga,/kaggle/working/small/Harivanga/01909.jpg,6,655,train
/kaggle/input/datasets/researchersajid/mangoclassify-12-native-mango-dataset-from-bd/MangoClassify-12/Harivanga/IMG_20250613_135103.jpg,Harivanga,/kaggle/working/small/Harivanga/01910.jpg,6,652,train
/kaggle/input/datasets/researchersajid/mangoclassify-12-native-mango-dataset-from-bd/MangoClassify-12/Harivanga/IMG_20250613_135110.jpg,Harivanga,/kaggle/working/small/Harivanga/01911.jpg,6,637,train
/kaggle/input/datasets/researchersajid/mangoclassify-12-native-mango-dataset-from-bd/MangoClassify-12/Harivanga/IMG_20250613_135118.jpg,Harivanga,/kaggle/working/small/Harivanga/01912.jpg,6,637,train
/kaggle/input/datasets/researchersajid/mangoclassify-12-native-mango-dataset-from-bd/MangoClassify-12/Harivanga/IMG_20250613_135124.jpg,Harivanga,/kaggle/working/small/Harivanga/01913.jpg,6,592,val
/kaggle/input/datasets/researchersajid/mangoclassify-12-native-mango-dataset-from-bd/MangoClassify-12/Harivanga/IMG_20250613_135134.jpg,Harivanga,/kaggle/working/small/Harivanga/01914.jpg,6,574,train
/kaggle/input/datasets/researchersajid/mangoclassify-12-native-mango-dataset-from-bd/MangoClassify-12/Harivanga/IMG_20250613_135138.jpg,Harivanga,/kaggle/working/small/Harivanga/01915.jpg,6,655,train
/kaggle/input/datasets/researchersajid/mangoclassify-12-native-mango-dataset-from-bd/MangoClassify-12/Harivanga/IMG_20250613_135143.jpg,Harivanga,/kaggle/working/small/Harivanga/01916.jpg,6,595,train
/kaggle/input/datasets/researchersajid/mangoclassify-12-native-mango-dataset-from-bd/MangoClassify-12/Harivanga/IMG_20250613_135240.jpg,Harivanga,/kaggle/working/small/Harivanga/01917.jpg,6,624,train
/kaggle/input/datasets/researchersajid/mangoclassify-12-native-mango-dataset-from-bd/MangoClassify-12/Harivanga/IMG_20250613_135647.jpg,Harivanga,/kaggle/working/small/Harivanga/01918.jpg,6,624,train
/kaggle/input/datasets/researchersajid/mangoclassify-12-native-mango-dataset-from-bd/MangoClassify-12/Harivanga/IMG_20250613_135658.jpg,Harivanga,/kaggle/working/small/Harivanga/01919.jpg,6,725,train
/kaggle/input/datasets/researchersajid/mangoclassify-12-native-mango-dataset-from-bd/MangoClassify-12/Harivanga/IMG_20250613_135703.jpg,Harivanga,/kaggle/working/small/Harivanga/01920.jpg,6,602,val
/kaggle/input/datasets/researchersajid/mangoclassify-12-native-mango-dataset-from-bd/MangoClassify-12/Harivanga/IMG_20250613_135711.jpg,Harivanga,/kaggle/working/small/Harivanga/01921.jpg,6,639,train
/kaggle/input/datasets/researchersajid/mangoclassify-12-native-mango-dataset-from-bd/MangoClassify-12/Harivanga/IMG_20250613_135719.jpg,Harivanga,/kaggle/working/small/Harivanga/01922.jpg,6,686,train
/kaggle/input/datasets/researchersajid/mangoclassify-12-native-mango-dataset-from-bd/MangoClassify-12/Harivanga/IMG_20250613_135724.jpg,Harivanga,/kaggle/working/small/Harivanga/01923.jpg,6,592,val
/kaggle/input/datasets/researchersajid/mangoclassify-12-native-mango-dataset-from-bd/MangoClassify-12/Harivanga/IMG_20250613_135729.jpg,Harivanga,/kaggle/working/small/Harivanga/01924.jpg,6,672,train
/kaggle/input/datasets/researchersajid/mangoclassify-12-native-mango-dataset-from-bd/MangoClassify-12/Harivanga/IMG_20250613_135741.jpg,Harivanga,/kaggle/working/small/Harivanga/01925.jpg,6,672,train
/kaggle/input/datasets/researchersajid/mangoclassify-12-native-mango-dataset-from-bd/MangoClassify-12/Harivanga/IMG_20250613_135746.jpg,Harivanga,/kaggle/working/small/Harivanga/01926.jpg,6,672,train
/kaggle/input/datasets/researchersajid/mangoclassify-12-native-mango-dataset-from-bd/MangoClassify-12/Harivanga/IMG_20250613_135753.jpg,Harivanga,/kaggle/working/small/Harivanga/01927.jpg,6,657,train
/kaggle/input/datasets/researchersajid/mangoclassify-12-native-mango-dataset-from-bd/MangoClassify-12/Harivanga/IMG_20250613_140009.jpg,Harivanga,/kaggle/working/small/Harivanga/01928.jpg,6,595,train
/kaggle/input/datasets/researchersajid/mangoclassify-12-native-mango-dataset-from-bd/MangoClassify-12/Harivanga/IMG_20250613_140013.jpg,Harivanga,/kaggle/working/small/Harivanga/01929.jpg,6,592,val
/kaggle/input/datasets/researchersajid/mangoclassify-12-native-mango-dataset-from-bd/MangoClassify-12/Harivanga/IMG_20250613_140017.jpg,Harivanga,/kaggle/working/small/Harivanga/01930.jpg,6,592,val
/kaggle/input/datasets/researchersajid/mangoclassify-12-native-mango-dataset-from-bd/MangoClassify-12/Harivanga/IMG_20250613_140022.jpg,Harivanga,/kaggle/working/small/Harivanga/01931.jpg,6,592,val
/kaggle/input/datasets/researchersajid/mangoclassify-12-native-mango-dataset-from-bd/MangoClassify-12/Harivanga/IMG_20250613_140027.jpg,Harivanga,/kaggle/working/small/Harivanga/01932.jpg,6,595,train
/kaggle/input/datasets/researchersajid/mangoclassify-12-native-mango-dataset-from-bd/MangoClassify-12/Harivanga/IMG_20250613_140031.jpg,Harivanga,/kaggle/working/small/Harivanga/01933.jpg,6,612,train
/kaggle/input/datasets/researchersajid/mangoclassify-12-native-mango-dataset-from-bd/MangoClassify-12/Harivanga/IMG_20250613_140048.jpg,Harivanga,/kaggle/working/small/Harivanga/01934.jpg,6,723,train
/kaggle/input/datasets/researchersajid/mangoclassify-12-native-mango-dataset-from-bd/MangoClassify-12/Harivanga/IMG_20250613_140056.jpg,Harivanga,/kaggle/working/small/Harivanga/01935.jpg,6,678,train
/kaggle/input/datasets/researchersajid/mangoclassify-12-native-mango-dataset-from-bd/MangoClassify-12/Harivanga/IMG_20250613_140103.jpg,Harivanga,/kaggle/working/small/Harivanga/01936.jpg,6,660,val
/kaggle/input/datasets/researchersajid/mangoclassify-12-native-mango-dataset-from-bd/MangoClassify-12/Harivanga/IMG_20250613_140114.jpg,Harivanga,/kaggle/working/small/Harivanga/01937.jpg,6,650,train
/kaggle/input/datasets/researchersajid/mangoclassify-12-native-mango-dataset-from-bd/MangoClassify-12/Harivanga/IMG_20250613_140130.jpg,Harivanga,/kaggle/working/small/Harivanga/01938.jpg,6,592,val
/kaggle/input/datasets/researchersajid/mangoclassify-12-native-mango-dataset-from-bd/MangoClassify-12/Harivanga/IMG_20250613_140335.jpg,Harivanga,/kaggle/working/small/Harivanga/01939.jpg,6,571,test
/kaggle/input/datasets/researchersajid/mangoclassify-12-native-mango-dataset-from-bd/MangoClassify-12/Harivanga/IMG_20250613_140342.jpg,Harivanga,/kaggle/working/small/Harivanga/01940.jpg,6,571,test
/kaggle/input/datasets/researchersajid/mangoclassify-12-native-mango-dataset-from-bd/MangoClassify-12/Harivanga/IMG_20250613_140348.jpg,Harivanga,/kaggle/working/small/Harivanga/01941.jpg,6,571,test
/kaggle/input/datasets/researchersajid/mangoclassify-12-native-mango-dataset-from-bd/MangoClassify-12/Harivanga/IMG_20250613_140352.jpg,Harivanga,/kaggle/working/small/Harivanga/01942.jpg,6,595,train
/kaggle/input/datasets/researchersajid/mangoclassify-12-native-mango-dataset-from-bd/MangoClassify-12/Harivanga/IMG_20250613_140401.jpg,Harivanga,/kaggle/working/small/Harivanga/01943.jpg,6,612,train
/kaggle/input/datasets/researchersajid/mangoclassify-12-native-mango-dataset-from-bd/MangoClassify-12/Harivanga/IMG_20250613_140412.jpg,Harivanga,/kaggle/working/small/Harivanga/01944.jpg,6,595,train
/kaggle/input/datasets/researchersajid/mangoclassify-12-native-mango-dataset-from-bd/MangoClassify-12/Harivanga/IMG_20250613_140418.jpg,Harivanga,/kaggle/working/small/Harivanga/01945.jpg,6,608,train
/kaggle/input/datasets/researchersajid/mangoclassify-12-native-mango-dataset-from-bd/MangoClassify-12/Harivanga/IMG_20250613_140425.jpg,Harivanga,/kaggle/working/small/Harivanga/01946.jpg,6,595,train
/kaggle/input/datasets/researchersajid/mangoclassify-12-native-mango-dataset-from-bd/MangoClassify-12/Harivanga/IMG_20250613_140434.jpg,Harivanga,/kaggle/working/small/Harivanga/01947.jpg,6,592,val
/kaggle/input/datasets/researchersajid/mangoclassify-12-native-mango-dataset-from-bd/MangoClassify-12/Harivanga/IMG_20250613_140439.jpg,Harivanga,/kaggle/working/small/Harivanga/01948.jpg,6,592,val
/kaggle/input/datasets/researchersajid/mangoclassify-12-native-mango-dataset-from-bd/MangoClassify-12/Harivanga/IMG_20250613_140445.jpg,Harivanga,/kaggle/working/small/Harivanga/01949.jpg,6,580,train
/kaggle/input/datasets/researchersajid/mangoclassify-12-native-mango-dataset-from-bd/MangoClassify-12/Harivanga/IMG_20250613_140449.jpg,Harivanga,/kaggle/working/small/Harivanga/01950.jpg,6,595,train
/kaggle/input/datasets/researchersajid/mangoclassify-12-native-mango-dataset-from-bd/MangoClassify-12/Harivanga/IMG_20250613_140658.jpg,Harivanga,/kaggle/working/small/Harivanga/01951.jpg,6,683,train
/kaggle/input/datasets/researchersajid/mangoclassify-12-native-mango-dataset-from-bd/MangoClassify-12/Harivanga/IMG_20250613_140702.jpg,Harivanga,/kaggle/working/small/Harivanga/01952.jpg,6,703,test
/kaggle/input/datasets/researchersajid/mangoclassify-12-native-mango-dataset-from-bd/MangoClassify-12/Harivanga/IMG_20250613_140707.jpg,Harivanga,/kaggle/working/small/Harivanga/01953.jpg,6,595,train
/kaggle/input/datasets/researchersajid/mangoclassify-12-native-mango-dataset-from-bd/MangoClassify-12/Harivanga/IMG_20250613_140711.jpg,Harivanga,/kaggle/working/small/Harivanga/01954.jpg,6,578,train
/kaggle/input/datasets/researchersajid/mangoclassify-12-native-mango-dataset-from-bd/MangoClassify-12/Harivanga/IMG_20250613_140719.jpg,Harivanga,/kaggle/working/small/Harivanga/01955.jpg,6,578,train
/kaggle/input/datasets/researchersajid/mangoclassify-12-native-mango-dataset-from-bd/MangoClassify-12/Harivanga/IMG_20250613_140727.jpg,Harivanga,/kaggle/working/small/Harivanga/01956.jpg,6,597,train
/kaggle/input/datasets/researchersajid/mangoclassify-12-native-mango-dataset-from-bd/MangoClassify-12/Harivanga/IMG_20250613_140734.jpg,Harivanga,/kaggle/working/small/Harivanga/01957.jpg,6,748,train
/kaggle/input/datasets/researchersajid/mangoclassify-12-native-mango-dataset-from-bd/MangoClassify-12/Harivanga/IMG_20250613_140740.jpg,Harivanga,/kaggle/working/small/Harivanga/01958.jpg,6,612,train
/kaggle/input/datasets/researchersajid/mangoclassify-12-native-mango-dataset-from-bd/MangoClassify-12/Harivanga/IMG_20250613_140745.jpg,Harivanga,/kaggle/working/small/Harivanga/01959.jpg,6,612,train
/kaggle/input/datasets/researchersajid/mangoclassify-12-native-mango-dataset-from-bd/MangoClassify-12/Harivanga/IMG_20250613_140750.jpg,Harivanga,/kaggle/working/small/Harivanga/01960.jpg,6,612,train
/kaggle/input/datasets/researchersajid/mangoclassify-12-native-mango-dataset-from-bd/MangoClassify-12/Harivanga/IMG_20250613_140756.jpg,Harivanga,/kaggle/working/small/Harivanga/01961.jpg,6,748,train
/kaggle/input/datasets/researchersajid/mangoclassify-12-native-mango-dataset-from-bd/MangoClassify-12/Harivanga/IMG_20250616_141016.jpg,Harivanga,/kaggle/working/small/Harivanga/01962.jpg,6,645,val
/kaggle/input/datasets/researchersajid/mangoclassify-12-native-mango-dataset-from-bd/MangoClassify-12/Harivanga/IMG_20250616_141022.jpg,Harivanga,/kaggle/working/small/Harivanga/01963.jpg,6,645,val
/kaggle/input/datasets/researchersajid/mangoclassify-12-native-mango-dataset-from-bd/MangoClassify-12/Harivanga/IMG_20250616_141028.jpg,Harivanga,/kaggle/working/small/Harivanga/01964.jpg,6,645,val
/kaggle/input/datasets/researchersajid/mangoclassify-12-native-mango-dataset-from-bd/MangoClassify-12/Harivanga/IMG_20250616_141052.jpg,Harivanga,/kaggle/working/small/Harivanga/01965.jpg,6,645,val
/kaggle/input/datasets/researchersajid/mangoclassify-12-native-mango-dataset-from-bd/MangoClassify-12/Harivanga/IMG_20250616_141105.jpg,Harivanga,/kaggle/working/small/Harivanga/01966.jpg,6,591,train
/kaggle/input/datasets/researchersajid/mangoclassify-12-native-mango-dataset-from-bd/MangoClassify-12/Harivanga/IMG_20250616_141120.jpg,Harivanga,/kaggle/working/small/Harivanga/01967.jpg,6,651,train
/kaggle/input/datasets/researchersajid/mangoclassify-12-native-mango-dataset-from-bd/MangoClassify-12/Harivanga/IMG_20250616_141129.jpg,Harivanga,/kaggle/working/small/Harivanga/01968.jpg,6,591,train
/kaggle/input/datasets/researchersajid/mangoclassify-12-native-mango-dataset-from-bd/MangoClassify-12/Harivanga/IMG_20250616_141145.jpg,Harivanga,/kaggle/working/small/Harivanga/01969.jpg,6,580,train
/kaggle/input/datasets/researchersajid/mangoclassify-12-native-mango-dataset-from-bd/MangoClassify-12/Harivanga/IMG_20250616_141152.jpg,Harivanga,/kaggle/working/small/Harivanga/01970.jpg,6,643,train
/kaggle/input/datasets/researchersajid/mangoclassify-12-native-mango-dataset-from-bd/MangoClassify-12/Harivanga/IMG_20250616_141156.jpg,Harivanga,/kaggle/working/small/Harivanga/01971.jpg,6,580,train
/kaggle/input/datasets/researchersajid/mangoclassify-12-native-mango-dataset-from-bd/MangoClassify-12/Harivanga/IMG_20250616_141202.jpg,Harivanga,/kaggle/working/small/Harivanga/01972.jpg,6,587,train
/kaggle/input/datasets/researchersajid/mangoclassify-12-native-mango-dataset-from-bd/MangoClassify-12/Harivanga/IMG_20250616_141236.jpg,Harivanga,/kaggle/working/small/Harivanga/01973.jpg,6,594,train
/kaggle/input/datasets/researchersajid/mangoclassify-12-native-mango-dataset-from-bd/MangoClassify-12/Harivanga/IMG_20250616_141753.jpg,Harivanga,/kaggle/working/small/Harivanga/01974.jpg,6,643,train
/kaggle/input/datasets/researchersajid/mangoclassify-12-native-mango-dataset-from-bd/MangoClassify-12/Harivanga/IMG_20250616_141800.jpg,Harivanga,/kaggle/working/small/Harivanga/01975.jpg,6,643,train
/kaggle/input/datasets/researchersajid/mangoclassify-12-native-mango-dataset-from-bd/MangoClassify-12/Harivanga/IMG_20250616_141806.jpg,Harivanga,/kaggle/working/small/Harivanga/01976.jpg,6,643,train
/kaggle/input/datasets/researchersajid/mangoclassify-12-native-mango-dataset-from-bd/MangoClassify-12/Harivanga/IMG_20250616_141810.jpg,Harivanga,/kaggle/working/small/Harivanga/01977.jpg,6,643,train
/kaggle/input/datasets/researchersajid/mangoclassify-12-native-mango-dataset-from-bd/MangoClassify-12/Harivanga/IMG_20250616_141818.jpg,Harivanga,/kaggle/working/small/Harivanga/01978.jpg,6,643,train
/kaggle/input/datasets/researchersajid/mangoclassify-12-native-mango-dataset-from-bd/MangoClassify-12/Harivanga/IMG_20250616_141827.jpg,Harivanga,/kaggle/working/small/Harivanga/01979.jpg,6,609,train
/kaggle/input/datasets/researchersajid/mangoclassify-12-native-mango-dataset-from-bd/MangoClassify-12/Harivanga/IMG_20250616_141831.jpg,Harivanga,/kaggle/working/small/Harivanga/01980.jpg,6,609,train
/kaggle/input/datasets/researchersajid/mangoclassify-12-native-mango-dataset-from-bd/MangoClassify-12/Harivanga/IMG_20250616_141841.jpg,Harivanga,/kaggle/working/small/Harivanga/01981.jpg,6,609,train
/kaggle/input/datasets/researchersajid/mangoclassify-12-native-mango-dataset-from-bd/MangoClassify-12/Harivanga/IMG_20250616_141847.jpg,Harivanga,/kaggle/working/small/Harivanga/01982.jpg,6,609,train
/kaggle/input/datasets/researchersajid/mangoclassify-12-native-mango-dataset-from-bd/MangoClassify-12/Harivanga/IMG_20250616_141852.jpg,Harivanga,/kaggle/working/small/Harivanga/01983.jpg,6,609,train
/kaggle/input/datasets/researchersajid/mangoclassify-12-native-mango-dataset-from-bd/MangoClassify-12/Harivanga/IMG_20250616_141911.jpg,Harivanga,/kaggle/working/small/Harivanga/01984.jpg,6,643,train
/kaggle/input/datasets/researchersajid/mangoclassify-12-native-mango-dataset-from-bd/MangoClassify-12/Harivanga/IMG_20250616_141916.jpg,Harivanga,/kaggle/working/small/Harivanga/01985.jpg,6,643,train
/kaggle/input/datasets/researchersajid/mangoclassify-12-native-mango-dataset-from-bd/MangoClassify-12/Harivanga/IMG_20250616_141921.jpg,Harivanga,/kaggle/working/small/Harivanga/01986.jpg,6,609,train
/kaggle/input/datasets/researchersajid/mangoclassify-12-native-mango-dataset-from-bd/MangoClassify-12/Harivanga/IMG_20250616_141926.jpg,Harivanga,/kaggle/working/small/Harivanga/01987.jpg,6,609,train
/kaggle/input/datasets/researchersajid/mangoclassify-12-native-mango-dataset-from-bd/MangoClassify-12/Harivanga/IMG_20250616_141931.jpg,Harivanga,/kaggle/working/small/Harivanga/01988.jpg,6,643,train
/kaggle/input/datasets/researchersajid/mangoclassify-12-native-mango-dataset-from-bd/MangoClassify-12/Harivanga/IMG_20250616_142018.jpg,Harivanga,/kaggle/working/small/Harivanga/01989.jpg,6,573,test
/kaggle/input/datasets/researchersajid/mangoclassify-12-native-mango-dataset-from-bd/MangoClassify-12/Harivanga/IMG_20250616_142025.jpg,Harivanga,/kaggle/working/small/Harivanga/01990.jpg,6,609,train
/kaggle/input/datasets/researchersajid/mangoclassify-12-native-mango-dataset-from-bd/MangoClassify-12/Harivanga/IMG_20250616_142032.jpg,Harivanga,/kaggle/working/small/Harivanga/01991.jpg,6,609,train
/kaggle/input/datasets/researchersajid/mangoclassify-12-native-mango-dataset-from-bd/MangoClassify-12/Harivanga/IMG_20250616_142037.jpg,Harivanga,/kaggle/working/small/Harivanga/01992.jpg,6,573,test
/kaggle/input/datasets/researchersajid/mangoclassify-12-native-mango-dataset-from-bd/MangoClassify-12/Harivanga/IMG_20250616_142045.jpg,Harivanga,/kaggle/working/small/Harivanga/01993.jpg,6,573,test
/kaggle/input/datasets/researchersajid/mangoclassify-12-native-mango-dataset-from-bd/MangoClassify-12/Harivanga/IMG_20250616_142105.jpg,Harivanga,/kaggle/working/small/Harivanga/01994.jpg,6,591,train
/kaggle/input/datasets/researchersajid/mangoclassify-12-native-mango-dataset-from-bd/MangoClassify-12/Harivanga/IMG_20250616_142110.jpg,Harivanga,/kaggle/working/small/Harivanga/01995.jpg,6,591,train
/kaggle/input/datasets/researchersajid/mangoclassify-12-native-mango-dataset-from-bd/MangoClassify-12/Harivanga/IMG_20250616_142116.jpg,Harivanga,/kaggle/working/small/Harivanga/01996.jpg,6,580,train
/kaggle/input/datasets/researchersajid/mangoclassify-12-native-mango-dataset-from-bd/MangoClassify-12/Harivanga/IMG_20250616_142121.jpg,Harivanga,/kaggle/working/small/Harivanga/01997.jpg,6,591,train
/kaggle/input/datasets/researchersajid/mangoclassify-12-native-mango-dataset-from-bd/MangoClassify-12/Harivanga/IMG_20250616_142154.jpg,Harivanga,/kaggle/working/small/Harivanga/01998.jpg,6,580,train
/kaggle/input/datasets/researchersajid/mangoclassify-12-native-mango-dataset-from-bd/MangoClassify-12/Harivanga/IMG_20250616_142158.jpg,Harivanga,/kaggle/working/small/Harivanga/01999.jpg,6,573,test
/kaggle/input/datasets/researchersajid/mangoclassify-12-native-mango-dataset-from-bd/MangoClassify-12/Harivanga/IMG_20250616_142204.jpg,Harivanga,/kaggle/working/small/Harivanga/02000.jpg,6,573,test
/kaggle/input/datasets/researchersajid/mangoclassify-12-native-mango-dataset-from-bd/MangoClassify-12/Harivanga/IMG_20250616_142209.jpg,Harivanga,/kaggle/working/small/Harivanga/02001.jpg,6,644,train
/kaggle/input/datasets/researchersajid/mangoclassify-12-native-mango-dataset-from-bd/MangoClassify-12/Harivanga/IMG_20250616_142214.jpg,Harivanga,/kaggle/working/small/Harivanga/02002.jpg,6,644,train
/kaggle/input/datasets/researchersajid/mangoclassify-12-native-mango-dataset-from-bd/MangoClassify-12/Harivanga/IMG_20250616_142240.jpg,Harivanga,/kaggle/working/small/Harivanga/02003.jpg,6,591,train
/kaggle/input/datasets/researchersajid/mangoclassify-12-native-mango-dataset-from-bd/MangoClassify-12/Harivanga/IMG_20250616_142246.jpg,Harivanga,/kaggle/working/small/Harivanga/02004.jpg,6,591,train
/kaggle/input/datasets/researchersajid/mangoclassify-12-native-mango-dataset-from-bd/MangoClassify-12/Harivanga/IMG_20250616_142256.jpg,Harivanga,/kaggle/working/small/Harivanga/02005.jpg,6,687,train
/kaggle/input/datasets/researchersajid/mangoclassify-12-native-mango-dataset-from-bd/MangoClassify-12/Harivanga/IMG_20250616_142302.jpg,Harivanga,/kaggle/working/small/Harivanga/02006.jpg,6,580,train
/kaggle/input/datasets/researchersajid/mangoclassify-12-native-mango-dataset-from-bd/MangoClassify-12/Harivanga/IMG_20250616_142308.jpg,Harivanga,/kaggle/working/small/Harivanga/02007.jpg,6,591,train
/kaggle/input/datasets/researchersajid/mangoclassify-12-native-mango-dataset-from-bd/MangoClassify-12/Harivanga/IMG_20250616_142756.jpg,Harivanga,/kaggle/working/small/Harivanga/02008.jpg,6,747,val
/kaggle/input/datasets/researchersajid/mangoclassify-12-native-mango-dataset-from-bd/MangoClassify-12/Harivanga/IMG_20250616_142803.jpg,Harivanga,/kaggle/working/small/Harivanga/02009.jpg,6,644,train
/kaggle/input/datasets/researchersajid/mangoclassify-12-native-mango-dataset-from-bd/MangoClassify-12/Harivanga/IMG_20250616_142813.jpg,Harivanga,/kaggle/working/small/Harivanga/02010.jpg,6,644,train
/kaggle/input/datasets/researchersajid/mangoclassify-12-native-mango-dataset-from-bd/MangoClassify-12/Harivanga/IMG_20250616_142820.jpg,Harivanga,/kaggle/working/small/Harivanga/02011.jpg,6,580,train
/kaggle/input/datasets/researchersajid/mangoclassify-12-native-mango-dataset-from-bd/MangoClassify-12/Harivanga/IMG_20250616_142825.jpg,Harivanga,/kaggle/working/small/Harivanga/02012.jpg,6,580,train
/kaggle/input/datasets/researchersajid/mangoclassify-12-native-mango-dataset-from-bd/MangoClassify-12/Harivanga/IMG_20250616_142855.jpg,Harivanga,/kaggle/working/small/Harivanga/02013.jpg,6,580,train
/kaggle/input/datasets/researchersajid/mangoclassify-12-native-mango-dataset-from-bd/MangoClassify-12/Harivanga/IMG_20250616_142923.jpg,Harivanga,/kaggle/working/small/Harivanga/02014.jpg,6,594,train
/kaggle/input/datasets/researchersajid/mangoclassify-12-native-mango-dataset-from-bd/MangoClassify-12/Harivanga/IMG_20250616_142930.jpg,Harivanga,/kaggle/working/small/Harivanga/02015.jpg,6,580,train
/kaggle/input/datasets/researchersajid/mangoclassify-12-native-mango-dataset-from-bd/MangoClassify-12/Harivanga/IMG_20250616_142934.jpg,Harivanga,/kaggle/working/small/Harivanga/02016.jpg,6,655,train
/kaggle/input/datasets/researchersajid/mangoclassify-12-native-mango-dataset-from-bd/MangoClassify-12/Harivanga/IMG_20250616_142952.jpg,Harivanga,/kaggle/working/small/Harivanga/02017.jpg,6,601,train
/kaggle/input/datasets/researchersajid/mangoclassify-12-native-mango-dataset-from-bd/MangoClassify-12/Harivanga/IMG_20250616_142957.jpg,Harivanga,/kaggle/working/small/Harivanga/02018.jpg,6,637,train
/kaggle/input/datasets/researchersajid/mangoclassify-12-native-mango-dataset-from-bd/MangoClassify-12/Harivanga/IMG_20250616_143001.jpg,Harivanga,/kaggle/working/small/Harivanga/02019.jpg,6,637,train
/kaggle/input/datasets/researchersajid/mangoclassify-12-native-mango-dataset-from-bd/MangoClassify-12/Harivanga/IMG_20250616_143007.jpg,Harivanga,/kaggle/working/small/Harivanga/02020.jpg,6,637,train
/kaggle/input/datasets/researchersajid/mangoclassify-12-native-mango-dataset-from-bd/MangoClassify-12/Harivanga/IMG_20250616_143012.jpg,Harivanga,/kaggle/working/small/Harivanga/02021.jpg,6,590,train
/kaggle/input/datasets/researchersajid/mangoclassify-12-native-mango-dataset-from-bd/MangoClassify-12/Harivanga/IMG_20250616_143102.jpg,Harivanga,/kaggle/working/small/Harivanga/02022.jpg,6,587,train
/kaggle/input/datasets/researchersajid/mangoclassify-12-native-mango-dataset-from-bd/MangoClassify-12/Harivanga/IMG_20250616_143109.jpg,Harivanga,/kaggle/working/small/Harivanga/02023.jpg,6,587,train
/kaggle/input/datasets/researchersajid/mangoclassify-12-native-mango-dataset-from-bd/MangoClassify-12/Harivanga/IMG_20250616_143115.jpg,Harivanga,/kaggle/working/small/Harivanga/02024.jpg,6,644,train
/kaggle/input/datasets/researchersajid/mangoclassify-12-native-mango-dataset-from-bd/MangoClassify-12/Harivanga/IMG_20250616_143120.jpg,Harivanga,/kaggle/working/small/Harivanga/02025.jpg,6,587,train
/kaggle/input/datasets/researchersajid/mangoclassify-12-native-mango-dataset-from-bd/MangoClassify-12/Harivanga/IMG_20250616_143124.jpg,Harivanga,/kaggle/working/small/Harivanga/02026.jpg,6,587,train
/kaggle/input/datasets/researchersajid/mangoclassify-12-native-mango-dataset-from-bd/MangoClassify-12/Harivanga/IMG_20250616_143139.jpg,Harivanga,/kaggle/working/small/Harivanga/02027.jpg,6,580,train
/kaggle/input/datasets/researchersajid/mangoclassify-12-native-mango-dataset-from-bd/MangoClassify-12/Harivanga/IMG_20250616_143143.jpg,Harivanga,/kaggle/working/small/Harivanga/02028.jpg,6,587,train
/kaggle/input/datasets/researchersajid/mangoclassify-12-native-mango-dataset-from-bd/MangoClassify-12/Harivanga/IMG_20250616_143149.jpg,Harivanga,/kaggle/working/small/Harivanga/02029.jpg,6,587,train
/kaggle/input/datasets/researchersajid/mangoclassify-12-native-mango-dataset-from-bd/MangoClassify-12/Harivanga/IMG_20250616_143159.jpg,Harivanga,/kaggle/working/small/Harivanga/02030.jpg,6,587,train
/kaggle/input/datasets/researchersajid/mangoclassify-12-native-mango-dataset-from-bd/MangoClassify-12/Harivanga/IMG_20250616_143203.jpg,Harivanga,/kaggle/working/small/Harivanga/02031.jpg,6,580,train
/kaggle/input/datasets/researchersajid/mangoclassify-12-native-mango-dataset-from-bd/MangoClassify-12/Harivanga/IMG_20250616_143225.jpg,Harivanga,/kaggle/working/small/Harivanga/02032.jpg,6,655,train
/kaggle/input/datasets/researchersajid/mangoclassify-12-native-mango-dataset-from-bd/MangoClassify-12/Harivanga/IMG_20250616_143229.jpg,Harivanga,/kaggle/working/small/Harivanga/02033.jpg,6,587,train
/kaggle/input/datasets/researchersajid/mangoclassify-12-native-mango-dataset-from-bd/MangoClassify-12/Harivanga/IMG_20250616_143235.jpg,Harivanga,/kaggle/working/small/Harivanga/02034.jpg,6,587,train
/kaggle/input/datasets/researchersajid/mangoclassify-12-native-mango-dataset-from-bd/MangoClassify-12/Harivanga/IMG_20250616_143239.jpg,Harivanga,/kaggle/working/small/Harivanga/02035.jpg,6,584,train
/kaggle/input/datasets/researchersajid/mangoclassify-12-native-mango-dataset-from-bd/MangoClassify-12/Harivanga/IMG_20250616_143245.jpg,Harivanga,/kaggle/working/small/Harivanga/02036.jpg,6,655,train
/kaggle/input/datasets/researchersajid/mangoclassify-12-native-mango-dataset-from-bd/MangoClassify-12/Harivanga/IMG_20250616_143259.jpg,Harivanga,/kaggle/working/small/Harivanga/02037.jpg,6,637,train
/kaggle/input/datasets/researchersajid/mangoclassify-12-native-mango-dataset-from-bd/MangoClassify-12/Harivanga/IMG_20250616_143305.jpg,Harivanga,/kaggle/working/small/Harivanga/02038.jpg,6,604,test
/kaggle/input/datasets/researchersajid/mangoclassify-12-native-mango-dataset-from-bd/MangoClassify-12/Harivanga/IMG_20250616_143309.jpg,Harivanga,/kaggle/working/small/Harivanga/02039.jpg,6,604,test
/kaggle/input/datasets/researchersajid/mangoclassify-12-native-mango-dataset-from-bd/MangoClassify-12/Harivanga/IMG_20250616_143313.jpg,Harivanga,/kaggle/working/small/Harivanga/02040.jpg,6,658,train
/kaggle/input/datasets/researchersajid/mangoclassify-12-native-mango-dataset-from-bd/MangoClassify-12/Harivanga/IMG_20250616_143318.jpg,Harivanga,/kaggle/working/small/Harivanga/02041.jpg,6,658,train
/kaggle/input/datasets/researchersajid/mangoclassify-12-native-mango-dataset-from-bd/MangoClassify-12/Harivanga/IMG_20250616_143322.jpg,Harivanga,/kaggle/working/small/Harivanga/02042.jpg,6,590,train
/kaggle/input/datasets/researchersajid/mangoclassify-12-native-mango-dataset-from-bd/MangoClassify-12/Harivanga/IMG_20250616_143439.jpg,Harivanga,/kaggle/working/small/Harivanga/02043.jpg,6,602,val
/kaggle/input/datasets/researchersajid/mangoclassify-12-native-mango-dataset-from-bd/MangoClassify-12/Harivanga/IMG_20250616_143446.jpg,Harivanga,/kaggle/working/small/Harivanga/02044.jpg,6,601,train
/kaggle/input/datasets/researchersajid/mangoclassify-12-native-mango-dataset-from-bd/MangoClassify-12/Harivanga/IMG_20250616_143452.jpg,Harivanga,/kaggle/working/small/Harivanga/02045.jpg,6,580,train
/kaggle/input/datasets/researchersajid/mangoclassify-12-native-mango-dataset-from-bd/MangoClassify-12/Harivanga/IMG_20250616_143503.jpg,Harivanga,/kaggle/working/small/Harivanga/02046.jpg,6,602,val
/kaggle/input/datasets/researchersajid/mangoclassify-12-native-mango-dataset-from-bd/MangoClassify-12/Harivanga/IMG_20250616_143507.jpg,Harivanga,/kaggle/working/small/Harivanga/02047.jpg,6,590,train
/kaggle/input/datasets/researchersajid/mangoclassify-12-native-mango-dataset-from-bd/MangoClassify-12/Harivanga/IMG_20250616_143609.jpg,Harivanga,/kaggle/working/small/Harivanga/02048.jpg,6,594,train
/kaggle/input/datasets/researchersajid/mangoclassify-12-native-mango-dataset-from-bd/MangoClassify-12/Harivanga/IMG_20250616_143621.jpg,Harivanga,/kaggle/working/small/Harivanga/02049.jpg,6,573,test
/kaggle/input/datasets/researchersajid/mangoclassify-12-native-mango-dataset-from-bd/MangoClassify-12/Harivanga/IMG_20250616_143628.jpg,Harivanga,/kaggle/working/small/Harivanga/02050.jpg,6,573,test
/kaggle/input/datasets/researchersajid/mangoclassify-12-native-mango-dataset-from-bd/MangoClassify-12/Harivanga/IMG_20250616_143727.jpg,Harivanga,/kaggle/working/small/Harivanga/02051.jpg,6,594,train
/kaggle/input/datasets/researchersajid/mangoclassify-12-native-mango-dataset-from-bd/MangoClassify-12/Harivanga/IMG_20250616_143733.jpg,Harivanga,/kaggle/working/small/Harivanga/02052.jpg,6,594,train
/kaggle/input/datasets/researchersajid/mangoclassify-12-native-mango-dataset-from-bd/MangoClassify-12/Harivanga/IMG_20250616_143743.jpg,Harivanga,/kaggle/working/small/Harivanga/02053.jpg,6,643,train
/kaggle/input/datasets/researchersajid/mangoclassify-12-native-mango-dataset-from-bd/MangoClassify-12/Harivanga/IMG_20250616_143749.jpg,Harivanga,/kaggle/working/small/Harivanga/02054.jpg,6,573,test
/kaggle/input/datasets/researchersajid/mangoclassify-12-native-mango-dataset-from-bd/MangoClassify-12/Harivanga/IMG_20250616_143754.jpg,Harivanga,/kaggle/working/small/Harivanga/02055.jpg,6,573,test
/kaggle/input/datasets/researchersajid/mangoclassify-12-native-mango-dataset-from-bd/MangoClassify-12/Harivanga/IMG_20250616_143800.jpg,Harivanga,/kaggle/working/small/Harivanga/02056.jpg,6,643,train
/kaggle/input/datasets/researchersajid/mangoclassify-12-native-mango-dataset-from-bd/MangoClassify-12/Harivanga/IMG_20250616_143807.jpg,Harivanga,/kaggle/working/small/Harivanga/02057.jpg,6,643,train
/kaggle/input/datasets/researchersajid/mangoclassify-12-native-mango-dataset-from-bd/MangoClassify-12/Harivanga/IMG_20250616_143818.jpg,Harivanga,/kaggle/working/small/Harivanga/02058.jpg,6,643,train
/kaggle/input/datasets/researchersajid/mangoclassify-12-native-mango-dataset-from-bd/MangoClassify-12/Harivanga/IMG_20250616_143823.jpg,Harivanga,/kaggle/working/small/Harivanga/02059.jpg,6,573,test
/kaggle/input/datasets/researchersajid/mangoclassify-12-native-mango-dataset-from-bd/MangoClassify-12/Harivanga/IMG_20250616_143828.jpg,Harivanga,/kaggle/working/small/Harivanga/02060.jpg,6,573,test
/kaggle/input/datasets/researchersajid/mangoclassify-12-native-mango-dataset-from-bd/MangoClassify-12/Harivanga/IMG_20250616_143856.jpg,Harivanga,/kaggle/working/small/Harivanga/02061.jpg,6,584,train
/kaggle/input/datasets/researchersajid/mangoclassify-12-native-mango-dataset-from-bd/MangoClassify-12/Harivanga/IMG_20250616_143902.jpg,Harivanga,/kaggle/working/small/Harivanga/02062.jpg,6,604,test
/kaggle/input/datasets/researchersajid/mangoclassify-12-native-mango-dataset-from-bd/MangoClassify-12/Harivanga/IMG_20250616_143917.jpg,Harivanga,/kaggle/working/small/Harivanga/02063.jpg,6,619,test
/kaggle/input/datasets/researchersajid/mangoclassify-12-native-mango-dataset-from-bd/MangoClassify-12/Harivanga/IMG_20250616_143922.jpg,Harivanga,/kaggle/working/small/Harivanga/02064.jpg,6,655,train
/kaggle/input/datasets/researchersajid/mangoclassify-12-native-mango-dataset-from-bd/MangoClassify-12/Harivanga/IMG_20250616_143927.jpg,Harivanga,/kaggle/working/small/Harivanga/02065.jpg,6,655,train
/kaggle/input/datasets/researchersajid/mangoclassify-12-native-mango-dataset-from-bd/MangoClassify-12/Harivanga/IMG_20250616_143932.jpg,Harivanga,/kaggle/working/small/Harivanga/02066.jpg,6,655,train
/kaggle/input/datasets/researchersajid/mangoclassify-12-native-mango-dataset-from-bd/MangoClassify-12/Harivanga/IMG_20250616_143937.jpg,Harivanga,/kaggle/working/small/Harivanga/02067.jpg,6,578,train
/kaggle/input/datasets/researchersajid/mangoclassify-12-native-mango-dataset-from-bd/MangoClassify-12/Harivanga/IMG_20250616_143942.jpg,Harivanga,/kaggle/working/small/Harivanga/02068.jpg,6,578,train
/kaggle/input/datasets/researchersajid/mangoclassify-12-native-mango-dataset-from-bd/MangoClassify-12/Harivanga/IMG_20250616_144206.jpg,Harivanga,/kaggle/working/small/Harivanga/02069.jpg,6,619,test
/kaggle/input/datasets/researchersajid/mangoclassify-12-native-mango-dataset-from-bd/MangoClassify-12/Harivanga/IMG_20250616_144211.jpg,Harivanga,/kaggle/working/small/Harivanga/02070.jpg,6,619,test
/kaggle/input/datasets/researchersajid/mangoclassify-12-native-mango-dataset-from-bd/MangoClassify-12/Harivanga/IMG_20250616_144216.jpg,Harivanga,/kaggle/working/small/Harivanga/02071.jpg,6,619,test
/kaggle/input/datasets/researchersajid/mangoclassify-12-native-mango-dataset-from-bd/MangoClassify-12/Harivanga/IMG_20250616_144221.jpg,Harivanga,/kaggle/working/small/Harivanga/02072.jpg,6,587,train
/kaggle/input/datasets/researchersajid/mangoclassify-12-native-mango-dataset-from-bd/MangoClassify-12/Harivanga/IMG_20250616_144225.jpg,Harivanga,/kaggle/working/small/Harivanga/02073.jpg,6,590,train
/kaggle/input/datasets/researchersajid/mangoclassify-12-native-mango-dataset-from-bd/MangoClassify-12/Harivanga/IMG_20250616_144241.jpg,Harivanga,/kaggle/working/small/Harivanga/02074.jpg,6,591,train
/kaggle/input/datasets/researchersajid/mangoclassify-12-native-mango-dataset-from-bd/MangoClassify-12/Harivanga/IMG_20250616_144245.jpg,Harivanga,/kaggle/working/small/Harivanga/02075.jpg,6,602,val
/kaggle/input/datasets/researchersajid/mangoclassify-12-native-mango-dataset-from-bd/MangoClassify-12/Harivanga/IMG_20250616_144252.jpg,Harivanga,/kaggle/working/small/Harivanga/02076.jpg,6,584,train
/kaggle/input/datasets/researchersajid/mangoclassify-12-native-mango-dataset-from-bd/MangoClassify-12/Harivanga/IMG_20250616_144257.jpg,Harivanga,/kaggle/working/small/Harivanga/02077.jpg,6,580,train
/kaggle/input/datasets/researchersajid/mangoclassify-12-native-mango-dataset-from-bd/MangoClassify-12/Harivanga/IMG_20250616_144301.jpg,Harivanga,/kaggle/working/small/Harivanga/02078.jpg,6,609,train
/kaggle/input/datasets/researchersajid/mangoclassify-12-native-mango-dataset-from-bd/MangoClassify-12/Harivanga/IMG_20250616_144306.jpg,Harivanga,/kaggle/working/small/Harivanga/02079.jpg,6,591,train
/kaggle/input/datasets/researchersajid/mangoclassify-12-native-mango-dataset-from-bd/MangoClassify-12/Harivanga/IMG_20250616_144325.jpg,Harivanga,/kaggle/working/small/Harivanga/02080.jpg,6,602,val
/kaggle/input/datasets/researchersajid/mangoclassify-12-native-mango-dataset-from-bd/MangoClassify-12/Harivanga/IMG_20250616_144330.jpg,Harivanga,/kaggle/working/small/Harivanga/02081.jpg,6,584,train
/kaggle/input/datasets/researchersajid/mangoclassify-12-native-mango-dataset-from-bd/MangoClassify-12/Harivanga/IMG_20250616_144337.jpg,Harivanga,/kaggle/working/small/Harivanga/02082.jpg,6,587,train
/kaggle/input/datasets/researchersajid/mangoclassify-12-native-mango-dataset-from-bd/MangoClassify-12/Harivanga/IMG_20250616_144342.jpg,Harivanga,/kaggle/working/small/Harivanga/02083.jpg,6,587,train
/kaggle/input/datasets/researchersajid/mangoclassify-12-native-mango-dataset-from-bd/MangoClassify-12/Harivanga/IMG_20250616_144348.jpg,Harivanga,/kaggle/working/small/Harivanga/02084.jpg,6,584,train
/kaggle/input/datasets/researchersajid/mangoclassify-12-native-mango-dataset-from-bd/MangoClassify-12/Harivanga/IMG_20250616_144419.jpg,Harivanga,/kaggle/working/small/Harivanga/02085.jpg,6,587,train
/kaggle/input/datasets/researchersajid/mangoclassify-12-native-mango-dataset-from-bd/MangoClassify-12/Harivanga/IMG_20250616_144423.jpg,Harivanga,/kaggle/working/small/Harivanga/02086.jpg,6,580,train
/kaggle/input/datasets/researchersajid/mangoclassify-12-native-mango-dataset-from-bd/MangoClassify-12/Harivanga/IMG_20250616_144456.jpg,Harivanga,/kaggle/working/small/Harivanga/02087.jpg,6,580,train
/kaggle/input/datasets/researchersajid/mangoclassify-12-native-mango-dataset-from-bd/MangoClassify-12/Harivanga/IMG_20250616_144501.jpg,Harivanga,/kaggle/working/small/Harivanga/02088.jpg,6,587,train
/kaggle/input/datasets/researchersajid/mangoclassify-12-native-mango-dataset-from-bd/MangoClassify-12/Harivanga/IMG_20250616_144506.jpg,Harivanga,/kaggle/working/small/Harivanga/02089.jpg,6,655,train
/kaggle/input/datasets/researchersajid/mangoclassify-12-native-mango-dataset-from-bd/MangoClassify-12/Harivanga/IMG_20250616_144524.jpg,Harivanga,/kaggle/working/small/Harivanga/02090.jpg,6,573,test
/kaggle/input/datasets/researchersajid/mangoclassify-12-native-mango-dataset-from-bd/MangoClassify-12/Harivanga/IMG_20250616_144528.jpg,Harivanga,/kaggle/working/small/Harivanga/02091.jpg,6,643,train
/kaggle/input/datasets/researchersajid/mangoclassify-12-native-mango-dataset-from-bd/MangoClassify-12/Harivanga/IMG_20250616_144533.jpg,Harivanga,/kaggle/working/small/Harivanga/02092.jpg,6,643,train
/kaggle/input/datasets/researchersajid/mangoclassify-12-native-mango-dataset-from-bd/MangoClassify-12/Harivanga/IMG_20250616_144538.jpg,Harivanga,/kaggle/working/small/Harivanga/02093.jpg,6,573,test
/kaggle/input/datasets/researchersajid/mangoclassify-12-native-mango-dataset-from-bd/MangoClassify-12/Harivanga/IMG_20250616_144542.jpg,Harivanga,/kaggle/working/small/Harivanga/02094.jpg,6,609,train
/kaggle/input/datasets/researchersajid/mangoclassify-12-native-mango-dataset-from-bd/MangoClassify-12/Harivanga/IMG_20250616_144550.jpg,Harivanga,/kaggle/working/small/Harivanga/02095.jpg,6,643,train
/kaggle/input/datasets/researchersajid/mangoclassify-12-native-mango-dataset-from-bd/MangoClassify-12/Harivanga/IMG_20250616_144612.jpg,Harivanga,/kaggle/working/small/Harivanga/02096.jpg,6,587,train
/kaggle/input/datasets/researchersajid/mangoclassify-12-native-mango-dataset-from-bd/MangoClassify-12/Harivanga/IMG_20250616_144618.jpg,Harivanga,/kaggle/working/small/Harivanga/02097.jpg,6,580,train
/kaggle/input/datasets/researchersajid/mangoclassify-12-native-mango-dataset-from-bd/MangoClassify-12/Harivanga/IMG_20250616_144624.jpg,Harivanga,/kaggle/working/small/Harivanga/02098.jpg,6,580,train
/kaggle/input/datasets/researchersajid/mangoclassify-12-native-mango-dataset-from-bd/MangoClassify-12/Harivanga/IMG_20250616_144628.jpg,Harivanga,/kaggle/working/small/Harivanga/02099.jpg,6,654,train
/kaggle/input/datasets/researchersajid/mangoclassify-12-native-mango-dataset-from-bd/MangoClassify-12/Harivanga/IMG_20250616_144634.jpg,Harivanga,/kaggle/working/small/Harivanga/02100.jpg,6,587,train
/kaggle/input/datasets/researchersajid/mangoclassify-12-native-mango-dataset-from-bd/MangoClassify-12/Harivanga/IMG_20250616_144639.jpg,Harivanga,/kaggle/working/small/Harivanga/02101.jpg,6,655,train
/kaggle/input/datasets/researchersajid/mangoclassify-12-native-mango-dataset-from-bd/MangoClassify-12/Harivanga/IMG_20250616_144713.jpg,Harivanga,/kaggle/working/small/Harivanga/02102.jpg,6,580,train
/kaggle/input/datasets/researchersajid/mangoclassify-12-native-mango-dataset-from-bd/MangoClassify-12/Harivanga/IMG_20250616_144720.jpg,Harivanga,/kaggle/working/small/Harivanga/02103.jpg,6,580,train
/kaggle/input/datasets/researchersajid/mangoclassify-12-native-mango-dataset-from-bd/MangoClassify-12/Harivanga/IMG_20250616_144724.jpg,Harivanga,/kaggle/working/small/Harivanga/02104.jpg,6,580,train
/kaggle/input/datasets/researchersajid/mangoclassify-12-native-mango-dataset-from-bd/MangoClassify-12/Harivanga/IMG_20250616_144729.jpg,Harivanga,/kaggle/working/small/Harivanga/02105.jpg,6,587,train
/kaggle/input/datasets/researchersajid/mangoclassify-12-native-mango-dataset-from-bd/MangoClassify-12/Harivanga/IMG_20250616_144733.jpg,Harivanga,/kaggle/working/small/Harivanga/02106.jpg,6,584,train
/kaggle/input/datasets/researchersajid/mangoclassify-12-native-mango-dataset-from-bd/MangoClassify-12/Harivanga/IMG_20250616_144738.jpg,Harivanga,/kaggle/working/small/Harivanga/02107.jpg,6,655,train
/kaggle/input/datasets/researchersajid/mangoclassify-12-native-mango-dataset-from-bd/MangoClassify-12/Harivanga/IMG_20250616_144822.jpg,Harivanga,/kaggle/working/small/Harivanga/02108.jpg,6,594,train
/kaggle/input/datasets/researchersajid/mangoclassify-12-native-mango-dataset-from-bd/MangoClassify-12/Harivanga/IMG_20250616_144829.jpg,Harivanga,/kaggle/working/small/Harivanga/02109.jpg,6,594,train
/kaggle/input/datasets/researchersajid/mangoclassify-12-native-mango-dataset-from-bd/MangoClassify-12/Harivanga/IMG_20250616_144834.jpg,Harivanga,/kaggle/working/small/Harivanga/02110.jpg,6,602,val
/kaggle/input/datasets/researchersajid/mangoclassify-12-native-mango-dataset-from-bd/MangoClassify-12/Harivanga/IMG_20250616_144839.jpg,Harivanga,/kaggle/working/small/Harivanga/02111.jpg,6,587,train
/kaggle/input/datasets/researchersajid/mangoclassify-12-native-mango-dataset-from-bd/MangoClassify-12/Harivanga/IMG_20250616_144844.jpg,Harivanga,/kaggle/working/small/Harivanga/02112.jpg,6,587,train
/kaggle/input/datasets/researchersajid/mangoclassify-12-native-mango-dataset-from-bd/MangoClassify-12/Harivanga/IMG_20250616_144849.jpg,Harivanga,/kaggle/working/small/Harivanga/02113.jpg,6,655,train
/kaggle/input/datasets/researchersajid/mangoclassify-12-native-mango-dataset-from-bd/MangoClassify-12/Harivanga/IMG_20250616_144911.jpg,Harivanga,/kaggle/working/small/Harivanga/02114.jpg,6,655,train
/kaggle/input/datasets/researchersajid/mangoclassify-12-native-mango-dataset-from-bd/MangoClassify-12/Harivanga/IMG_20250616_144915.jpg,Harivanga,/kaggle/working/small/Harivanga/02115.jpg,6,578,train
/kaggle/input/datasets/researchersajid/mangoclassify-12-native-mango-dataset-from-bd/MangoClassify-12/Harivanga/IMG_20250616_144921.jpg,Harivanga,/kaggle/working/small/Harivanga/02116.jpg,6,610,val
/kaggle/input/datasets/researchersajid/mangoclassify-12-native-mango-dataset-from-bd/MangoClassify-12/Harivanga/IMG_20250616_144925.jpg,Harivanga,/kaggle/working/small/Harivanga/02117.jpg,6,587,train
/kaggle/input/datasets/researchersajid/mangoclassify-12-native-mango-dataset-from-bd/MangoClassify-12/Harivanga/IMG_20250616_144930.jpg,Harivanga,/kaggle/working/small/Harivanga/02118.jpg,6,590,train
/kaggle/input/datasets/researchersajid/mangoclassify-12-native-mango-dataset-from-bd/MangoClassify-12/Harivanga/IMG_20250616_144934.jpg,Harivanga,/kaggle/working/small/Harivanga/02119.jpg,6,578,train
/kaggle/input/datasets/researchersajid/mangoclassify-12-native-mango-dataset-from-bd/MangoClassify-12/Harivanga/IMG_20250616_145043.jpg,Harivanga,/kaggle/working/small/Harivanga/02120.jpg,6,594,train
/kaggle/input/datasets/researchersajid/mangoclassify-12-native-mango-dataset-from-bd/MangoClassify-12/Harivanga/IMG_20250616_145048.jpg,Harivanga,/kaggle/working/small/Harivanga/02121.jpg,6,587,train
/kaggle/input/datasets/researchersajid/mangoclassify-12-native-mango-dataset-from-bd/MangoClassify-12/Harivanga/IMG_20250616_145055.jpg,Harivanga,/kaggle/working/small/Harivanga/02122.jpg,6,572,val
/kaggle/input/datasets/researchersajid/mangoclassify-12-native-mango-dataset-from-bd/MangoClassify-12/Harivanga/IMG_20250616_145102.jpg,Harivanga,/kaggle/working/small/Harivanga/02123.jpg,6,721,train
/kaggle/input/datasets/researchersajid/mangoclassify-12-native-mango-dataset-from-bd/MangoClassify-12/Harivanga/IMG_20250616_145107.jpg,Harivanga,/kaggle/working/small/Harivanga/02124.jpg,6,573,test
/kaggle/input/datasets/researchersajid/mangoclassify-12-native-mango-dataset-from-bd/MangoClassify-12/Harivanga/IMG_20250616_145115.jpg,Harivanga,/kaggle/working/small/Harivanga/02125.jpg,6,572,val
/kaggle/input/datasets/researchersajid/mangoclassify-12-native-mango-dataset-from-bd/MangoClassify-12/Harivanga/IMG_20250616_145138.jpg,Harivanga,/kaggle/working/small/Harivanga/02126.jpg,6,580,train
/kaggle/input/datasets/researchersajid/mangoclassify-12-native-mango-dataset-from-bd/MangoClassify-12/Harivanga/IMG_20250616_145145.jpg,Harivanga,/kaggle/working/small/Harivanga/02127.jpg,6,580,train
/kaggle/input/datasets/researchersajid/mangoclassify-12-native-mango-dataset-from-bd/MangoClassify-12/Harivanga/IMG_20250616_145150.jpg,Harivanga,/kaggle/working/small/Harivanga/02128.jpg,6,627,train
/kaggle/input/datasets/researchersajid/mangoclassify-12-native-mango-dataset-from-bd/MangoClassify-12/Harivanga/IMG_20250616_145155.jpg,Harivanga,/kaggle/working/small/Harivanga/02129.jpg,6,619,test
/kaggle/input/datasets/researchersajid/mangoclassify-12-native-mango-dataset-from-bd/MangoClassify-12/Harivanga/IMG_20250616_145159.jpg,Harivanga,/kaggle/working/small/Harivanga/02130.jpg,6,590,train
/kaggle/input/datasets/researchersajid/mangoclassify-12-native-mango-dataset-from-bd/MangoClassify-12/Harivanga/IMG_20250616_145204.jpg,Harivanga,/kaggle/working/small/Harivanga/02131.jpg,6,646,val
/kaggle/input/datasets/researchersajid/mangoclassify-12-native-mango-dataset-from-bd/MangoClassify-12/Harivanga/IMG_20250616_145222.jpg,Harivanga,/kaggle/working/small/Harivanga/02132.jpg,6,644,train
/kaggle/input/datasets/researchersajid/mangoclassify-12-native-mango-dataset-from-bd/MangoClassify-12/Harivanga/IMG_20250616_145228.jpg,Harivanga,/kaggle/working/small/Harivanga/02133.jpg,6,644,train
/kaggle/input/datasets/researchersajid/mangoclassify-12-native-mango-dataset-from-bd/MangoClassify-12/Harivanga/IMG_20250616_145233.jpg,Harivanga,/kaggle/working/small/Harivanga/02134.jpg,6,584,train
/kaggle/input/datasets/researchersajid/mangoclassify-12-native-mango-dataset-from-bd/MangoClassify-12/Harivanga/IMG_20250616_145239.jpg,Harivanga,/kaggle/working/small/Harivanga/02135.jpg,6,584,train
/kaggle/input/datasets/researchersajid/mangoclassify-12-native-mango-dataset-from-bd/MangoClassify-12/Harivanga/IMG_20250616_145244.jpg,Harivanga,/kaggle/working/small/Harivanga/02136.jpg,6,655,train
/kaggle/input/datasets/researchersajid/mangoclassify-12-native-mango-dataset-from-bd/MangoClassify-12/Harivanga/IMG_20250616_145250.jpg,Harivanga,/kaggle/working/small/Harivanga/02137.jpg,6,644,train
/kaggle/input/datasets/researchersajid/mangoclassify-12-native-mango-dataset-from-bd/MangoClassify-12/Harivanga/IMG_20250616_145309.jpg,Harivanga,/kaggle/working/small/Harivanga/02138.jpg,6,584,train
/kaggle/input/datasets/researchersajid/mangoclassify-12-native-mango-dataset-from-bd/MangoClassify-12/Harivanga/IMG_20250616_145314.jpg,Harivanga,/kaggle/working/small/Harivanga/02139.jpg,6,584,train
/kaggle/input/datasets/researchersajid/mangoclassify-12-native-mango-dataset-from-bd/MangoClassify-12/Harivanga/IMG_20250616_145318.jpg,Harivanga,/kaggle/working/small/Harivanga/02140.jpg,6,590,train
/kaggle/input/datasets/researchersajid/mangoclassify-12-native-mango-dataset-from-bd/MangoClassify-12/Harivanga/IMG_20250616_145329.jpg,Harivanga,/kaggle/working/small/Harivanga/02141.jpg,6,643,train
/kaggle/input/datasets/researchersajid/mangoclassify-12-native-mango-dataset-from-bd/MangoClassify-12/Harivanga/IMG_20250616_145333.jpg,Harivanga,/kaggle/working/small/Harivanga/02142.jpg,6,655,train
/kaggle/input/datasets/researchersajid/mangoclassify-12-native-mango-dataset-from-bd/MangoClassify-12/Harivanga/IMG_20250616_145411.jpg,Harivanga,/kaggle/working/small/Harivanga/02143.jpg,6,580,train
/kaggle/input/datasets/researchersajid/mangoclassify-12-native-mango-dataset-from-bd/MangoClassify-12/Harivanga/IMG_20250616_145417.jpg,Harivanga,/kaggle/working/small/Harivanga/02144.jpg,6,587,train
/kaggle/input/datasets/researchersajid/mangoclassify-12-native-mango-dataset-from-bd/MangoClassify-12/Harivanga/IMG_20250616_145422.jpg,Harivanga,/kaggle/working/small/Harivanga/02145.jpg,6,587,train
/kaggle/input/datasets/researchersajid/mangoclassify-12-native-mango-dataset-from-bd/MangoClassify-12/Harivanga/IMG_20250616_145430.jpg,Harivanga,/kaggle/working/small/Harivanga/02146.jpg,6,587,train
/kaggle/input/datasets/researchersajid/mangoclassify-12-native-mango-dataset-from-bd/MangoClassify-12/Harivanga/IMG_20250616_145435.jpg,Harivanga,/kaggle/working/small/Harivanga/02147.jpg,6,580,train
/kaggle/input/datasets/researchersajid/mangoclassify-12-native-mango-dataset-from-bd/MangoClassify-12/Harivanga/IMG_20250616_145453.jpg,Harivanga,/kaggle/working/small/Harivanga/02148.jpg,6,637,train
/kaggle/input/datasets/researchersajid/mangoclassify-12-native-mango-dataset-from-bd/MangoClassify-12/Harivanga/IMG_20250616_145457.jpg,Harivanga,/kaggle/working/small/Harivanga/02149.jpg,6,643,train
/kaggle/input/datasets/researchersajid/mangoclassify-12-native-mango-dataset-from-bd/MangoClassify-12/Harivanga/IMG_20250616_145504.jpg,Harivanga,/kaggle/working/small/Harivanga/02150.jpg,6,655,train
/kaggle/input/datasets/researchersajid/mangoclassify-12-native-mango-dataset-from-bd/MangoClassify-12/Harivanga/IMG_20250616_145512.jpg,Harivanga,/kaggle/working/small/Harivanga/02151.jpg,6,590,train
/kaggle/input/datasets/researchersajid/mangoclassify-12-native-mango-dataset-from-bd/MangoClassify-12/Harivanga/IMG_20250616_145517.jpg,Harivanga,/kaggle/working/small/Harivanga/02152.jpg,6,590,train
/kaggle/input/datasets/researchersajid/mangoclassify-12-native-mango-dataset-from-bd/MangoClassify-12/Harivanga/IMG_20250616_145610.jpg,Harivanga,/kaggle/working/small/Harivanga/02153.jpg,6,619,test
/kaggle/input/datasets/researchersajid/mangoclassify-12-native-mango-dataset-from-bd/MangoClassify-12/Harivanga/IMG_20250616_145614.jpg,Harivanga,/kaggle/working/small/Harivanga/02154.jpg,6,580,train
/kaggle/input/datasets/researchersajid/mangoclassify-12-native-mango-dataset-from-bd/MangoClassify-12/Harivanga/IMG_20250616_145620.jpg,Harivanga,/kaggle/working/small/Harivanga/02155.jpg,6,580,train
/kaggle/input/datasets/researchersajid/mangoclassify-12-native-mango-dataset-from-bd/MangoClassify-12/Harivanga/IMG_20250616_145625.jpg,Harivanga,/kaggle/working/small/Harivanga/02156.jpg,6,580,train
/kaggle/input/datasets/researchersajid/mangoclassify-12-native-mango-dataset-from-bd/MangoClassify-12/Harivanga/IMG_20250616_145629.jpg,Harivanga,/kaggle/working/small/Harivanga/02157.jpg,6,655,train
/kaggle/input/datasets/researchersajid/mangoclassify-12-native-mango-dataset-from-bd/MangoClassify-12/Harivanga/IMG_20250616_145633.jpg,Harivanga,/kaggle/working/small/Harivanga/02158.jpg,6,578,train
/kaggle/input/datasets/researchersajid/mangoclassify-12-native-mango-dataset-from-bd/MangoClassify-12/Harivanga/IMG_20250616_145651.jpg,Harivanga,/kaggle/working/small/Harivanga/02159.jpg,6,580,train
/kaggle/input/datasets/researchersajid/mangoclassify-12-native-mango-dataset-from-bd/MangoClassify-12/Harivanga/IMG_20250616_145657.jpg,Harivanga,/kaggle/working/small/Harivanga/02160.jpg,6,580,train
/kaggle/input/datasets/researchersajid/mangoclassify-12-native-mango-dataset-from-bd/MangoClassify-12/Harivanga/IMG_20250616_145701.jpg,Harivanga,/kaggle/working/small/Harivanga/02161.jpg,6,643,train
/kaggle/input/datasets/researchersajid/mangoclassify-12-native-mango-dataset-from-bd/MangoClassify-12/Harivanga/IMG_20250616_145708.jpg,Harivanga,/kaggle/working/small/Harivanga/02162.jpg,6,580,train
/kaggle/input/datasets/researchersajid/mangoclassify-12-native-mango-dataset-from-bd/MangoClassify-12/Harivanga/IMG_20250616_145712.jpg,Harivanga,/kaggle/working/small/Harivanga/02163.jpg,6,580,train
/kaggle/input/datasets/researchersajid/mangoclassify-12-native-mango-dataset-from-bd/MangoClassify-12/Harivanga/IMG_20250616_145717.jpg,Harivanga,/kaggle/working/small/Harivanga/02164.jpg,6,655,train
/kaggle/input/datasets/researchersajid/mangoclassify-12-native-mango-dataset-from-bd/MangoClassify-12/Harivanga/IMG_20250616_145735.jpg,Harivanga,/kaggle/working/small/Harivanga/02165.jpg,6,610,val
/kaggle/input/datasets/researchersajid/mangoclassify-12-native-mango-dataset-from-bd/MangoClassify-12/Harivanga/IMG_20250616_145741.jpg,Harivanga,/kaggle/working/small/Harivanga/02166.jpg,6,580,train
/kaggle/input/datasets/researchersajid/mangoclassify-12-native-mango-dataset-from-bd/MangoClassify-12/Harivanga/IMG_20250616_145746.jpg,Harivanga,/kaggle/working/small/Harivanga/02167.jpg,6,580,train
/kaggle/input/datasets/researchersajid/mangoclassify-12-native-mango-dataset-from-bd/MangoClassify-12/Harivanga/IMG_20250616_145751.jpg,Harivanga,/kaggle/working/small/Harivanga/02168.jpg,6,572,val
/kaggle/input/datasets/researchersajid/mangoclassify-12-native-mango-dataset-from-bd/MangoClassify-12/Harivanga/IMG_20250616_145757.jpg,Harivanga,/kaggle/working/small/Harivanga/02169.jpg,6,610,val
/kaggle/input/datasets/researchersajid/mangoclassify-12-native-mango-dataset-from-bd/MangoClassify-12/Harivanga/IMG_20250616_145812.jpg,Harivanga,/kaggle/working/small/Harivanga/02170.jpg,6,572,val
/kaggle/input/datasets/researchersajid/mangoclassify-12-native-mango-dataset-from-bd/MangoClassify-12/Harivanga/IMG_20250616_145818.jpg,Harivanga,/kaggle/working/small/Harivanga/02171.jpg,6,580,train
/kaggle/input/datasets/researchersajid/mangoclassify-12-native-mango-dataset-from-bd/MangoClassify-12/Harivanga/IMG_20250616_145823.jpg,Harivanga,/kaggle/working/small/Harivanga/02172.jpg,6,580,train
/kaggle/input/datasets/researchersajid/mangoclassify-12-native-mango-dataset-from-bd/MangoClassify-12/Harivanga/IMG_20250616_145827.jpg,Harivanga,/kaggle/working/small/Harivanga/02173.jpg,6,584,train
/kaggle/input/datasets/researchersajid/mangoclassify-12-native-mango-dataset-from-bd/MangoClassify-12/Harivanga/IMG_20250616_145832.jpg,Harivanga,/kaggle/working/small/Harivanga/02174.jpg,6,572,val
/kaggle/input/datasets/researchersajid/mangoclassify-12-native-mango-dataset-from-bd/MangoClassify-12/Harivanga/IMG_20250616_145845.jpg,Harivanga,/kaggle/working/small/Harivanga/02175.jpg,6,587,train
/kaggle/input/datasets/researchersajid/mangoclassify-12-native-mango-dataset-from-bd/MangoClassify-12/Harivanga/IMG_20250616_145851.jpg,Harivanga,/kaggle/working/small/Harivanga/02176.jpg,6,587,train
/kaggle/input/datasets/researchersajid/mangoclassify-12-native-mango-dataset-from-bd/MangoClassify-12/Harivanga/IMG_20250616_145856.jpg,Harivanga,/kaggle/working/small/Harivanga/02177.jpg,6,572,val
/kaggle/input/datasets/researchersajid/mangoclassify-12-native-mango-dataset-from-bd/MangoClassify-12/Harivanga/IMG_20250616_145900.jpg,Harivanga,/kaggle/working/small/Harivanga/02178.jpg,6,644,train
/kaggle/input/datasets/researchersajid/mangoclassify-12-native-mango-dataset-from-bd/MangoClassify-12/Harivanga/IMG_20250616_145905.jpg,Harivanga,/kaggle/working/small/Harivanga/02179.jpg,6,584,train
/kaggle/input/datasets/researchersajid/mangoclassify-12-native-mango-dataset-from-bd/MangoClassify-12/Harivanga/IMG_20250616_145922.jpg,Harivanga,/kaggle/working/small/Harivanga/02180.jpg,6,606,test
/kaggle/input/datasets/researchersajid/mangoclassify-12-native-mango-dataset-from-bd/MangoClassify-12/Harivanga/IMG_20250616_145932.jpg,Harivanga,/kaggle/working/small/Harivanga/02181.jpg,6,606,test
/kaggle/input/datasets/researchersajid/mangoclassify-12-native-mango-dataset-from-bd/MangoClassify-12/Harivanga/IMG_20250616_145938.jpg,Harivanga,/kaggle/working/small/Harivanga/02182.jpg,6,606,test
/kaggle/input/datasets/researchersajid/mangoclassify-12-native-mango-dataset-from-bd/MangoClassify-12/Harivanga/IMG_20250616_145946.jpg,Harivanga,/kaggle/working/small/Harivanga/02183.jpg,6,643,train
/kaggle/input/datasets/researchersajid/mangoclassify-12-native-mango-dataset-from-bd/MangoClassify-12/Harivanga/IMG_20250616_145951.jpg,Harivanga,/kaggle/working/small/Harivanga/02184.jpg,6,606,test
/kaggle/input/datasets/researchersajid/mangoclassify-12-native-mango-dataset-from-bd/MangoClassify-12/Harivanga/IMG_20250616_150005.jpg,Harivanga,/kaggle/working/small/Harivanga/02185.jpg,6,594,train
/kaggle/input/datasets/researchersajid/mangoclassify-12-native-mango-dataset-from-bd/MangoClassify-12/Harivanga/IMG_20250616_150010.jpg,Harivanga,/kaggle/working/small/Harivanga/02186.jpg,6,580,train
/kaggle/input/datasets/researchersajid/mangoclassify-12-native-mango-dataset-from-bd/MangoClassify-12/Harivanga/IMG_20250616_150014.jpg,Harivanga,/kaggle/working/small/Harivanga/02187.jpg,6,637,train
/kaggle/input/datasets/researchersajid/mangoclassify-12-native-mango-dataset-from-bd/MangoClassify-12/Harivanga/IMG_20250616_150018.jpg,Harivanga,/kaggle/working/small/Harivanga/02188.jpg,6,580,train
/kaggle/input/datasets/researchersajid/mangoclassify-12-native-mango-dataset-from-bd/MangoClassify-12/Harivanga/IMG_20250616_150022.jpg,Harivanga,/kaggle/working/small/Harivanga/02189.jpg,6,572,val
/kaggle/input/datasets/researchersajid/mangoclassify-12-native-mango-dataset-from-bd/MangoClassify-12/Harivanga/IMG_20250616_150055.jpg,Harivanga,/kaggle/working/small/Harivanga/02190.jpg,6,606,test
/kaggle/input/datasets/researchersajid/mangoclassify-12-native-mango-dataset-from-bd/MangoClassify-12/Harivanga/IMG_20250616_150102.jpg,Harivanga,/kaggle/working/small/Harivanga/02191.jpg,6,594,train
/kaggle/input/datasets/researchersajid/mangoclassify-12-native-mango-dataset-from-bd/MangoClassify-12/Harivanga/IMG_20250616_150107.jpg,Harivanga,/kaggle/working/small/Harivanga/02192.jpg,6,587,train
/kaggle/input/datasets/researchersajid/mangoclassify-12-native-mango-dataset-from-bd/MangoClassify-12/Harivanga/IMG_20250616_150112.jpg,Harivanga,/kaggle/working/small/Harivanga/02193.jpg,6,584,train
/kaggle/input/datasets/researchersajid/mangoclassify-12-native-mango-dataset-from-bd/MangoClassify-12/Himsagar/1000015836-removebg-preview.jpg,Himsagar,/kaggle/working/small/Himsagar/02194.jpg,7,946,train
/kaggle/input/datasets/researchersajid/mangoclassify-12-native-mango-dataset-from-bd/MangoClassify-12/Himsagar/1000015839-removebg-preview.jpg,Himsagar,/kaggle/working/small/Himsagar/02195.jpg,7,967,test
/kaggle/input/datasets/researchersajid/mangoclassify-12-native-mango-dataset-from-bd/MangoClassify-12/Himsagar/1000015842-removebg-preview.jpg,Himsagar,/kaggle/working/small/Himsagar/02196.jpg,7,831,train
/kaggle/input/datasets/researchersajid/mangoclassify-12-native-mango-dataset-from-bd/MangoClassify-12/Himsagar/1000015845-removebg-preview.jpg,Himsagar,/kaggle/working/small/Himsagar/02197.jpg,7,941,train
/kaggle/input/datasets/researchersajid/mangoclassify-12-native-mango-dataset-from-bd/MangoClassify-12/Himsagar/1000015848-removebg-preview1.jpg,Himsagar,/kaggle/working/small/Himsagar/02198.jpg,7,967,test
/kaggle/input/datasets/researchersajid/mangoclassify-12-native-mango-dataset-from-bd/MangoClassify-12/Himsagar/1000015851-removebg-preview.jpg,Himsagar,/kaggle/working/small/Himsagar/02199.jpg,7,831,train
/kaggle/input/datasets/researchersajid/mangoclassify-12-native-mango-dataset-from-bd/MangoClassify-12/Himsagar/1000015854-removebg-preview.jpg,Himsagar,/kaggle/working/small/Himsagar/02200.jpg,7,984,train
/kaggle/input/datasets/researchersajid/mangoclassify-12-native-mango-dataset-from-bd/MangoClassify-12/Himsagar/1000015857-removebg-preview.jpg,Himsagar,/kaggle/working/small/Himsagar/02201.jpg,7,984,train
/kaggle/input/datasets/researchersajid/mangoclassify-12-native-mango-dataset-from-bd/MangoClassify-12/Himsagar/1000015860-removebg-preview.jpg,Himsagar,/kaggle/working/small/Himsagar/02202.jpg,7,984,train
/kaggle/input/datasets/researchersajid/mangoclassify-12-native-mango-dataset-from-bd/MangoClassify-12/Himsagar/1000015863-removebg-preview.jpg,Himsagar,/kaggle/working/small/Himsagar/02203.jpg,7,872,train
/kaggle/input/datasets/researchersajid/mangoclassify-12-native-mango-dataset-from-bd/MangoClassify-12/Himsagar/IMG-20250518-WA0038.jpg,Himsagar,/kaggle/working/small/Himsagar/02204.jpg,7,754,test
/kaggle/input/datasets/researchersajid/mangoclassify-12-native-mango-dataset-from-bd/MangoClassify-12/Himsagar/IMG-20250518-WA0039.jpg,Himsagar,/kaggle/working/small/Himsagar/02205.jpg,7,819,train
/kaggle/input/datasets/researchersajid/mangoclassify-12-native-mango-dataset-from-bd/MangoClassify-12/Himsagar/IMG-20250518-WA0040.jpg,Himsagar,/kaggle/working/small/Himsagar/02206.jpg,7,964,train
/kaggle/input/datasets/researchersajid/mangoclassify-12-native-mango-dataset-from-bd/MangoClassify-12/Himsagar/IMG-20250518-WA0041.jpg,Himsagar,/kaggle/working/small/Himsagar/02207.jpg,7,819,train
/kaggle/input/datasets/researchersajid/mangoclassify-12-native-mango-dataset-from-bd/MangoClassify-12/Himsagar/IMG-20250518-WA0042.jpg,Himsagar,/kaggle/working/small/Himsagar/02208.jpg,7,975,train
/kaggle/input/datasets/researchersajid/mangoclassify-12-native-mango-dataset-from-bd/MangoClassify-12/Himsagar/IMG-20250518-WA0043.jpg,Himsagar,/kaggle/working/small/Himsagar/02209.jpg,7,754,test
/kaggle/input/datasets/researchersajid/mangoclassify-12-native-mango-dataset-from-bd/MangoClassify-12/Himsagar/IMG-20250518-WA0044.jpg,Himsagar,/kaggle/working/small/Himsagar/02210.jpg,7,814,train
/kaggle/input/datasets/researchersajid/mangoclassify-12-native-mango-dataset-from-bd/MangoClassify-12/Himsagar/IMG-20250518-WA0045.jpg,Himsagar,/kaggle/working/small/Himsagar/02211.jpg,7,857,train
/kaggle/input/datasets/researchersajid/mangoclassify-12-native-mango-dataset-from-bd/MangoClassify-12/Himsagar/IMG-20250518-WA0046.jpg,Himsagar,/kaggle/working/small/Himsagar/02212.jpg,7,814,train
/kaggle/input/datasets/researchersajid/mangoclassify-12-native-mango-dataset-from-bd/MangoClassify-12/Himsagar/IMG-20250518-WA0047.jpg,Himsagar,/kaggle/working/small/Himsagar/02213.jpg,7,857,train
/kaggle/input/datasets/researchersajid/mangoclassify-12-native-mango-dataset-from-bd/MangoClassify-12/Himsagar/IMG-20250518-WA0048.jpg,Himsagar,/kaggle/working/small/Himsagar/02214.jpg,7,977,train
/kaggle/input/datasets/researchersajid/mangoclassify-12-native-mango-dataset-from-bd/MangoClassify-12/Himsagar/IMG-20250518-WA0049.jpg,Himsagar,/kaggle/working/small/Himsagar/02215.jpg,7,871,train
/kaggle/input/datasets/researchersajid/mangoclassify-12-native-mango-dataset-from-bd/MangoClassify-12/Himsagar/IMG-20250518-WA0050.jpg,Himsagar,/kaggle/working/small/Himsagar/02216.jpg,7,983,test
/kaggle/input/datasets/researchersajid/mangoclassify-12-native-mango-dataset-from-bd/MangoClassify-12/Himsagar/IMG-20250518-WA0051.jpg,Himsagar,/kaggle/working/small/Himsagar/02217.jpg,7,871,train
/kaggle/input/datasets/researchersajid/mangoclassify-12-native-mango-dataset-from-bd/MangoClassify-12/Himsagar/IMG-20250518-WA0052.jpg,Himsagar,/kaggle/working/small/Himsagar/02218.jpg,7,871,train
/kaggle/input/datasets/researchersajid/mangoclassify-12-native-mango-dataset-from-bd/MangoClassify-12/Himsagar/IMG-20250518-WA0053.jpg,Himsagar,/kaggle/working/small/Himsagar/02219.jpg,7,754,test
/kaggle/input/datasets/researchersajid/mangoclassify-12-native-mango-dataset-from-bd/MangoClassify-12/Himsagar/IMG-20250518-WA0054.jpg,Himsagar,/kaggle/working/small/Himsagar/02220.jpg,7,871,train
/kaggle/input/datasets/researchersajid/mangoclassify-12-native-mango-dataset-from-bd/MangoClassify-12/Himsagar/IMG20250517143447.jpg,Himsagar,/kaggle/working/small/Himsagar/02221.jpg,7,779,train
/kaggle/input/datasets/researchersajid/mangoclassify-12-native-mango-dataset-from-bd/MangoClassify-12/Himsagar/IMG20250517143455.jpg,Himsagar,/kaggle/working/small/Himsagar/02222.jpg,7,750,train
/kaggle/input/datasets/researchersajid/mangoclassify-12-native-mango-dataset-from-bd/MangoClassify-12/Himsagar/IMG20250517143509.jpg,Himsagar,/kaggle/working/small/Himsagar/02223.jpg,7,750,train
/kaggle/input/datasets/researchersajid/mangoclassify-12-native-mango-dataset-from-bd/MangoClassify-12/Himsagar/IMG20250517143521.jpg,Himsagar,/kaggle/working/small/Himsagar/02224.jpg,7,750,train
/kaggle/input/datasets/researchersajid/mangoclassify-12-native-mango-dataset-from-bd/MangoClassify-12/Himsagar/IMG20250517143532.jpg,Himsagar,/kaggle/working/small/Himsagar/02225.jpg,7,779,train
/kaggle/input/datasets/researchersajid/mangoclassify-12-native-mango-dataset-from-bd/MangoClassify-12/Himsagar/IMG20250517143654.jpg,Himsagar,/kaggle/working/small/Himsagar/02226.jpg,7,776,train
/kaggle/input/datasets/researchersajid/mangoclassify-12-native-mango-dataset-from-bd/MangoClassify-12/Himsagar/IMG20250517143700.jpg,Himsagar,/kaggle/working/small/Himsagar/02227.jpg,7,776,train
/kaggle/input/datasets/researchersajid/mangoclassify-12-native-mango-dataset-from-bd/MangoClassify-12/Himsagar/IMG20250517144844.jpg,Himsagar,/kaggle/working/small/Himsagar/02228.jpg,7,792,train
/kaggle/input/datasets/researchersajid/mangoclassify-12-native-mango-dataset-from-bd/MangoClassify-12/Himsagar/IMG20250517144854.jpg,Himsagar,/kaggle/working/small/Himsagar/02229.jpg,7,985,train
/kaggle/input/datasets/researchersajid/mangoclassify-12-native-mango-dataset-from-bd/MangoClassify-12/Himsagar/IMG20250517144911.jpg,Himsagar,/kaggle/working/small/Himsagar/02230.jpg,7,792,train
/kaggle/input/datasets/researchersajid/mangoclassify-12-native-mango-dataset-from-bd/MangoClassify-12/Himsagar/IMG20250517144917.jpg,Himsagar,/kaggle/working/small/Himsagar/02231.jpg,7,792,train
/kaggle/input/datasets/researchersajid/mangoclassify-12-native-mango-dataset-from-bd/MangoClassify-12/Himsagar/IMG20250517144928.jpg,Himsagar,/kaggle/working/small/Himsagar/02232.jpg,7,985,train
/kaggle/input/datasets/researchersajid/mangoclassify-12-native-mango-dataset-from-bd/MangoClassify-12/Himsagar/IMG20250517144947.jpg,Himsagar,/kaggle/working/small/Himsagar/02233.jpg,7,818,train
/kaggle/input/datasets/researchersajid/mangoclassify-12-native-mango-dataset-from-bd/MangoClassify-12/Himsagar/IMG20250517144954.jpg,Himsagar,/kaggle/working/small/Himsagar/02234.jpg,7,862,train
/kaggle/input/datasets/researchersajid/mangoclassify-12-native-mango-dataset-from-bd/MangoClassify-12/Himsagar/IMG20250517144959.jpg,Himsagar,/kaggle/working/small/Himsagar/02235.jpg,7,862,train
/kaggle/input/datasets/researchersajid/mangoclassify-12-native-mango-dataset-from-bd/MangoClassify-12/Himsagar/IMG20250517145009.jpg,Himsagar,/kaggle/working/small/Himsagar/02236.jpg,7,786,train
/kaggle/input/datasets/researchersajid/mangoclassify-12-native-mango-dataset-from-bd/MangoClassify-12/Himsagar/IMG20250517145020.jpg,Himsagar,/kaggle/working/small/Himsagar/02237.jpg,7,818,train
/kaggle/input/datasets/researchersajid/mangoclassify-12-native-mango-dataset-from-bd/MangoClassify-12/Himsagar/IMG20250517152841.jpg,Himsagar,/kaggle/working/small/Himsagar/02238.jpg,7,797,train
/kaggle/input/datasets/researchersajid/mangoclassify-12-native-mango-dataset-from-bd/MangoClassify-12/Himsagar/IMG20250517152850.jpg,Himsagar,/kaggle/working/small/Himsagar/02239.jpg,7,784,train
/kaggle/input/datasets/researchersajid/mangoclassify-12-native-mango-dataset-from-bd/MangoClassify-12/Himsagar/IMG20250517152904.jpg,Himsagar,/kaggle/working/small/Himsagar/02240.jpg,7,797,train
/kaggle/input/datasets/researchersajid/mangoclassify-12-native-mango-dataset-from-bd/MangoClassify-12/Himsagar/IMG20250517153047.jpg,Himsagar,/kaggle/working/small/Himsagar/02241.jpg,7,913,val
/kaggle/input/datasets/researchersajid/mangoclassify-12-native-mango-dataset-from-bd/MangoClassify-12/Himsagar/IMG20250517153056.jpg,Himsagar,/kaggle/working/small/Himsagar/02242.jpg,7,830,train
/kaggle/input/datasets/researchersajid/mangoclassify-12-native-mango-dataset-from-bd/MangoClassify-12/Himsagar/IMG20250517153102.jpg,Himsagar,/kaggle/working/small/Himsagar/02243.jpg,7,830,train
/kaggle/input/datasets/researchersajid/mangoclassify-12-native-mango-dataset-from-bd/MangoClassify-12/Himsagar/IMG20250517153113.jpg,Himsagar,/kaggle/working/small/Himsagar/02244.jpg,7,913,val
/kaggle/input/datasets/researchersajid/mangoclassify-12-native-mango-dataset-from-bd/MangoClassify-12/Himsagar/IMG20250517153126.jpg,Himsagar,/kaggle/working/small/Himsagar/02245.jpg,7,830,train
/kaggle/input/datasets/researchersajid/mangoclassify-12-native-mango-dataset-from-bd/MangoClassify-12/Himsagar/IMG20250517153141.jpg,Himsagar,/kaggle/working/small/Himsagar/02246.jpg,7,830,train
/kaggle/input/datasets/researchersajid/mangoclassify-12-native-mango-dataset-from-bd/MangoClassify-12/Himsagar/IMG20250517153146.jpg,Himsagar,/kaggle/working/small/Himsagar/02247.jpg,7,830,train
/kaggle/input/datasets/researchersajid/mangoclassify-12-native-mango-dataset-from-bd/MangoClassify-12/Himsagar/IMG20250517153209.jpg,Himsagar,/kaggle/working/small/Himsagar/02248.jpg,7,775,train
/kaggle/input/datasets/researchersajid/mangoclassify-12-native-mango-dataset-from-bd/MangoClassify-12/Himsagar/IMG20250517153226.jpg,Himsagar,/kaggle/working/small/Himsagar/02249.jpg,7,775,train
/kaggle/input/datasets/researchersajid/mangoclassify-12-native-mango-dataset-from-bd/MangoClassify-12/Himsagar/IMG20250517153237.jpg,Himsagar,/kaggle/working/small/Himsagar/02250.jpg,7,879,train
/kaggle/input/datasets/researchersajid/mangoclassify-12-native-mango-dataset-from-bd/MangoClassify-12/Himsagar/IMG20250517153244.jpg,Himsagar,/kaggle/working/small/Himsagar/02251.jpg,7,784,train
/kaggle/input/datasets/researchersajid/mangoclassify-12-native-mango-dataset-from-bd/MangoClassify-12/Himsagar/IMG20250517153342.jpg,Himsagar,/kaggle/working/small/Himsagar/02252.jpg,7,855,train
/kaggle/input/datasets/researchersajid/mangoclassify-12-native-mango-dataset-from-bd/MangoClassify-12/Himsagar/IMG20250517153353.jpg,Himsagar,/kaggle/working/small/Himsagar/02253.jpg,7,889,train
/kaggle/input/datasets/researchersajid/mangoclassify-12-native-mango-dataset-from-bd/MangoClassify-12/Himsagar/IMG20250517153403.jpg,Himsagar,/kaggle/working/small/Himsagar/02254.jpg,7,932,test
/kaggle/input/datasets/researchersajid/mangoclassify-12-native-mango-dataset-from-bd/MangoClassify-12/Himsagar/IMG20250517153413.jpg,Himsagar,/kaggle/working/small/Himsagar/02255.jpg,7,855,train
/kaggle/input/datasets/researchersajid/mangoclassify-12-native-mango-dataset-from-bd/MangoClassify-12/Himsagar/IMG20250517153421.jpg,Himsagar,/kaggle/working/small/Himsagar/02256.jpg,7,776,train
/kaggle/input/datasets/researchersajid/mangoclassify-12-native-mango-dataset-from-bd/MangoClassify-12/Himsagar/IMG20250517153438.jpg,Himsagar,/kaggle/working/small/Himsagar/02257.jpg,7,970,test
/kaggle/input/datasets/researchersajid/mangoclassify-12-native-mango-dataset-from-bd/MangoClassify-12/Himsagar/IMG20250517153443.jpg,Himsagar,/kaggle/working/small/Himsagar/02258.jpg,7,952,train
/kaggle/input/datasets/researchersajid/mangoclassify-12-native-mango-dataset-from-bd/MangoClassify-12/Himsagar/IMG20250517153452.jpg,Himsagar,/kaggle/working/small/Himsagar/02259.jpg,7,889,train
/kaggle/input/datasets/researchersajid/mangoclassify-12-native-mango-dataset-from-bd/MangoClassify-12/Himsagar/IMG20250517153502.jpg,Himsagar,/kaggle/working/small/Himsagar/02260.jpg,7,952,train
/kaggle/input/datasets/researchersajid/mangoclassify-12-native-mango-dataset-from-bd/MangoClassify-12/Himsagar/IMG20250517153514.jpg,Himsagar,/kaggle/working/small/Himsagar/02261.jpg,7,889,train
/kaggle/input/datasets/researchersajid/mangoclassify-12-native-mango-dataset-from-bd/MangoClassify-12/Himsagar/IMG20250517153519.jpg,Himsagar,/kaggle/working/small/Himsagar/02262.jpg,7,827,train
/kaggle/input/datasets/researchersajid/mangoclassify-12-native-mango-dataset-from-bd/MangoClassify-12/Himsagar/IMG20250517153530.jpg,Himsagar,/kaggle/working/small/Himsagar/02263.jpg,7,992,train
/kaggle/input/datasets/researchersajid/mangoclassify-12-native-mango-dataset-from-bd/MangoClassify-12/Himsagar/IMG20250517153606.jpg,Himsagar,/kaggle/working/small/Himsagar/02264.jpg,7,952,train
/kaggle/input/datasets/researchersajid/mangoclassify-12-native-mango-dataset-from-bd/MangoClassify-12/Himsagar/IMG20250517153612.jpg,Himsagar,/kaggle/working/small/Himsagar/02265.jpg,7,754,test
/kaggle/input/datasets/researchersajid/mangoclassify-12-native-mango-dataset-from-bd/MangoClassify-12/Himsagar/IMG20250517153620.jpg,Himsagar,/kaggle/working/small/Himsagar/02266.jpg,7,889,train
/kaggle/input/datasets/researchersajid/mangoclassify-12-native-mango-dataset-from-bd/MangoClassify-12/Himsagar/IMG20250517153634.jpg,Himsagar,/kaggle/working/small/Himsagar/02267.jpg,7,952,train
/kaggle/input/datasets/researchersajid/mangoclassify-12-native-mango-dataset-from-bd/MangoClassify-12/Himsagar/IMG20250517153644.jpg,Himsagar,/kaggle/working/small/Himsagar/02268.jpg,7,889,train
/kaggle/input/datasets/researchersajid/mangoclassify-12-native-mango-dataset-from-bd/MangoClassify-12/Himsagar/IMG20250517153655.jpg,Himsagar,/kaggle/working/small/Himsagar/02269.jpg,7,953,train
/kaggle/input/datasets/researchersajid/mangoclassify-12-native-mango-dataset-from-bd/MangoClassify-12/Himsagar/IMG20250517153703.jpg,Himsagar,/kaggle/working/small/Himsagar/02270.jpg,7,889,train
/kaggle/input/datasets/researchersajid/mangoclassify-12-native-mango-dataset-from-bd/MangoClassify-12/Himsagar/IMG20250517153711.jpg,Himsagar,/kaggle/working/small/Himsagar/02271.jpg,7,827,train
/kaggle/input/datasets/researchersajid/mangoclassify-12-native-mango-dataset-from-bd/MangoClassify-12/Himsagar/IMG20250517153720.jpg,Himsagar,/kaggle/working/small/Himsagar/02272.jpg,7,889,train
/kaggle/input/datasets/researchersajid/mangoclassify-12-native-mango-dataset-from-bd/MangoClassify-12/Himsagar/IMG20250517153805.jpg,Himsagar,/kaggle/working/small/Himsagar/02273.jpg,7,915,train
/kaggle/input/datasets/researchersajid/mangoclassify-12-native-mango-dataset-from-bd/MangoClassify-12/Himsagar/IMG20250517153813.jpg,Himsagar,/kaggle/working/small/Himsagar/02274.jpg,7,955,train
/kaggle/input/datasets/researchersajid/mangoclassify-12-native-mango-dataset-from-bd/MangoClassify-12/Himsagar/IMG20250517153820.jpg,Himsagar,/kaggle/working/small/Himsagar/02275.jpg,7,930,train
/kaggle/input/datasets/researchersajid/mangoclassify-12-native-mango-dataset-from-bd/MangoClassify-12/Himsagar/IMG20250517153843.jpg,Himsagar,/kaggle/working/small/Himsagar/02276.jpg,7,982,test
/kaggle/input/datasets/researchersajid/mangoclassify-12-native-mango-dataset-from-bd/MangoClassify-12/Himsagar/IMG20250517153943.jpg,Himsagar,/kaggle/working/small/Himsagar/02277.jpg,7,914,train
/kaggle/input/datasets/researchersajid/mangoclassify-12-native-mango-dataset-from-bd/MangoClassify-12/Himsagar/IMG20250517153951.jpg,Himsagar,/kaggle/working/small/Himsagar/02278.jpg,7,918,test
/kaggle/input/datasets/researchersajid/mangoclassify-12-native-mango-dataset-from-bd/MangoClassify-12/Himsagar/IMG20250517153957.jpg,Himsagar,/kaggle/working/small/Himsagar/02279.jpg,7,970,test
/kaggle/input/datasets/researchersajid/mangoclassify-12-native-mango-dataset-from-bd/MangoClassify-12/Himsagar/IMG20250517154004.jpg,Himsagar,/kaggle/working/small/Himsagar/02280.jpg,7,914,train
/kaggle/input/datasets/researchersajid/mangoclassify-12-native-mango-dataset-from-bd/MangoClassify-12/Himsagar/IMG20250517154014.jpg,Himsagar,/kaggle/working/small/Himsagar/02281.jpg,7,884,train
/kaggle/input/datasets/researchersajid/mangoclassify-12-native-mango-dataset-from-bd/MangoClassify-12/Himsagar/IMG20250517161256.jpg,Himsagar,/kaggle/working/small/Himsagar/02282.jpg,7,895,train
/kaggle/input/datasets/researchersajid/mangoclassify-12-native-mango-dataset-from-bd/MangoClassify-12/Himsagar/IMG20250517161304.jpg,Himsagar,/kaggle/working/small/Himsagar/02283.jpg,7,895,train
/kaggle/input/datasets/researchersajid/mangoclassify-12-native-mango-dataset-from-bd/MangoClassify-12/Himsagar/IMG20250517161319.jpg,Himsagar,/kaggle/working/small/Himsagar/02284.jpg,7,895,train
/kaggle/input/datasets/researchersajid/mangoclassify-12-native-mango-dataset-from-bd/MangoClassify-12/Himsagar/IMG20250517161327.jpg,Himsagar,/kaggle/working/small/Himsagar/02285.jpg,7,775,train
/kaggle/input/datasets/researchersajid/mangoclassify-12-native-mango-dataset-from-bd/MangoClassify-12/Himsagar/IMG20250517161339.jpg,Himsagar,/kaggle/working/small/Himsagar/02286.jpg,7,909,train
/kaggle/input/datasets/researchersajid/mangoclassify-12-native-mango-dataset-from-bd/MangoClassify-12/Himsagar/IMG20250517161345.jpg,Himsagar,/kaggle/working/small/Himsagar/02287.jpg,7,775,train
/kaggle/input/datasets/researchersajid/mangoclassify-12-native-mango-dataset-from-bd/MangoClassify-12/Himsagar/IMG20250517161405.jpg,Himsagar,/kaggle/working/small/Himsagar/02288.jpg,7,749,train
/kaggle/input/datasets/researchersajid/mangoclassify-12-native-mango-dataset-from-bd/MangoClassify-12/Himsagar/IMG20250517161410.jpg,Himsagar,/kaggle/working/small/Himsagar/02289.jpg,7,749,train
/kaggle/input/datasets/researchersajid/mangoclassify-12-native-mango-dataset-from-bd/MangoClassify-12/Himsagar/IMG20250517161419.jpg,Himsagar,/kaggle/working/small/Himsagar/02290.jpg,7,749,train
/kaggle/input/datasets/researchersajid/mangoclassify-12-native-mango-dataset-from-bd/MangoClassify-12/Himsagar/IMG20250517161433.jpg,Himsagar,/kaggle/working/small/Himsagar/02291.jpg,7,749,train
/kaggle/input/datasets/researchersajid/mangoclassify-12-native-mango-dataset-from-bd/MangoClassify-12/Himsagar/IMG20250517161442.jpg,Himsagar,/kaggle/working/small/Himsagar/02292.jpg,7,749,train
/kaggle/input/datasets/researchersajid/mangoclassify-12-native-mango-dataset-from-bd/MangoClassify-12/Himsagar/IMG20250517161444.jpg,Himsagar,/kaggle/working/small/Himsagar/02293.jpg,7,749,train
/kaggle/input/datasets/researchersajid/mangoclassify-12-native-mango-dataset-from-bd/MangoClassify-12/Himsagar/IMG20250517161447.jpg,Himsagar,/kaggle/working/small/Himsagar/02294.jpg,7,749,train
/kaggle/input/datasets/researchersajid/mangoclassify-12-native-mango-dataset-from-bd/MangoClassify-12/Himsagar/IMG20250517161451.jpg,Himsagar,/kaggle/working/small/Himsagar/02295.jpg,7,749,train
/kaggle/input/datasets/researchersajid/mangoclassify-12-native-mango-dataset-from-bd/MangoClassify-12/Himsagar/IMG20250517161511.jpg,Himsagar,/kaggle/working/small/Himsagar/02296.jpg,7,754,test
/kaggle/input/datasets/researchersajid/mangoclassify-12-native-mango-dataset-from-bd/MangoClassify-12/Himsagar/IMG20250517161512.jpg,Himsagar,/kaggle/working/small/Himsagar/02297.jpg,7,754,test
/kaggle/input/datasets/researchersajid/mangoclassify-12-native-mango-dataset-from-bd/MangoClassify-12/Himsagar/IMG20250517161514.jpg,Himsagar,/kaggle/working/small/Himsagar/02298.jpg,7,754,test
/kaggle/input/datasets/researchersajid/mangoclassify-12-native-mango-dataset-from-bd/MangoClassify-12/Himsagar/IMG20250517161519.jpg,Himsagar,/kaggle/working/small/Himsagar/02299.jpg,7,786,train
/kaggle/input/datasets/researchersajid/mangoclassify-12-native-mango-dataset-from-bd/MangoClassify-12/Himsagar/IMG20250517161520.jpg,Himsagar,/kaggle/working/small/Himsagar/02300.jpg,7,786,train
/kaggle/input/datasets/researchersajid/mangoclassify-12-native-mango-dataset-from-bd/MangoClassify-12/Himsagar/IMG20250517161522.jpg,Himsagar,/kaggle/working/small/Himsagar/02301.jpg,7,786,train
/kaggle/input/datasets/researchersajid/mangoclassify-12-native-mango-dataset-from-bd/MangoClassify-12/Himsagar/IMG20250517161528.jpg,Himsagar,/kaggle/working/small/Himsagar/02302.jpg,7,786,train
/kaggle/input/datasets/researchersajid/mangoclassify-12-native-mango-dataset-from-bd/MangoClassify-12/Himsagar/IMG20250517161532.jpg,Himsagar,/kaggle/working/small/Himsagar/02303.jpg,7,786,train
/kaggle/input/datasets/researchersajid/mangoclassify-12-native-mango-dataset-from-bd/MangoClassify-12/Himsagar/IMG20250517161536.jpg,Himsagar,/kaggle/working/small/Himsagar/02304.jpg,7,786,train
/kaggle/input/datasets/researchersajid/mangoclassify-12-native-mango-dataset-from-bd/MangoClassify-12/Himsagar/IMG20250517161545.jpg,Himsagar,/kaggle/working/small/Himsagar/02305.jpg,7,786,train
/kaggle/input/datasets/researchersajid/mangoclassify-12-native-mango-dataset-from-bd/MangoClassify-12/Himsagar/IMG20250517161549.jpg,Himsagar,/kaggle/working/small/Himsagar/02306.jpg,7,786,train
/kaggle/input/datasets/researchersajid/mangoclassify-12-native-mango-dataset-from-bd/MangoClassify-12/Himsagar/IMG20250517161604.jpg,Himsagar,/kaggle/working/small/Himsagar/02307.jpg,7,850,train
/kaggle/input/datasets/researchersajid/mangoclassify-12-native-mango-dataset-from-bd/MangoClassify-12/Himsagar/IMG20250517161609.jpg,Himsagar,/kaggle/working/small/Himsagar/02308.jpg,7,939,train
/kaggle/input/datasets/researchersajid/mangoclassify-12-native-mango-dataset-from-bd/MangoClassify-12/Himsagar/IMG20250517161615.jpg,Himsagar,/kaggle/working/small/Himsagar/02309.jpg,7,850,train
/kaggle/input/datasets/researchersajid/mangoclassify-12-native-mango-dataset-from-bd/MangoClassify-12/Himsagar/IMG20250517161623.jpg,Himsagar,/kaggle/working/small/Himsagar/02310.jpg,7,770,train
/kaggle/input/datasets/researchersajid/mangoclassify-12-native-mango-dataset-from-bd/MangoClassify-12/Himsagar/IMG20250517161627.jpg,Himsagar,/kaggle/working/small/Himsagar/02311.jpg,7,812,train
/kaggle/input/datasets/researchersajid/mangoclassify-12-native-mango-dataset-from-bd/MangoClassify-12/Himsagar/IMG20250517161636.jpg,Himsagar,/kaggle/working/small/Himsagar/02312.jpg,7,770,train
/kaggle/input/datasets/researchersajid/mangoclassify-12-native-mango-dataset-from-bd/MangoClassify-12/Himsagar/IMG20250517161640.jpg,Himsagar,/kaggle/working/small/Himsagar/02313.jpg,7,878,train
/kaggle/input/datasets/researchersajid/mangoclassify-12-native-mango-dataset-from-bd/MangoClassify-12/Himsagar/IMG20250517161653.jpg,Himsagar,/kaggle/working/small/Himsagar/02314.jpg,7,812,train
/kaggle/input/datasets/researchersajid/mangoclassify-12-native-mango-dataset-from-bd/MangoClassify-12/Himsagar/IMG20250517161659.jpg,Himsagar,/kaggle/working/small/Himsagar/02315.jpg,7,770,train
/kaggle/input/datasets/researchersajid/mangoclassify-12-native-mango-dataset-from-bd/MangoClassify-12/Himsagar/IMG20250517161723.jpg,Himsagar,/kaggle/working/small/Himsagar/02316.jpg,7,783,train
/kaggle/input/datasets/researchersajid/mangoclassify-12-native-mango-dataset-from-bd/MangoClassify-12/Himsagar/IMG20250517161732.jpg,Himsagar,/kaggle/working/small/Himsagar/02317.jpg,7,783,train
/kaggle/input/datasets/researchersajid/mangoclassify-12-native-mango-dataset-from-bd/MangoClassify-12/Himsagar/IMG20250517161739.jpg,Himsagar,/kaggle/working/small/Himsagar/02318.jpg,7,783,train
/kaggle/input/datasets/researchersajid/mangoclassify-12-native-mango-dataset-from-bd/MangoClassify-12/Himsagar/IMG20250517161740.jpg,Himsagar,/kaggle/working/small/Himsagar/02319.jpg,7,783,train
/kaggle/input/datasets/researchersajid/mangoclassify-12-native-mango-dataset-from-bd/MangoClassify-12/Himsagar/IMG20250517161741.jpg,Himsagar,/kaggle/working/small/Himsagar/02320.jpg,7,783,train
/kaggle/input/datasets/researchersajid/mangoclassify-12-native-mango-dataset-from-bd/MangoClassify-12/Himsagar/IMG20250517161748.jpg,Himsagar,/kaggle/working/small/Himsagar/02321.jpg,7,783,train
/kaggle/input/datasets/researchersajid/mangoclassify-12-native-mango-dataset-from-bd/MangoClassify-12/Himsagar/IMG20250517161754.jpg,Himsagar,/kaggle/working/small/Himsagar/02322.jpg,7,783,train
/kaggle/input/datasets/researchersajid/mangoclassify-12-native-mango-dataset-from-bd/MangoClassify-12/Himsagar/IMG20250517161801.jpg,Himsagar,/kaggle/working/small/Himsagar/02323.jpg,7,783,train
/kaggle/input/datasets/researchersajid/mangoclassify-12-native-mango-dataset-from-bd/MangoClassify-12/Himsagar/IMG20250517161804.jpg,Himsagar,/kaggle/working/small/Himsagar/02324.jpg,7,783,train
/kaggle/input/datasets/researchersajid/mangoclassify-12-native-mango-dataset-from-bd/MangoClassify-12/Himsagar/IMG20250517161829.jpg,Himsagar,/kaggle/working/small/Himsagar/02325.jpg,7,902,train
/kaggle/input/datasets/researchersajid/mangoclassify-12-native-mango-dataset-from-bd/MangoClassify-12/Himsagar/IMG20250517161833.jpg,Himsagar,/kaggle/working/small/Himsagar/02326.jpg,7,950,val
/kaggle/input/datasets/researchersajid/mangoclassify-12-native-mango-dataset-from-bd/MangoClassify-12/Himsagar/IMG20250517161838.jpg,Himsagar,/kaggle/working/small/Himsagar/02327.jpg,7,778,test
/kaggle/input/datasets/researchersajid/mangoclassify-12-native-mango-dataset-from-bd/MangoClassify-12/Himsagar/IMG20250517161844.jpg,Himsagar,/kaggle/working/small/Himsagar/02328.jpg,7,778,test
/kaggle/input/datasets/researchersajid/mangoclassify-12-native-mango-dataset-from-bd/MangoClassify-12/Himsagar/IMG20250517161850.jpg,Himsagar,/kaggle/working/small/Himsagar/02329.jpg,7,778,test
/kaggle/input/datasets/researchersajid/mangoclassify-12-native-mango-dataset-from-bd/MangoClassify-12/Himsagar/IMG20250517161906.jpg,Himsagar,/kaggle/working/small/Himsagar/02330.jpg,7,792,train
/kaggle/input/datasets/researchersajid/mangoclassify-12-native-mango-dataset-from-bd/MangoClassify-12/Himsagar/IMG20250517161916.jpg,Himsagar,/kaggle/working/small/Himsagar/02331.jpg,7,792,train
/kaggle/input/datasets/researchersajid/mangoclassify-12-native-mango-dataset-from-bd/MangoClassify-12/Himsagar/IMG20250517161935.jpg,Himsagar,/kaggle/working/small/Himsagar/02332.jpg,7,786,train
/kaggle/input/datasets/researchersajid/mangoclassify-12-native-mango-dataset-from-bd/MangoClassify-12/Himsagar/IMG20250517161936.jpg,Himsagar,/kaggle/working/small/Himsagar/02333.jpg,7,786,train
/kaggle/input/datasets/researchersajid/mangoclassify-12-native-mango-dataset-from-bd/MangoClassify-12/Himsagar/IMG20250517161941.jpg,Himsagar,/kaggle/working/small/Himsagar/02334.jpg,7,786,train
/kaggle/input/datasets/researchersajid/mangoclassify-12-native-mango-dataset-from-bd/MangoClassify-12/Himsagar/IMG20250517161941_01.jpg,Himsagar,/kaggle/working/small/Himsagar/02335.jpg,7,786,train
/kaggle/input/datasets/researchersajid/mangoclassify-12-native-mango-dataset-from-bd/MangoClassify-12/Himsagar/IMG20250517161946.jpg,Himsagar,/kaggle/working/small/Himsagar/02336.jpg,7,786,train
/kaggle/input/datasets/researchersajid/mangoclassify-12-native-mango-dataset-from-bd/MangoClassify-12/Himsagar/IMG20250517161947.jpg,Himsagar,/kaggle/working/small/Himsagar/02337.jpg,7,786,train
/kaggle/input/datasets/researchersajid/mangoclassify-12-native-mango-dataset-from-bd/MangoClassify-12/Himsagar/IMG20250517161951.jpg,Himsagar,/kaggle/working/small/Himsagar/02338.jpg,7,786,train
/kaggle/input/datasets/researchersajid/mangoclassify-12-native-mango-dataset-from-bd/MangoClassify-12/Himsagar/IMG20250517161951_01.jpg,Himsagar,/kaggle/working/small/Himsagar/02339.jpg,7,786,train
/kaggle/input/datasets/researchersajid/mangoclassify-12-native-mango-dataset-from-bd/MangoClassify-12/Himsagar/IMG20250517161956.jpg,Himsagar,/kaggle/working/small/Himsagar/02340.jpg,7,786,train
/kaggle/input/datasets/researchersajid/mangoclassify-12-native-mango-dataset-from-bd/MangoClassify-12/Himsagar/IMG20250517162000.jpg,Himsagar,/kaggle/working/small/Himsagar/02341.jpg,7,898,train
/kaggle/input/datasets/researchersajid/mangoclassify-12-native-mango-dataset-from-bd/MangoClassify-12/Himsagar/IMG20250628174731.jpg,Himsagar,/kaggle/working/small/Himsagar/02342.jpg,7,852,train
/kaggle/input/datasets/researchersajid/mangoclassify-12-native-mango-dataset-from-bd/MangoClassify-12/Himsagar/IMG20250628174731_01.jpg,Himsagar,/kaggle/working/small/Himsagar/02343.jpg,7,852,train
/kaggle/input/datasets/researchersajid/mangoclassify-12-native-mango-dataset-from-bd/MangoClassify-12/Himsagar/IMG20250628174743.jpg,Himsagar,/kaggle/working/small/Himsagar/02344.jpg,7,852,train
/kaggle/input/datasets/researchersajid/mangoclassify-12-native-mango-dataset-from-bd/MangoClassify-12/Himsagar/IMG20250628174744.jpg,Himsagar,/kaggle/working/small/Himsagar/02345.jpg,7,852,train
/kaggle/input/datasets/researchersajid/mangoclassify-12-native-mango-dataset-from-bd/MangoClassify-12/Himsagar/IMG20250628174751.jpg,Himsagar,/kaggle/working/small/Himsagar/02346.jpg,7,852,train
/kaggle/input/datasets/researchersajid/mangoclassify-12-native-mango-dataset-from-bd/MangoClassify-12/Himsagar/IMG20250628174752.jpg,Himsagar,/kaggle/working/small/Himsagar/02347.jpg,7,852,train
/kaggle/input/datasets/researchersajid/mangoclassify-12-native-mango-dataset-from-bd/MangoClassify-12/Himsagar/IMG20250628174757.jpg,Himsagar,/kaggle/working/small/Himsagar/02348.jpg,7,852,train
/kaggle/input/datasets/researchersajid/mangoclassify-12-native-mango-dataset-from-bd/MangoClassify-12/Himsagar/IMG20250628174825.jpg,Himsagar,/kaggle/working/small/Himsagar/02349.jpg,7,787,train
/kaggle/input/datasets/researchersajid/mangoclassify-12-native-mango-dataset-from-bd/MangoClassify-12/Himsagar/IMG20250628174829.jpg,Himsagar,/kaggle/working/small/Himsagar/02350.jpg,7,787,train
/kaggle/input/datasets/researchersajid/mangoclassify-12-native-mango-dataset-from-bd/MangoClassify-12/Himsagar/IMG20250628174837.jpg,Himsagar,/kaggle/working/small/Himsagar/02351.jpg,7,780,train
/kaggle/input/datasets/researchersajid/mangoclassify-12-native-mango-dataset-from-bd/MangoClassify-12/Himsagar/IMG20250628174838.jpg,Himsagar,/kaggle/working/small/Himsagar/02352.jpg,7,780,train
/kaggle/input/datasets/researchersajid/mangoclassify-12-native-mango-dataset-from-bd/MangoClassify-12/Himsagar/IMG20250628174845.jpg,Himsagar,/kaggle/working/small/Himsagar/02353.jpg,7,780,train
/kaggle/input/datasets/researchersajid/mangoclassify-12-native-mango-dataset-from-bd/MangoClassify-12/Himsagar/IMG20250628174846.jpg,Himsagar,/kaggle/working/small/Himsagar/02354.jpg,7,780,train
/kaggle/input/datasets/researchersajid/mangoclassify-12-native-mango-dataset-from-bd/MangoClassify-12/Himsagar/IMG20250628174853.jpg,Himsagar,/kaggle/working/small/Himsagar/02355.jpg,7,787,train
/kaggle/input/datasets/researchersajid/mangoclassify-12-native-mango-dataset-from-bd/MangoClassify-12/Himsagar/IMG20250628174854.jpg,Himsagar,/kaggle/working/small/Himsagar/02356.jpg,7,787,train
/kaggle/input/datasets/researchersajid/mangoclassify-12-native-mango-dataset-from-bd/MangoClassify-12/Himsagar/IMG20250628174910.jpg,Himsagar,/kaggle/working/small/Himsagar/02357.jpg,7,852,train
/kaggle/input/datasets/researchersajid/mangoclassify-12-native-mango-dataset-from-bd/MangoClassify-12/Himsagar/IMG20250628174910_01.jpg,Himsagar,/kaggle/working/small/Himsagar/02358.jpg,7,852,train
/kaggle/input/datasets/researchersajid/mangoclassify-12-native-mango-dataset-from-bd/MangoClassify-12/Himsagar/IMG20250628174916.jpg,Himsagar,/kaggle/working/small/Himsagar/02359.jpg,7,781,train
/kaggle/input/datasets/researchersajid/mangoclassify-12-native-mango-dataset-from-bd/MangoClassify-12/Himsagar/IMG20250628174917.jpg,Himsagar,/kaggle/working/small/Himsagar/02360.jpg,7,781,train
/kaggle/input/datasets/researchersajid/mangoclassify-12-native-mango-dataset-from-bd/MangoClassify-12/Himsagar/IMG20250628174924.jpg,Himsagar,/kaggle/working/small/Himsagar/02361.jpg,7,848,train
/kaggle/input/datasets/researchersajid/mangoclassify-12-native-mango-dataset-from-bd/MangoClassify-12/Himsagar/IMG20250628174926.jpg,Himsagar,/kaggle/working/small/Himsagar/02362.jpg,7,848,train
/kaggle/input/datasets/researchersajid/mangoclassify-12-native-mango-dataset-from-bd/MangoClassify-12/Himsagar/IMG20250628174945.jpg,Himsagar,/kaggle/working/small/Himsagar/02363.jpg,7,781,train
/kaggle/input/datasets/researchersajid/mangoclassify-12-native-mango-dataset-from-bd/MangoClassify-12/Himsagar/IMG20250628174946.jpg,Himsagar,/kaggle/working/small/Himsagar/02364.jpg,7,781,train
/kaggle/input/datasets/researchersajid/mangoclassify-12-native-mango-dataset-from-bd/MangoClassify-12/Himsagar/IMG20250628174958.jpg,Himsagar,/kaggle/working/small/Himsagar/02365.jpg,7,920,train
/kaggle/input/datasets/researchersajid/mangoclassify-12-native-mango-dataset-from-bd/MangoClassify-12/Himsagar/IMG20250628175003.jpg,Himsagar,/kaggle/working/small/Himsagar/02366.jpg,7,853,train
/kaggle/input/datasets/researchersajid/mangoclassify-12-native-mango-dataset-from-bd/MangoClassify-12/Himsagar/IMG20250628175004.jpg,Himsagar,/kaggle/working/small/Himsagar/02367.jpg,7,853,train
/kaggle/input/datasets/researchersajid/mangoclassify-12-native-mango-dataset-from-bd/MangoClassify-12/Himsagar/IMG20250628175009.jpg,Himsagar,/kaggle/working/small/Himsagar/02368.jpg,7,853,train
/kaggle/input/datasets/researchersajid/mangoclassify-12-native-mango-dataset-from-bd/MangoClassify-12/Himsagar/IMG20250628175034.jpg,Himsagar,/kaggle/working/small/Himsagar/02369.jpg,7,976,val
/kaggle/input/datasets/researchersajid/mangoclassify-12-native-mango-dataset-from-bd/MangoClassify-12/Himsagar/IMG20250628175035.jpg,Himsagar,/kaggle/working/small/Himsagar/02370.jpg,7,976,val
/kaggle/input/datasets/researchersajid/mangoclassify-12-native-mango-dataset-from-bd/MangoClassify-12/Himsagar/IMG20250628175041.jpg,Himsagar,/kaggle/working/small/Himsagar/02371.jpg,7,799,test
/kaggle/input/datasets/researchersajid/mangoclassify-12-native-mango-dataset-from-bd/MangoClassify-12/Himsagar/IMG20250628175042.jpg,Himsagar,/kaggle/working/small/Himsagar/02372.jpg,7,799,test
/kaggle/input/datasets/researchersajid/mangoclassify-12-native-mango-dataset-from-bd/MangoClassify-12/Himsagar/IMG20250628175048.jpg,Himsagar,/kaggle/working/small/Himsagar/02373.jpg,7,765,val
/kaggle/input/datasets/researchersajid/mangoclassify-12-native-mango-dataset-from-bd/MangoClassify-12/Himsagar/IMG20250628175051.jpg,Himsagar,/kaggle/working/small/Himsagar/02374.jpg,7,765,val
/kaggle/input/datasets/researchersajid/mangoclassify-12-native-mango-dataset-from-bd/MangoClassify-12/Himsagar/IMG20250628175059.jpg,Himsagar,/kaggle/working/small/Himsagar/02375.jpg,7,799,test
/kaggle/input/datasets/researchersajid/mangoclassify-12-native-mango-dataset-from-bd/MangoClassify-12/Himsagar/IMG20250628175101.jpg,Himsagar,/kaggle/working/small/Himsagar/02376.jpg,7,799,test
/kaggle/input/datasets/researchersajid/mangoclassify-12-native-mango-dataset-from-bd/MangoClassify-12/Himsagar/IMG20250628175127.jpg,Himsagar,/kaggle/working/small/Himsagar/02377.jpg,7,804,test
/kaggle/input/datasets/researchersajid/mangoclassify-12-native-mango-dataset-from-bd/MangoClassify-12/Himsagar/IMG20250628175128.jpg,Himsagar,/kaggle/working/small/Himsagar/02378.jpg,7,804,test
/kaggle/input/datasets/researchersajid/mangoclassify-12-native-mango-dataset-from-bd/MangoClassify-12/Himsagar/IMG20250628175132.jpg,Himsagar,/kaggle/working/small/Himsagar/02379.jpg,7,804,test
/kaggle/input/datasets/researchersajid/mangoclassify-12-native-mango-dataset-from-bd/MangoClassify-12/Himsagar/IMG20250628175134.jpg,Himsagar,/kaggle/working/small/Himsagar/02380.jpg,7,804,test
/kaggle/input/datasets/researchersajid/mangoclassify-12-native-mango-dataset-from-bd/MangoClassify-12/Himsagar/IMG20250628175141.jpg,Himsagar,/kaggle/working/small/Himsagar/02381.jpg,7,919,train
/kaggle/input/datasets/researchersajid/mangoclassify-12-native-mango-dataset-from-bd/MangoClassify-12/Himsagar/IMG20250628175156.jpg,Himsagar,/kaggle/working/small/Himsagar/02382.jpg,7,804,test
/kaggle/input/datasets/researchersajid/mangoclassify-12-native-mango-dataset-from-bd/MangoClassify-12/Himsagar/IMG20250628175211.jpg,Himsagar,/kaggle/working/small/Himsagar/02383.jpg,7,817,val
/kaggle/input/datasets/researchersajid/mangoclassify-12-native-mango-dataset-from-bd/MangoClassify-12/Himsagar/IMG20250628175216.jpg,Himsagar,/kaggle/working/small/Himsagar/02384.jpg,7,817,val
/kaggle/input/datasets/researchersajid/mangoclassify-12-native-mango-dataset-from-bd/MangoClassify-12/Himsagar/IMG20250628175226.jpg,Himsagar,/kaggle/working/small/Himsagar/02385.jpg,7,765,val
/kaggle/input/datasets/researchersajid/mangoclassify-12-native-mango-dataset-from-bd/MangoClassify-12/Himsagar/IMG20250628175227.jpg,Himsagar,/kaggle/working/small/Himsagar/02386.jpg,7,765,val
/kaggle/input/datasets/researchersajid/mangoclassify-12-native-mango-dataset-from-bd/MangoClassify-12/Himsagar/IMG20250628175233.jpg,Himsagar,/kaggle/working/small/Himsagar/02387.jpg,7,799,test
/kaggle/input/datasets/researchersajid/mangoclassify-12-native-mango-dataset-from-bd/MangoClassify-12/Himsagar/IMG20250628175243.jpg,Himsagar,/kaggle/working/small/Himsagar/02388.jpg,7,817,val
/kaggle/input/datasets/researchersajid/mangoclassify-12-native-mango-dataset-from-bd/MangoClassify-12/Himsagar/IMG_20250517_143013.jpg,Himsagar,/kaggle/working/small/Himsagar/02389.jpg,7,796,train
/kaggle/input/datasets/researchersajid/mangoclassify-12-native-mango-dataset-from-bd/MangoClassify-12/Himsagar/IMG_20250517_143052.jpg,Himsagar,/kaggle/working/small/Himsagar/02390.jpg,7,796,train
/kaggle/input/datasets/researchersajid/mangoclassify-12-native-mango-dataset-from-bd/MangoClassify-12/Himsagar/IMG_20250517_143118.jpg,Himsagar,/kaggle/working/small/Himsagar/02391.jpg,7,796,train
/kaggle/input/datasets/researchersajid/mangoclassify-12-native-mango-dataset-from-bd/MangoClassify-12/Himsagar/IMG_20250517_143203.jpg,Himsagar,/kaggle/working/small/Himsagar/02392.jpg,7,803,train
/kaggle/input/datasets/researchersajid/mangoclassify-12-native-mango-dataset-from-bd/MangoClassify-12/Himsagar/IMG_20250517_143219.jpg,Himsagar,/kaggle/working/small/Himsagar/02393.jpg,7,921,val
/kaggle/input/datasets/researchersajid/mangoclassify-12-native-mango-dataset-from-bd/MangoClassify-12/Himsagar/IMG_20250517_143235.jpg,Himsagar,/kaggle/working/small/Himsagar/02394.jpg,7,803,train
/kaggle/input/datasets/researchersajid/mangoclassify-12-native-mango-dataset-from-bd/MangoClassify-12/Himsagar/IMG_20250517_143244.jpg,Himsagar,/kaggle/working/small/Himsagar/02395.jpg,7,938,train
/kaggle/input/datasets/researchersajid/mangoclassify-12-native-mango-dataset-from-bd/MangoClassify-12/Himsagar/IMG_20250517_143250.jpg,Himsagar,/kaggle/working/small/Himsagar/02396.jpg,7,767,train
/kaggle/input/datasets/researchersajid/mangoclassify-12-native-mango-dataset-from-bd/MangoClassify-12/Himsagar/IMG_20250517_143251.jpg,Himsagar,/kaggle/working/small/Himsagar/02397.jpg,7,767,train
/kaggle/input/datasets/researchersajid/mangoclassify-12-native-mango-dataset-from-bd/MangoClassify-12/Himsagar/IMG_20250517_143300.jpg,Himsagar,/kaggle/working/small/Himsagar/02398.jpg,7,958,train
/kaggle/input/datasets/researchersajid/mangoclassify-12-native-mango-dataset-from-bd/MangoClassify-12/Himsagar/IMG_20250517_143304.jpg,Himsagar,/kaggle/working/small/Himsagar/02399.jpg,7,923,test
/kaggle/input/datasets/researchersajid/mangoclassify-12-native-mango-dataset-from-bd/MangoClassify-12/Himsagar/IMG_20250517_143403.jpg,Himsagar,/kaggle/working/small/Himsagar/02400.jpg,7,772,train
/kaggle/input/datasets/researchersajid/mangoclassify-12-native-mango-dataset-from-bd/MangoClassify-12/Himsagar/IMG_20250517_143414.jpg,Himsagar,/kaggle/working/small/Himsagar/02401.jpg,7,973,test
/kaggle/input/datasets/researchersajid/mangoclassify-12-native-mango-dataset-from-bd/MangoClassify-12/Himsagar/IMG_20250517_143434.jpg,Himsagar,/kaggle/working/small/Himsagar/02402.jpg,7,767,train
/kaggle/input/datasets/researchersajid/mangoclassify-12-native-mango-dataset-from-bd/MangoClassify-12/Himsagar/IMG_20250517_143444.jpg,Himsagar,/kaggle/working/small/Himsagar/02403.jpg,7,934,val
/kaggle/input/datasets/researchersajid/mangoclassify-12-native-mango-dataset-from-bd/MangoClassify-12/Himsagar/IMG_20250517_143501.jpg,Himsagar,/kaggle/working/small/Himsagar/02404.jpg,7,824,val
/kaggle/input/datasets/researchersajid/mangoclassify-12-native-mango-dataset-from-bd/MangoClassify-12/Himsagar/IMG_20250517_143508.jpg,Himsagar,/kaggle/working/small/Himsagar/02405.jpg,7,948,val
/kaggle/input/datasets/researchersajid/mangoclassify-12-native-mango-dataset-from-bd/MangoClassify-12/Himsagar/IMG_20250517_143514.jpg,Himsagar,/kaggle/working/small/Himsagar/02406.jpg,7,945,train
/kaggle/input/datasets/researchersajid/mangoclassify-12-native-mango-dataset-from-bd/MangoClassify-12/Himsagar/IMG_20250517_143528.jpg,Himsagar,/kaggle/working/small/Himsagar/02407.jpg,7,824,val
/kaggle/input/datasets/researchersajid/mangoclassify-12-native-mango-dataset-from-bd/MangoClassify-12/Himsagar/IMG_20250517_143536.jpg,Himsagar,/kaggle/working/small/Himsagar/02408.jpg,7,813,train
/kaggle/input/datasets/researchersajid/mangoclassify-12-native-mango-dataset-from-bd/MangoClassify-12/Himsagar/IMG_20250517_143619.jpg,Himsagar,/kaggle/working/small/Himsagar/02409.jpg,7,951,train
/kaggle/input/datasets/researchersajid/mangoclassify-12-native-mango-dataset-from-bd/MangoClassify-12/Himsagar/IMG_20250517_143636.jpg,Himsagar,/kaggle/working/small/Himsagar/02410.jpg,7,900,val
/kaggle/input/datasets/researchersajid/mangoclassify-12-native-mango-dataset-from-bd/MangoClassify-12/Himsagar/IMG_20250517_143658.jpg,Himsagar,/kaggle/working/small/Himsagar/02411.jpg,7,807,train
/kaggle/input/datasets/researchersajid/mangoclassify-12-native-mango-dataset-from-bd/MangoClassify-12/Himsagar/IMG_20250517_143707.jpg,Himsagar,/kaggle/working/small/Himsagar/02412.jpg,7,922,val
/kaggle/input/datasets/researchersajid/mangoclassify-12-native-mango-dataset-from-bd/MangoClassify-12/Himsagar/IMG_20250517_144821.jpg,Himsagar,/kaggle/working/small/Himsagar/02413.jpg,7,841,train
/kaggle/input/datasets/researchersajid/mangoclassify-12-native-mango-dataset-from-bd/MangoClassify-12/Himsagar/IMG_20250517_144825.jpg,Himsagar,/kaggle/working/small/Himsagar/02414.jpg,7,841,train
/kaggle/input/datasets/researchersajid/mangoclassify-12-native-mango-dataset-from-bd/MangoClassify-12/Himsagar/IMG_20250517_144832.jpg,Himsagar,/kaggle/working/small/Himsagar/02415.jpg,7,752,test
/kaggle/input/datasets/researchersajid/mangoclassify-12-native-mango-dataset-from-bd/MangoClassify-12/Himsagar/IMG_20250517_144853.jpg,Himsagar,/kaggle/working/small/Himsagar/02416.jpg,7,985,train
/kaggle/input/datasets/researchersajid/mangoclassify-12-native-mango-dataset-from-bd/MangoClassify-12/Himsagar/IMG_20250517_144902.jpg,Himsagar,/kaggle/working/small/Himsagar/02417.jpg,7,990,val
/kaggle/input/datasets/researchersajid/mangoclassify-12-native-mango-dataset-from-bd/MangoClassify-12/Himsagar/IMG_20250517_144907.jpg,Himsagar,/kaggle/working/small/Himsagar/02418.jpg,7,924,val
/kaggle/input/datasets/researchersajid/mangoclassify-12-native-mango-dataset-from-bd/MangoClassify-12/Himsagar/IMG_20250517_144923.jpg,Himsagar,/kaggle/working/small/Himsagar/02419.jpg,7,981,train
/kaggle/input/datasets/researchersajid/mangoclassify-12-native-mango-dataset-from-bd/MangoClassify-12/Himsagar/IMG_20250517_144934.jpg,Himsagar,/kaggle/working/small/Himsagar/02420.jpg,7,752,test
/kaggle/input/datasets/researchersajid/mangoclassify-12-native-mango-dataset-from-bd/MangoClassify-12/Himsagar/IMG_20250517_144950.jpg,Himsagar,/kaggle/working/small/Himsagar/02421.jpg,7,752,test
/kaggle/input/datasets/researchersajid/mangoclassify-12-native-mango-dataset-from-bd/MangoClassify-12/Himsagar/IMG_20250517_144956.jpg,Himsagar,/kaggle/working/small/Himsagar/02422.jpg,7,963,test
/kaggle/input/datasets/researchersajid/mangoclassify-12-native-mango-dataset-from-bd/MangoClassify-12/Himsagar/IMG_20250517_145013.jpg,Himsagar,/kaggle/working/small/Himsagar/02423.jpg,7,944,train
/kaggle/input/datasets/researchersajid/mangoclassify-12-native-mango-dataset-from-bd/MangoClassify-12/Himsagar/IMG_20250517_145020.jpg,Himsagar,/kaggle/working/small/Himsagar/02424.jpg,7,752,test
/kaggle/input/datasets/researchersajid/mangoclassify-12-native-mango-dataset-from-bd/MangoClassify-12/Himsagar/IMG_20250517_145029.jpg,Himsagar,/kaggle/working/small/Himsagar/02425.jpg,7,886,train
/kaggle/input/datasets/researchersajid/mangoclassify-12-native-mango-dataset-from-bd/MangoClassify-12/Himsagar/IMG_20250517_153022.jpg,Himsagar,/kaggle/working/small/Himsagar/02426.jpg,7,837,train
/kaggle/input/datasets/researchersajid/mangoclassify-12-native-mango-dataset-from-bd/MangoClassify-12/Himsagar/IMG_20250517_153028.jpg,Himsagar,/kaggle/working/small/Himsagar/02427.jpg,7,966,train
/kaggle/input/datasets/researchersajid/mangoclassify-12-native-mango-dataset-from-bd/MangoClassify-12/Himsagar/IMG_20250517_153036.jpg,Himsagar,/kaggle/working/small/Himsagar/02428.jpg,7,925,train
/kaggle/input/datasets/researchersajid/mangoclassify-12-native-mango-dataset-from-bd/MangoClassify-12/Himsagar/IMG_20250517_153049.jpg,Himsagar,/kaggle/working/small/Himsagar/02429.jpg,7,837,train
/kaggle/input/datasets/researchersajid/mangoclassify-12-native-mango-dataset-from-bd/MangoClassify-12/Himsagar/IMG_20250517_153108.jpg,Himsagar,/kaggle/working/small/Himsagar/02430.jpg,7,782,val
/kaggle/input/datasets/researchersajid/mangoclassify-12-native-mango-dataset-from-bd/MangoClassify-12/Himsagar/IMG_20250517_153114.jpg,Himsagar,/kaggle/working/small/Himsagar/02431.jpg,7,986,train
/kaggle/input/datasets/researchersajid/mangoclassify-12-native-mango-dataset-from-bd/MangoClassify-12/Himsagar/IMG_20250517_153120.jpg,Himsagar,/kaggle/working/small/Himsagar/02432.jpg,7,947,test
/kaggle/input/datasets/researchersajid/mangoclassify-12-native-mango-dataset-from-bd/MangoClassify-12/Himsagar/IMG_20250517_153128.jpg,Himsagar,/kaggle/working/small/Himsagar/02433.jpg,7,768,test
/kaggle/input/datasets/researchersajid/mangoclassify-12-native-mango-dataset-from-bd/MangoClassify-12/Himsagar/IMG_20250517_153210.jpg,Himsagar,/kaggle/working/small/Himsagar/02434.jpg,7,825,test
/kaggle/input/datasets/researchersajid/mangoclassify-12-native-mango-dataset-from-bd/MangoClassify-12/Himsagar/IMG_20250517_153224.jpg,Himsagar,/kaggle/working/small/Himsagar/02435.jpg,7,846,train
/kaggle/input/datasets/researchersajid/mangoclassify-12-native-mango-dataset-from-bd/MangoClassify-12/Himsagar/IMG_20250517_153235.jpg,Himsagar,/kaggle/working/small/Himsagar/02436.jpg,7,833,train
/kaggle/input/datasets/researchersajid/mangoclassify-12-native-mango-dataset-from-bd/MangoClassify-12/Himsagar/IMG_20250517_153257.jpg,Himsagar,/kaggle/working/small/Himsagar/02437.jpg,7,899,train
/kaggle/input/datasets/researchersajid/mangoclassify-12-native-mango-dataset-from-bd/MangoClassify-12/Himsagar/IMG_20250517_153303.jpg,Himsagar,/kaggle/working/small/Himsagar/02438.jpg,7,908,train
/kaggle/input/datasets/researchersajid/mangoclassify-12-native-mango-dataset-from-bd/MangoClassify-12/Himsagar/IMG_20250517_153307.jpg,Himsagar,/kaggle/working/small/Himsagar/02439.jpg,7,782,val
/kaggle/input/datasets/researchersajid/mangoclassify-12-native-mango-dataset-from-bd/MangoClassify-12/Himsagar/IMG_20250517_153313.jpg,Himsagar,/kaggle/working/small/Himsagar/02440.jpg,7,905,val
/kaggle/input/datasets/researchersajid/mangoclassify-12-native-mango-dataset-from-bd/MangoClassify-12/Himsagar/IMG_20250517_153344.jpg,Himsagar,/kaggle/working/small/Himsagar/02441.jpg,7,851,test
/kaggle/input/datasets/researchersajid/mangoclassify-12-native-mango-dataset-from-bd/MangoClassify-12/Himsagar/IMG_20250517_153350.jpg,Himsagar,/kaggle/working/small/Himsagar/02442.jpg,7,766,test
/kaggle/input/datasets/researchersajid/mangoclassify-12-native-mango-dataset-from-bd/MangoClassify-12/Himsagar/IMG_20250517_153355.jpg,Himsagar,/kaggle/working/small/Himsagar/02443.jpg,7,865,train
/kaggle/input/datasets/researchersajid/mangoclassify-12-native-mango-dataset-from-bd/MangoClassify-12/Himsagar/IMG_20250517_153359.jpg,Himsagar,/kaggle/working/small/Himsagar/02444.jpg,7,809,train
/kaggle/input/datasets/researchersajid/mangoclassify-12-native-mango-dataset-from-bd/MangoClassify-12/Himsagar/IMG_20250517_153406.jpg,Himsagar,/kaggle/working/small/Himsagar/02445.jpg,7,809,train
/kaggle/input/datasets/researchersajid/mangoclassify-12-native-mango-dataset-from-bd/MangoClassify-12/Himsagar/IMG_20250517_153420.jpg,Himsagar,/kaggle/working/small/Himsagar/02446.jpg,7,809,train
/kaggle/input/datasets/researchersajid/mangoclassify-12-native-mango-dataset-from-bd/MangoClassify-12/Himsagar/IMG_20250517_153438.jpg,Himsagar,/kaggle/working/small/Himsagar/02447.jpg,7,875,test
/kaggle/input/datasets/researchersajid/mangoclassify-12-native-mango-dataset-from-bd/MangoClassify-12/Himsagar/IMG_20250517_153443.jpg,Himsagar,/kaggle/working/small/Himsagar/02448.jpg,7,794,train
/kaggle/input/datasets/researchersajid/mangoclassify-12-native-mango-dataset-from-bd/MangoClassify-12/Himsagar/IMG_20250517_153447.jpg,Himsagar,/kaggle/working/small/Himsagar/02449.jpg,7,805,val
/kaggle/input/datasets/researchersajid/mangoclassify-12-native-mango-dataset-from-bd/MangoClassify-12/Himsagar/IMG_20250517_153455.jpg,Himsagar,/kaggle/working/small/Himsagar/02450.jpg,7,794,train
/kaggle/input/datasets/researchersajid/mangoclassify-12-native-mango-dataset-from-bd/MangoClassify-12/Himsagar/IMG_20250517_153459.jpg,Himsagar,/kaggle/working/small/Himsagar/02451.jpg,7,774,train
/kaggle/input/datasets/researchersajid/mangoclassify-12-native-mango-dataset-from-bd/MangoClassify-12/Himsagar/IMG_20250517_153504.jpg,Himsagar,/kaggle/working/small/Himsagar/02452.jpg,7,805,val
/kaggle/input/datasets/researchersajid/mangoclassify-12-native-mango-dataset-from-bd/MangoClassify-12/Himsagar/IMG_20250517_153516.jpg,Himsagar,/kaggle/working/small/Himsagar/02453.jpg,7,805,val
/kaggle/input/datasets/researchersajid/mangoclassify-12-native-mango-dataset-from-bd/MangoClassify-12/Himsagar/IMG_20250517_153533.jpg,Himsagar,/kaggle/working/small/Himsagar/02454.jpg,7,753,train
/kaggle/input/datasets/researchersajid/mangoclassify-12-native-mango-dataset-from-bd/MangoClassify-12/Himsagar/IMG_20250517_153546.jpg,Himsagar,/kaggle/working/small/Himsagar/02455.jpg,7,753,train
/kaggle/input/datasets/researchersajid/mangoclassify-12-native-mango-dataset-from-bd/MangoClassify-12/Himsagar/IMG_20250517_153553.jpg,Himsagar,/kaggle/working/small/Himsagar/02456.jpg,7,766,test
/kaggle/input/datasets/researchersajid/mangoclassify-12-native-mango-dataset-from-bd/MangoClassify-12/Himsagar/IMG_20250517_153604.jpg,Himsagar,/kaggle/working/small/Himsagar/02457.jpg,7,904,test
/kaggle/input/datasets/researchersajid/mangoclassify-12-native-mango-dataset-from-bd/MangoClassify-12/Himsagar/IMG_20250517_153628.jpg,Himsagar,/kaggle/working/small/Himsagar/02458.jpg,7,805,val
/kaggle/input/datasets/researchersajid/mangoclassify-12-native-mango-dataset-from-bd/MangoClassify-12/Himsagar/IMG_20250517_153640.jpg,Himsagar,/kaggle/working/small/Himsagar/02459.jpg,7,949,train
/kaggle/input/datasets/researchersajid/mangoclassify-12-native-mango-dataset-from-bd/MangoClassify-12/Himsagar/IMG_20250517_153648.jpg,Himsagar,/kaggle/working/small/Himsagar/02460.jpg,7,766,test
/kaggle/input/datasets/researchersajid/mangoclassify-12-native-mango-dataset-from-bd/MangoClassify-12/Himsagar/IMG_20250517_153650.jpg,Himsagar,/kaggle/working/small/Himsagar/02461.jpg,7,766,test
/kaggle/input/datasets/researchersajid/mangoclassify-12-native-mango-dataset-from-bd/MangoClassify-12/Himsagar/IMG_20250517_153655.jpg,Himsagar,/kaggle/working/small/Himsagar/02462.jpg,7,753,train
/kaggle/input/datasets/researchersajid/mangoclassify-12-native-mango-dataset-from-bd/MangoClassify-12/Himsagar/IMG_20250517_153705.jpg,Himsagar,/kaggle/working/small/Himsagar/02463.jpg,7,753,train
/kaggle/input/datasets/researchersajid/mangoclassify-12-native-mango-dataset-from-bd/MangoClassify-12/Himsagar/IMG_20250517_153730.jpg,Himsagar,/kaggle/working/small/Himsagar/02464.jpg,7,788,val
/kaggle/input/datasets/researchersajid/mangoclassify-12-native-mango-dataset-from-bd/MangoClassify-12/Himsagar/IMG_20250517_153738.jpg,Himsagar,/kaggle/working/small/Himsagar/02465.jpg,7,768,test
/kaggle/input/datasets/researchersajid/mangoclassify-12-native-mango-dataset-from-bd/MangoClassify-12/Himsagar/IMG_20250517_153748.jpg,Himsagar,/kaggle/working/small/Himsagar/02466.jpg,7,768,test
/kaggle/input/datasets/researchersajid/mangoclassify-12-native-mango-dataset-from-bd/MangoClassify-12/Himsagar/IMG_20250517_153757.jpg,Himsagar,/kaggle/working/small/Himsagar/02467.jpg,7,768,test
/kaggle/input/datasets/researchersajid/mangoclassify-12-native-mango-dataset-from-bd/MangoClassify-12/Himsagar/IMG_20250517_153802.jpg,Himsagar,/kaggle/working/small/Himsagar/02468.jpg,7,788,val
/kaggle/input/datasets/researchersajid/mangoclassify-12-native-mango-dataset-from-bd/MangoClassify-12/Himsagar/IMG_20250517_153816.jpg,Himsagar,/kaggle/working/small/Himsagar/02469.jpg,7,772,train
/kaggle/input/datasets/researchersajid/mangoclassify-12-native-mango-dataset-from-bd/MangoClassify-12/Himsagar/IMG_20250517_153830.jpg,Himsagar,/kaggle/working/small/Himsagar/02470.jpg,7,980,val
/kaggle/input/datasets/researchersajid/mangoclassify-12-native-mango-dataset-from-bd/MangoClassify-12/Himsagar/IMG_20250517_153839.jpg,Himsagar,/kaggle/working/small/Himsagar/02471.jpg,7,876,train
/kaggle/input/datasets/researchersajid/mangoclassify-12-native-mango-dataset-from-bd/MangoClassify-12/Himsagar/IMG_20250517_153849.jpg,Himsagar,/kaggle/working/small/Himsagar/02472.jpg,7,882,val
/kaggle/input/datasets/researchersajid/mangoclassify-12-native-mango-dataset-from-bd/MangoClassify-12/Himsagar/IMG_20250517_153856.jpg,Himsagar,/kaggle/working/small/Himsagar/02473.jpg,7,847,train
/kaggle/input/datasets/researchersajid/mangoclassify-12-native-mango-dataset-from-bd/MangoClassify-12/Himsagar/IMG_20250517_153921.jpg,Himsagar,/kaggle/working/small/Himsagar/02474.jpg,7,987,train
/kaggle/input/datasets/researchersajid/mangoclassify-12-native-mango-dataset-from-bd/MangoClassify-12/Himsagar/IMG_20250517_153932.jpg,Himsagar,/kaggle/working/small/Himsagar/02475.jpg,7,916,train
/kaggle/input/datasets/researchersajid/mangoclassify-12-native-mango-dataset-from-bd/MangoClassify-12/Himsagar/IMG_20250517_153942.jpg,Himsagar,/kaggle/working/small/Himsagar/02476.jpg,7,962,train
/kaggle/input/datasets/researchersajid/mangoclassify-12-native-mango-dataset-from-bd/MangoClassify-12/Himsagar/IMG_20250517_153947.jpg,Himsagar,/kaggle/working/small/Himsagar/02477.jpg,7,874,train
/kaggle/input/datasets/researchersajid/mangoclassify-12-native-mango-dataset-from-bd/MangoClassify-12/Himsagar/IMG_20250517_154012.jpg,Himsagar,/kaggle/working/small/Himsagar/02478.jpg,7,880,test
/kaggle/input/datasets/researchersajid/mangoclassify-12-native-mango-dataset-from-bd/MangoClassify-12/Himsagar/IMG_20250517_154025.jpg,Himsagar,/kaggle/working/small/Himsagar/02479.jpg,7,851,test
/kaggle/input/datasets/researchersajid/mangoclassify-12-native-mango-dataset-from-bd/MangoClassify-12/Himsagar/IMG_20250517_154031.jpg,Himsagar,/kaggle/working/small/Himsagar/02480.jpg,7,931,train
/kaggle/input/datasets/researchersajid/mangoclassify-12-native-mango-dataset-from-bd/MangoClassify-12/Himsagar/IMG_20250517_154036.jpg,Himsagar,/kaggle/working/small/Himsagar/02481.jpg,7,766,test
/kaggle/input/datasets/researchersajid/mangoclassify-12-native-mango-dataset-from-bd/MangoClassify-12/Himsagar/IMG_20250517_161247.jpg,Himsagar,/kaggle/working/small/Himsagar/02482.jpg,7,793,train
/kaggle/input/datasets/researchersajid/mangoclassify-12-native-mango-dataset-from-bd/MangoClassify-12/Himsagar/IMG_20250517_161253.jpg,Himsagar,/kaggle/working/small/Himsagar/02483.jpg,7,771,train
/kaggle/input/datasets/researchersajid/mangoclassify-12-native-mango-dataset-from-bd/MangoClassify-12/Himsagar/IMG_20250517_161316.jpg,Himsagar,/kaggle/working/small/Himsagar/02484.jpg,7,793,train
/kaggle/input/datasets/researchersajid/mangoclassify-12-native-mango-dataset-from-bd/MangoClassify-12/Himsagar/IMG_20250517_161332.jpg,Himsagar,/kaggle/working/small/Himsagar/02485.jpg,7,771,train
/kaggle/input/datasets/researchersajid/mangoclassify-12-native-mango-dataset-from-bd/MangoClassify-12/Himsagar/IMG_20250517_161347.jpg,Himsagar,/kaggle/working/small/Himsagar/02486.jpg,7,965,train
/kaggle/input/datasets/researchersajid/mangoclassify-12-native-mango-dataset-from-bd/MangoClassify-12/Himsagar/IMG_20250517_161405.jpg,Himsagar,/kaggle/working/small/Himsagar/02487.jpg,7,978,train
/kaggle/input/datasets/researchersajid/mangoclassify-12-native-mango-dataset-from-bd/MangoClassify-12/Himsagar/IMG_20250517_161416.jpg,Himsagar,/kaggle/working/small/Himsagar/02488.jpg,7,926,train
/kaggle/input/datasets/researchersajid/mangoclassify-12-native-mango-dataset-from-bd/MangoClassify-12/Himsagar/IMG_20250517_161422.jpg,Himsagar,/kaggle/working/small/Himsagar/02489.jpg,7,870,train
/kaggle/input/datasets/researchersajid/mangoclassify-12-native-mango-dataset-from-bd/MangoClassify-12/Himsagar/IMG_20250517_161441.jpg,Himsagar,/kaggle/working/small/Himsagar/02490.jpg,7,828,train
/kaggle/input/datasets/researchersajid/mangoclassify-12-native-mango-dataset-from-bd/MangoClassify-12/Himsagar/IMG_20250517_161442.jpg,Himsagar,/kaggle/working/small/Himsagar/02491.jpg,7,828,train
/kaggle/input/datasets/researchersajid/mangoclassify-12-native-mango-dataset-from-bd/MangoClassify-12/Himsagar/IMG_20250517_161458.jpg,Himsagar,/kaggle/working/small/Himsagar/02492.jpg,7,942,train
/kaggle/input/datasets/researchersajid/mangoclassify-12-native-mango-dataset-from-bd/MangoClassify-12/Himsagar/IMG_20250517_161506.jpg,Himsagar,/kaggle/working/small/Himsagar/02493.jpg,7,771,train
/kaggle/input/datasets/researchersajid/mangoclassify-12-native-mango-dataset-from-bd/MangoClassify-12/Himsagar/IMG_20250517_161519.jpg,Himsagar,/kaggle/working/small/Himsagar/02494.jpg,7,752,test
/kaggle/input/datasets/researchersajid/mangoclassify-12-native-mango-dataset-from-bd/MangoClassify-12/Himsagar/IMG_20250517_161524.jpg,Himsagar,/kaggle/working/small/Himsagar/02495.jpg,7,885,train
/kaggle/input/datasets/researchersajid/mangoclassify-12-native-mango-dataset-from-bd/MangoClassify-12/Himsagar/IMG_20250517_161543.jpg,Himsagar,/kaggle/working/small/Himsagar/02496.jpg,7,823,train
/kaggle/input/datasets/researchersajid/mangoclassify-12-native-mango-dataset-from-bd/MangoClassify-12/Himsagar/IMG_20250517_161553.jpg,Himsagar,/kaggle/working/small/Himsagar/02497.jpg,7,933,train
/kaggle/input/datasets/researchersajid/mangoclassify-12-native-mango-dataset-from-bd/MangoClassify-12/Himsagar/IMG_20250517_161558.jpg,Himsagar,/kaggle/working/small/Himsagar/02498.jpg,7,887,train
/kaggle/input/datasets/researchersajid/mangoclassify-12-native-mango-dataset-from-bd/MangoClassify-12/Himsagar/IMG_20250517_161620.jpg,Himsagar,/kaggle/working/small/Himsagar/02499.jpg,7,840,test
/kaggle/input/datasets/researchersajid/mangoclassify-12-native-mango-dataset-from-bd/MangoClassify-12/Himsagar/IMG_20250517_161626.jpg,Himsagar,/kaggle/working/small/Himsagar/02500.jpg,7,972,train
/kaggle/input/datasets/researchersajid/mangoclassify-12-native-mango-dataset-from-bd/MangoClassify-12/Himsagar/IMG_20250517_161632.jpg,Himsagar,/kaggle/working/small/Himsagar/02501.jpg,7,896,train
/kaggle/input/datasets/researchersajid/mangoclassify-12-native-mango-dataset-from-bd/MangoClassify-12/Himsagar/IMG_20250517_161649.jpg,Himsagar,/kaggle/working/small/Himsagar/02502.jpg,7,788,val
/kaggle/input/datasets/researchersajid/mangoclassify-12-native-mango-dataset-from-bd/MangoClassify-12/Himsagar/IMG_20250517_161717.jpg,Himsagar,/kaggle/working/small/Himsagar/02503.jpg,7,752,test
/kaggle/input/datasets/researchersajid/mangoclassify-12-native-mango-dataset-from-bd/MangoClassify-12/Himsagar/IMG_20250517_161726.jpg,Himsagar,/kaggle/working/small/Himsagar/02504.jpg,7,988,train
/kaggle/input/datasets/researchersajid/mangoclassify-12-native-mango-dataset-from-bd/MangoClassify-12/Himsagar/IMG_20250517_161734.jpg,Himsagar,/kaggle/working/small/Himsagar/02505.jpg,7,991,train
/kaggle/input/datasets/researchersajid/mangoclassify-12-native-mango-dataset-from-bd/MangoClassify-12/Himsagar/IMG_20250517_161806.jpg,Himsagar,/kaggle/working/small/Himsagar/02506.jpg,7,769,train
/kaggle/input/datasets/researchersajid/mangoclassify-12-native-mango-dataset-from-bd/MangoClassify-12/Himsagar/IMG_20250517_161813.jpg,Himsagar,/kaggle/working/small/Himsagar/02507.jpg,7,974,train
/kaggle/input/datasets/researchersajid/mangoclassify-12-native-mango-dataset-from-bd/MangoClassify-12/Himsagar/IMG_20250517_161820.jpg,Himsagar,/kaggle/working/small/Himsagar/02508.jpg,7,762,train
/kaggle/input/datasets/researchersajid/mangoclassify-12-native-mango-dataset-from-bd/MangoClassify-12/Himsagar/IMG_20250517_161826.jpg,Himsagar,/kaggle/working/small/Himsagar/02509.jpg,7,954,val
/kaggle/input/datasets/researchersajid/mangoclassify-12-native-mango-dataset-from-bd/MangoClassify-12/Himsagar/IMG_20250517_161833.jpg,Himsagar,/kaggle/working/small/Himsagar/02510.jpg,7,843,test
/kaggle/input/datasets/researchersajid/mangoclassify-12-native-mango-dataset-from-bd/MangoClassify-12/Himsagar/IMG_20250517_161853.jpg,Himsagar,/kaggle/working/small/Himsagar/02511.jpg,7,762,train
/kaggle/input/datasets/researchersajid/mangoclassify-12-native-mango-dataset-from-bd/MangoClassify-12/Himsagar/IMG_20250517_161902.jpg,Himsagar,/kaggle/working/small/Himsagar/02512.jpg,7,755,train
/kaggle/input/datasets/researchersajid/mangoclassify-12-native-mango-dataset-from-bd/MangoClassify-12/Himsagar/IMG_20250517_161913.jpg,Himsagar,/kaggle/working/small/Himsagar/02513.jpg,7,901,train
/kaggle/input/datasets/researchersajid/mangoclassify-12-native-mango-dataset-from-bd/MangoClassify-12/Himsagar/IMG_20250517_161918.jpg,Himsagar,/kaggle/working/small/Himsagar/02514.jpg,7,825,test
/kaggle/input/datasets/researchersajid/mangoclassify-12-native-mango-dataset-from-bd/MangoClassify-12/Himsagar/IMG_20250517_161932.jpg,Himsagar,/kaggle/working/small/Himsagar/02515.jpg,7,897,train
/kaggle/input/datasets/researchersajid/mangoclassify-12-native-mango-dataset-from-bd/MangoClassify-12/Himsagar/IMG_20250517_161941.jpg,Himsagar,/kaggle/working/small/Himsagar/02516.jpg,7,917,train
/kaggle/input/datasets/researchersajid/mangoclassify-12-native-mango-dataset-from-bd/MangoClassify-12/Himsagar/IMG_20250517_161947.jpg,Himsagar,/kaggle/working/small/Himsagar/02517.jpg,7,866,test
/kaggle/input/datasets/researchersajid/mangoclassify-12-native-mango-dataset-from-bd/MangoClassify-12/Himsagar/IMG_20250517_161956.jpg,Himsagar,/kaggle/working/small/Himsagar/02518.jpg,7,956,val
/kaggle/input/datasets/researchersajid/mangoclassify-12-native-mango-dataset-from-bd/MangoClassify-12/Himsagar/IMG_20250517_162006.jpg,Himsagar,/kaggle/working/small/Himsagar/02519.jpg,7,960,train
/kaggle/input/datasets/researchersajid/mangoclassify-12-native-mango-dataset-from-bd/MangoClassify-12/Himsagar/IMG_20250517_162012.jpg,Himsagar,/kaggle/working/small/Himsagar/02520.jpg,7,935,train
/kaggle/input/datasets/researchersajid/mangoclassify-12-native-mango-dataset-from-bd/MangoClassify-12/Himsagar/IMG_20250517_162017.jpg,Himsagar,/kaggle/working/small/Himsagar/02521.jpg,7,936,train
/kaggle/input/datasets/researchersajid/mangoclassify-12-native-mango-dataset-from-bd/MangoClassify-12/Himsagar/IMG_20250517_162023.jpg,Himsagar,/kaggle/working/small/Himsagar/02522.jpg,7,961,train
/kaggle/input/datasets/researchersajid/mangoclassify-12-native-mango-dataset-from-bd/MangoClassify-12/Himsagar/IMG_20250517_162051.jpg,Himsagar,/kaggle/working/small/Himsagar/02523.jpg,7,755,train
/kaggle/input/datasets/researchersajid/mangoclassify-12-native-mango-dataset-from-bd/MangoClassify-12/Himsagar/IMG_20250517_162100.jpg,Himsagar,/kaggle/working/small/Himsagar/02524.jpg,7,772,train
/kaggle/input/datasets/researchersajid/mangoclassify-12-native-mango-dataset-from-bd/MangoClassify-12/Himsagar/IMG_20250517_162104.jpg,Himsagar,/kaggle/working/small/Himsagar/02525.jpg,7,928,train
/kaggle/input/datasets/researchersajid/mangoclassify-12-native-mango-dataset-from-bd/MangoClassify-12/Himsagar/IMG_20250517_162113.jpg,Himsagar,/kaggle/working/small/Himsagar/02526.jpg,7,869,train
/kaggle/input/datasets/researchersajid/mangoclassify-12-native-mango-dataset-from-bd/MangoClassify-12/Himsagar/IMG_20250517_162114.jpg,Himsagar,/kaggle/working/small/Himsagar/02527.jpg,7,869,train
/kaggle/input/datasets/researchersajid/mangoclassify-12-native-mango-dataset-from-bd/MangoClassify-12/Himsagar/IMG_20250517_162131.jpg,Himsagar,/kaggle/working/small/Himsagar/02528.jpg,7,755,train
/kaggle/input/datasets/researchersajid/mangoclassify-12-native-mango-dataset-from-bd/MangoClassify-12/Himsagar/IMG_20250517_162136.jpg,Himsagar,/kaggle/working/small/Himsagar/02529.jpg,7,755,train
/kaggle/input/datasets/researchersajid/mangoclassify-12-native-mango-dataset-from-bd/MangoClassify-12/Himsagar/IMG_20250517_162140.jpg,Himsagar,/kaggle/working/small/Himsagar/02530.jpg,7,927,train
/kaggle/input/datasets/researchersajid/mangoclassify-12-native-mango-dataset-from-bd/MangoClassify-12/Himsagar/IMG_20250517_162144.jpg,Himsagar,/kaggle/working/small/Himsagar/02531.jpg,7,807,train
/kaggle/input/datasets/researchersajid/mangoclassify-12-native-mango-dataset-from-bd/MangoClassify-12/Himsagar/IMG_20250517_162149.jpg,Himsagar,/kaggle/working/small/Himsagar/02532.jpg,7,772,train
/kaggle/input/datasets/researchersajid/mangoclassify-12-native-mango-dataset-from-bd/MangoClassify-12/Himsagar/IMG_20250518_010949.jpg,Himsagar,/kaggle/working/small/Himsagar/02533.jpg,7,912,train
/kaggle/input/datasets/researchersajid/mangoclassify-12-native-mango-dataset-from-bd/MangoClassify-12/Himsagar/IMG_20250524_182302.jpg,Himsagar,/kaggle/working/small/Himsagar/02534.jpg,7,790,train
/kaggle/input/datasets/researchersajid/mangoclassify-12-native-mango-dataset-from-bd/MangoClassify-12/Himsagar/IMG_20250524_182311.jpg,Himsagar,/kaggle/working/small/Himsagar/02535.jpg,7,790,train
/kaggle/input/datasets/researchersajid/mangoclassify-12-native-mango-dataset-from-bd/MangoClassify-12/Himsagar/IMG_20250524_182316.jpg,Himsagar,/kaggle/working/small/Himsagar/02536.jpg,7,856,train
/kaggle/input/datasets/researchersajid/mangoclassify-12-native-mango-dataset-from-bd/MangoClassify-12/Himsagar/IMG_20250524_182330.jpg,Himsagar,/kaggle/working/small/Himsagar/02537.jpg,7,849,train
/kaggle/input/datasets/researchersajid/mangoclassify-12-native-mango-dataset-from-bd/MangoClassify-12/Himsagar/IMG_20250524_182337.jpg,Himsagar,/kaggle/working/small/Himsagar/02538.jpg,7,790,train
/kaggle/input/datasets/researchersajid/mangoclassify-12-native-mango-dataset-from-bd/MangoClassify-12/Himsagar/IMG_20250524_182350.jpg,Himsagar,/kaggle/working/small/Himsagar/02539.jpg,7,801,val
/kaggle/input/datasets/researchersajid/mangoclassify-12-native-mango-dataset-from-bd/MangoClassify-12/Himsagar/IMG_20250524_182355.jpg,Himsagar,/kaggle/working/small/Himsagar/02540.jpg,7,801,val
/kaggle/input/datasets/researchersajid/mangoclassify-12-native-mango-dataset-from-bd/MangoClassify-12/Himsagar/IMG_20250524_182402.jpg,Himsagar,/kaggle/working/small/Himsagar/02541.jpg,7,801,val
/kaggle/input/datasets/researchersajid/mangoclassify-12-native-mango-dataset-from-bd/MangoClassify-12/Himsagar/IMG_20250524_182415.jpg,Himsagar,/kaggle/working/small/Himsagar/02542.jpg,7,769,train
/kaggle/input/datasets/researchersajid/mangoclassify-12-native-mango-dataset-from-bd/MangoClassify-12/Himsagar/IMG_20250524_182422.jpg,Himsagar,/kaggle/working/small/Himsagar/02543.jpg,7,866,test
/kaggle/input/datasets/researchersajid/mangoclassify-12-native-mango-dataset-from-bd/MangoClassify-12/Himsagar/IMG_20250524_182429.jpg,Himsagar,/kaggle/working/small/Himsagar/02544.jpg,7,761,train
/kaggle/input/datasets/researchersajid/mangoclassify-12-native-mango-dataset-from-bd/MangoClassify-12/Himsagar/IMG_20250524_182443.jpg,Himsagar,/kaggle/working/small/Himsagar/02545.jpg,7,761,train
/kaggle/input/datasets/researchersajid/mangoclassify-12-native-mango-dataset-from-bd/MangoClassify-12/Himsagar/IMG_20250524_182448.jpg,Himsagar,/kaggle/working/small/Himsagar/02546.jpg,7,800,train
/kaggle/input/datasets/researchersajid/mangoclassify-12-native-mango-dataset-from-bd/MangoClassify-12/Himsagar/IMG_20250524_182455.jpg,Himsagar,/kaggle/working/small/Himsagar/02547.jpg,7,802,train
/kaggle/input/datasets/researchersajid/mangoclassify-12-native-mango-dataset-from-bd/MangoClassify-12/Himsagar/IMG_20250524_182502.jpg,Himsagar,/kaggle/working/small/Himsagar/02548.jpg,7,761,train
/kaggle/input/datasets/researchersajid/mangoclassify-12-native-mango-dataset-from-bd/MangoClassify-12/Himsagar/IMG_20250524_182513.jpg,Himsagar,/kaggle/working/small/Himsagar/02549.jpg,7,800,train
/kaggle/input/datasets/researchersajid/mangoclassify-12-native-mango-dataset-from-bd/MangoClassify-12/Himsagar/IMG_20250524_182523.jpg,Himsagar,/kaggle/working/small/Himsagar/02550.jpg,7,773,val
/kaggle/input/datasets/researchersajid/mangoclassify-12-native-mango-dataset-from-bd/MangoClassify-12/Himsagar/IMG_20250524_182531.jpg,Himsagar,/kaggle/working/small/Himsagar/02551.jpg,7,800,train
/kaggle/input/datasets/researchersajid/mangoclassify-12-native-mango-dataset-from-bd/MangoClassify-12/Himsagar/IMG_20250524_182535.jpg,Himsagar,/kaggle/working/small/Himsagar/02552.jpg,7,773,val
/kaggle/input/datasets/researchersajid/mangoclassify-12-native-mango-dataset-from-bd/MangoClassify-12/Himsagar/IMG_20250524_182544.jpg,Himsagar,/kaggle/working/small/Himsagar/02553.jpg,7,773,val
/kaggle/input/datasets/researchersajid/mangoclassify-12-native-mango-dataset-from-bd/MangoClassify-12/Himsagar/IMG_20250524_182548.jpg,Himsagar,/kaggle/working/small/Himsagar/02554.jpg,7,773,val
/kaggle/input/datasets/researchersajid/mangoclassify-12-native-mango-dataset-from-bd/MangoClassify-12/Himsagar/IMG_20250524_182558.jpg,Himsagar,/kaggle/working/small/Himsagar/02555.jpg,7,979,train
/kaggle/input/datasets/researchersajid/mangoclassify-12-native-mango-dataset-from-bd/MangoClassify-12/Himsagar/IMG_20250524_182702.jpg,Himsagar,/kaggle/working/small/Himsagar/02556.jpg,7,801,val
/kaggle/input/datasets/researchersajid/mangoclassify-12-native-mango-dataset-from-bd/MangoClassify-12/Himsagar/IMG_20250524_182707.jpg,Himsagar,/kaggle/working/small/Himsagar/02557.jpg,7,801,val
/kaggle/input/datasets/researchersajid/mangoclassify-12-native-mango-dataset-from-bd/MangoClassify-12/Himsagar/IMG_20250524_182711.jpg,Himsagar,/kaggle/working/small/Himsagar/02558.jpg,7,801,val
/kaggle/input/datasets/researchersajid/mangoclassify-12-native-mango-dataset-from-bd/MangoClassify-12/Himsagar/IMG_20250524_182716.jpg,Himsagar,/kaggle/working/small/Himsagar/02559.jpg,7,943,train
/kaggle/input/datasets/researchersajid/mangoclassify-12-native-mango-dataset-from-bd/MangoClassify-12/Himsagar/IMG_20250524_182729.jpg,Himsagar,/kaggle/working/small/Himsagar/02560.jpg,7,769,train
/kaggle/input/datasets/researchersajid/mangoclassify-12-native-mango-dataset-from-bd/MangoClassify-12/Himsagar/IMG_20250524_182734.jpg,Himsagar,/kaggle/working/small/Himsagar/02561.jpg,7,769,train
/kaggle/input/datasets/researchersajid/mangoclassify-12-native-mango-dataset-from-bd/MangoClassify-12/Himsagar/IMG_20250524_182755.jpg,Himsagar,/kaggle/working/small/Himsagar/02562.jpg,7,835,val
/kaggle/input/datasets/researchersajid/mangoclassify-12-native-mango-dataset-from-bd/MangoClassify-12/Himsagar/IMG_20250524_182759.jpg,Himsagar,/kaggle/working/small/Himsagar/02563.jpg,7,835,val
/kaggle/input/datasets/researchersajid/mangoclassify-12-native-mango-dataset-from-bd/MangoClassify-12/Himsagar/IMG_20250524_182805.jpg,Himsagar,/kaggle/working/small/Himsagar/02564.jpg,7,798,train
/kaggle/input/datasets/researchersajid/mangoclassify-12-native-mango-dataset-from-bd/MangoClassify-12/Himsagar/IMG_20250524_182810.jpg,Himsagar,/kaggle/working/small/Himsagar/02565.jpg,7,802,train
/kaggle/input/datasets/researchersajid/mangoclassify-12-native-mango-dataset-from-bd/MangoClassify-12/Himsagar/IMG_20250524_182816.jpg,Himsagar,/kaggle/working/small/Himsagar/02566.jpg,7,802,train
/kaggle/input/datasets/researchersajid/mangoclassify-12-native-mango-dataset-from-bd/MangoClassify-12/Himsagar/IMG_20250524_182838.jpg,Himsagar,/kaggle/working/small/Himsagar/02567.jpg,7,751,train
/kaggle/input/datasets/researchersajid/mangoclassify-12-native-mango-dataset-from-bd/MangoClassify-12/Himsagar/IMG_20250524_182844.jpg,Himsagar,/kaggle/working/small/Himsagar/02568.jpg,7,751,train
/kaggle/input/datasets/researchersajid/mangoclassify-12-native-mango-dataset-from-bd/MangoClassify-12/Himsagar/IMG_20250524_182856.jpg,Himsagar,/kaggle/working/small/Himsagar/02569.jpg,7,751,train
/kaggle/input/datasets/researchersajid/mangoclassify-12-native-mango-dataset-from-bd/MangoClassify-12/Himsagar/IMG_20250524_182921.jpg,Himsagar,/kaggle/working/small/Himsagar/02570.jpg,7,906,val
/kaggle/input/datasets/researchersajid/mangoclassify-12-native-mango-dataset-from-bd/MangoClassify-12/Himsagar/IMG_20250524_182926.jpg,Himsagar,/kaggle/working/small/Himsagar/02571.jpg,7,838,val
/kaggle/input/datasets/researchersajid/mangoclassify-12-native-mango-dataset-from-bd/MangoClassify-12/Himsagar/IMG_20250524_182933.jpg,Himsagar,/kaggle/working/small/Himsagar/02572.jpg,7,864,test
/kaggle/input/datasets/researchersajid/mangoclassify-12-native-mango-dataset-from-bd/MangoClassify-12/Himsagar/IMG_20250524_182938.jpg,Himsagar,/kaggle/working/small/Himsagar/02573.jpg,7,761,train
/kaggle/input/datasets/researchersajid/mangoclassify-12-native-mango-dataset-from-bd/MangoClassify-12/Himsagar/IMG_20250524_182946.jpg,Himsagar,/kaggle/working/small/Himsagar/02574.jpg,7,893,train
/kaggle/input/datasets/researchersajid/mangoclassify-12-native-mango-dataset-from-bd/MangoClassify-12/Himsagar/IMG_20250524_182955.jpg,Himsagar,/kaggle/working/small/Himsagar/02575.jpg,7,834,train
/kaggle/input/datasets/researchersajid/mangoclassify-12-native-mango-dataset-from-bd/MangoClassify-12/Himsagar/IMG_20250524_183005.jpg,Himsagar,/kaggle/working/small/Himsagar/02576.jpg,7,838,val
/kaggle/input/datasets/researchersajid/mangoclassify-12-native-mango-dataset-from-bd/MangoClassify-12/Himsagar/IMG_20250524_183046.jpg,Himsagar,/kaggle/working/small/Himsagar/02577.jpg,7,757,train
/kaggle/input/datasets/researchersajid/mangoclassify-12-native-mango-dataset-from-bd/MangoClassify-12/Himsagar/IMG_20250524_183052.jpg,Himsagar,/kaggle/working/small/Himsagar/02578.jpg,7,757,train
/kaggle/input/datasets/researchersajid/mangoclassify-12-native-mango-dataset-from-bd/MangoClassify-12/Himsagar/IMG_20250524_183058.jpg,Himsagar,/kaggle/working/small/Himsagar/02579.jpg,7,800,train
/kaggle/input/datasets/researchersajid/mangoclassify-12-native-mango-dataset-from-bd/MangoClassify-12/Himsagar/IMG_20250524_183107.jpg,Himsagar,/kaggle/working/small/Himsagar/02580.jpg,7,798,train
/kaggle/input/datasets/researchersajid/mangoclassify-12-native-mango-dataset-from-bd/MangoClassify-12/Himsagar/IMG_20250524_183119.jpg,Himsagar,/kaggle/working/small/Himsagar/02581.jpg,7,777,test
/kaggle/input/datasets/researchersajid/mangoclassify-12-native-mango-dataset-from-bd/MangoClassify-12/Himsagar/IMG_20250524_183125.jpg,Himsagar,/kaggle/working/small/Himsagar/02582.jpg,7,777,test
/kaggle/input/datasets/researchersajid/mangoclassify-12-native-mango-dataset-from-bd/MangoClassify-12/Himsagar/IMG_20250524_183129.jpg,Himsagar,/kaggle/working/small/Himsagar/02583.jpg,7,800,train
/kaggle/input/datasets/researchersajid/mangoclassify-12-native-mango-dataset-from-bd/MangoClassify-12/Himsagar/IMG_20250524_183135.jpg,Himsagar,/kaggle/working/small/Himsagar/02584.jpg,7,777,test
/kaggle/input/datasets/researchersajid/mangoclassify-12-native-mango-dataset-from-bd/MangoClassify-12/Himsagar/IMG_20250524_183139.jpg,Himsagar,/kaggle/working/small/Himsagar/02585.jpg,7,811,train
/kaggle/input/datasets/researchersajid/mangoclassify-12-native-mango-dataset-from-bd/MangoClassify-12/Himsagar/IMG_20250524_183147.jpg,Himsagar,/kaggle/working/small/Himsagar/02586.jpg,7,757,train
/kaggle/input/datasets/researchersajid/mangoclassify-12-native-mango-dataset-from-bd/MangoClassify-12/Himsagar/IMG_20250524_183157.jpg,Himsagar,/kaggle/working/small/Himsagar/02587.jpg,7,757,train
/kaggle/input/datasets/researchersajid/mangoclassify-12-native-mango-dataset-from-bd/MangoClassify-12/Himsagar/IMG_20250524_183204.jpg,Himsagar,/kaggle/working/small/Himsagar/02588.jpg,7,800,train
/kaggle/input/datasets/researchersajid/mangoclassify-12-native-mango-dataset-from-bd/MangoClassify-12/Himsagar/IMG_20250524_183214.jpg,Himsagar,/kaggle/working/small/Himsagar/02589.jpg,7,798,train
/kaggle/input/datasets/researchersajid/mangoclassify-12-native-mango-dataset-from-bd/MangoClassify-12/Himsagar/IMG_20250525_180437.jpg,Himsagar,/kaggle/working/small/Himsagar/02590.jpg,7,766,test
/kaggle/input/datasets/researchersajid/mangoclassify-12-native-mango-dataset-from-bd/MangoClassify-12/Himsagar/IMG_20250525_180442.jpg,Himsagar,/kaggle/working/small/Himsagar/02591.jpg,7,845,train
/kaggle/input/datasets/researchersajid/mangoclassify-12-native-mango-dataset-from-bd/MangoClassify-12/Himsagar/IMG_20250525_180500.jpg,Himsagar,/kaggle/working/small/Himsagar/02592.jpg,7,769,train
/kaggle/input/datasets/researchersajid/mangoclassify-12-native-mango-dataset-from-bd/MangoClassify-12/Himsagar/IMG_20250525_180507.jpg,Himsagar,/kaggle/working/small/Himsagar/02593.jpg,7,845,train
/kaggle/input/datasets/researchersajid/mangoclassify-12-native-mango-dataset-from-bd/MangoClassify-12/Himsagar/IMG_20250525_180513.jpg,Himsagar,/kaggle/working/small/Himsagar/02594.jpg,7,789,train
/kaggle/input/datasets/researchersajid/mangoclassify-12-native-mango-dataset-from-bd/MangoClassify-12/Himsagar/IMG_20250525_180529.jpg,Himsagar,/kaggle/working/small/Himsagar/02595.jpg,7,789,train
/kaggle/input/datasets/researchersajid/mangoclassify-12-native-mango-dataset-from-bd/MangoClassify-12/Himsagar/IMG_20250525_180535.jpg,Himsagar,/kaggle/working/small/Himsagar/02596.jpg,7,769,train
/kaggle/input/datasets/researchersajid/mangoclassify-12-native-mango-dataset-from-bd/MangoClassify-12/Himsagar/IMG_20250525_180541.jpg,Himsagar,/kaggle/working/small/Himsagar/02597.jpg,7,821,train
/kaggle/input/datasets/researchersajid/mangoclassify-12-native-mango-dataset-from-bd/MangoClassify-12/Himsagar/IMG_20250525_180546.jpg,Himsagar,/kaggle/working/small/Himsagar/02598.jpg,7,821,train
/kaggle/input/datasets/researchersajid/mangoclassify-12-native-mango-dataset-from-bd/MangoClassify-12/Himsagar/IMG_20250525_180558.jpg,Himsagar,/kaggle/working/small/Himsagar/02599.jpg,7,789,train
/kaggle/input/datasets/researchersajid/mangoclassify-12-native-mango-dataset-from-bd/MangoClassify-12/Himsagar/IMG_20250525_180623.jpg,Himsagar,/kaggle/working/small/Himsagar/02600.jpg,7,937,train
/kaggle/input/datasets/researchersajid/mangoclassify-12-native-mango-dataset-from-bd/MangoClassify-12/Himsagar/IMG_20250525_180630.jpg,Himsagar,/kaggle/working/small/Himsagar/02601.jpg,7,756,test
/kaggle/input/datasets/researchersajid/mangoclassify-12-native-mango-dataset-from-bd/MangoClassify-12/Himsagar/IMG_20250525_180636.jpg,Himsagar,/kaggle/working/small/Himsagar/02602.jpg,7,756,test
/kaggle/input/datasets/researchersajid/mangoclassify-12-native-mango-dataset-from-bd/MangoClassify-12/Himsagar/IMG_20250525_180647.jpg,Himsagar,/kaggle/working/small/Himsagar/02603.jpg,7,762,train
/kaggle/input/datasets/researchersajid/mangoclassify-12-native-mango-dataset-from-bd/MangoClassify-12/Himsagar/IMG_20250525_180703.jpg,Himsagar,/kaggle/working/small/Himsagar/02604.jpg,7,940,train
/kaggle/input/datasets/researchersajid/mangoclassify-12-native-mango-dataset-from-bd/MangoClassify-12/Himsagar/IMG_20250525_180710.jpg,Himsagar,/kaggle/working/small/Himsagar/02605.jpg,7,791,val
/kaggle/input/datasets/researchersajid/mangoclassify-12-native-mango-dataset-from-bd/MangoClassify-12/Himsagar/IMG_20250525_180716.jpg,Himsagar,/kaggle/working/small/Himsagar/02606.jpg,7,791,val
/kaggle/input/datasets/researchersajid/mangoclassify-12-native-mango-dataset-from-bd/MangoClassify-12/Himsagar/IMG_20250525_180729.jpg,Himsagar,/kaggle/working/small/Himsagar/02607.jpg,7,971,train
/kaggle/input/datasets/researchersajid/mangoclassify-12-native-mango-dataset-from-bd/MangoClassify-12/Himsagar/IMG_20250525_180735.jpg,Himsagar,/kaggle/working/small/Himsagar/02608.jpg,7,971,train
/kaggle/input/datasets/researchersajid/mangoclassify-12-native-mango-dataset-from-bd/MangoClassify-12/Himsagar/IMG_20250525_180747.jpg,Himsagar,/kaggle/working/small/Himsagar/02609.jpg,7,769,train
/kaggle/input/datasets/researchersajid/mangoclassify-12-native-mango-dataset-from-bd/MangoClassify-12/Himsagar/IMG_20250525_180753.jpg,Himsagar,/kaggle/working/small/Himsagar/02610.jpg,7,769,train
/kaggle/input/datasets/researchersajid/mangoclassify-12-native-mango-dataset-from-bd/MangoClassify-12/Himsagar/IMG_20250525_180800.jpg,Himsagar,/kaggle/working/small/Himsagar/02611.jpg,7,769,train
/kaggle/input/datasets/researchersajid/mangoclassify-12-native-mango-dataset-from-bd/MangoClassify-12/Himsagar/IMG_20250525_180814.jpg,Himsagar,/kaggle/working/small/Himsagar/02612.jpg,7,873,test
/kaggle/input/datasets/researchersajid/mangoclassify-12-native-mango-dataset-from-bd/MangoClassify-12/Himsagar/IMG_20250525_180823.jpg,Himsagar,/kaggle/working/small/Himsagar/02613.jpg,7,766,test
/kaggle/input/datasets/researchersajid/mangoclassify-12-native-mango-dataset-from-bd/MangoClassify-12/Himsagar/IMG_20250525_180918.jpg,Himsagar,/kaggle/working/small/Himsagar/02614.jpg,7,844,val
/kaggle/input/datasets/researchersajid/mangoclassify-12-native-mango-dataset-from-bd/MangoClassify-12/Himsagar/IMG_20250525_180926.jpg,Himsagar,/kaggle/working/small/Himsagar/02615.jpg,7,968,train
/kaggle/input/datasets/researchersajid/mangoclassify-12-native-mango-dataset-from-bd/MangoClassify-12/Himsagar/IMG_20250525_180942.jpg,Himsagar,/kaggle/working/small/Himsagar/02616.jpg,7,891,test
/kaggle/input/datasets/researchersajid/mangoclassify-12-native-mango-dataset-from-bd/MangoClassify-12/Himsagar/IMG_20250525_180947.jpg,Himsagar,/kaggle/working/small/Himsagar/02617.jpg,7,759,val
/kaggle/input/datasets/researchersajid/mangoclassify-12-native-mango-dataset-from-bd/MangoClassify-12/Himsagar/IMG_20250525_180953.jpg,Himsagar,/kaggle/working/small/Himsagar/02618.jpg,7,808,train
/kaggle/input/datasets/researchersajid/mangoclassify-12-native-mango-dataset-from-bd/MangoClassify-12/Himsagar/IMG_20250525_180958.jpg,Himsagar,/kaggle/working/small/Himsagar/02619.jpg,7,808,train
/kaggle/input/datasets/researchersajid/mangoclassify-12-native-mango-dataset-from-bd/MangoClassify-12/Himsagar/IMG_20250525_181011.jpg,Himsagar,/kaggle/working/small/Himsagar/02620.jpg,7,861,train
/kaggle/input/datasets/researchersajid/mangoclassify-12-native-mango-dataset-from-bd/MangoClassify-12/Himsagar/IMG_20250525_181026.jpg,Himsagar,/kaggle/working/small/Himsagar/02621.jpg,7,810,train
/kaggle/input/datasets/researchersajid/mangoclassify-12-native-mango-dataset-from-bd/MangoClassify-12/Himsagar/IMG_20250525_181033.jpg,Himsagar,/kaggle/working/small/Himsagar/02622.jpg,7,760,train
/kaggle/input/datasets/researchersajid/mangoclassify-12-native-mango-dataset-from-bd/MangoClassify-12/Himsagar/IMG_20250525_181048.jpg,Himsagar,/kaggle/working/small/Himsagar/02623.jpg,7,760,train
/kaggle/input/datasets/researchersajid/mangoclassify-12-native-mango-dataset-from-bd/MangoClassify-12/Himsagar/IMG_20250525_181058.jpg,Himsagar,/kaggle/working/small/Himsagar/02624.jpg,7,907,test
/kaggle/input/datasets/researchersajid/mangoclassify-12-native-mango-dataset-from-bd/MangoClassify-12/Himsagar/IMG_20250525_181104.jpg,Himsagar,/kaggle/working/small/Himsagar/02625.jpg,7,760,train
/kaggle/input/datasets/researchersajid/mangoclassify-12-native-mango-dataset-from-bd/MangoClassify-12/Himsagar/IMG_20250525_181132.jpg,Himsagar,/kaggle/working/small/Himsagar/02626.jpg,7,842,test
/kaggle/input/datasets/researchersajid/mangoclassify-12-native-mango-dataset-from-bd/MangoClassify-12/Himsagar/IMG_20250525_181142.jpg,Himsagar,/kaggle/working/small/Himsagar/02627.jpg,7,883,train
/kaggle/input/datasets/researchersajid/mangoclassify-12-native-mango-dataset-from-bd/MangoClassify-12/Himsagar/IMG_20250525_181157.jpg,Himsagar,/kaggle/working/small/Himsagar/02628.jpg,7,836,train
/kaggle/input/datasets/researchersajid/mangoclassify-12-native-mango-dataset-from-bd/MangoClassify-12/Himsagar/IMG_20250525_181203.jpg,Himsagar,/kaggle/working/small/Himsagar/02629.jpg,7,816,val
/kaggle/input/datasets/researchersajid/mangoclassify-12-native-mango-dataset-from-bd/MangoClassify-12/Himsagar/IMG_20250525_181322.jpg,Himsagar,/kaggle/working/small/Himsagar/02630.jpg,7,860,train
/kaggle/input/datasets/researchersajid/mangoclassify-12-native-mango-dataset-from-bd/MangoClassify-12/Himsagar/IMG_20250525_181336.jpg,Himsagar,/kaggle/working/small/Himsagar/02631.jpg,7,860,train
/kaggle/input/datasets/researchersajid/mangoclassify-12-native-mango-dataset-from-bd/MangoClassify-12/Himsagar/IMG_20250525_181342.jpg,Himsagar,/kaggle/working/small/Himsagar/02632.jpg,7,929,test
/kaggle/input/datasets/researchersajid/mangoclassify-12-native-mango-dataset-from-bd/MangoClassify-12/Himsagar/IMG_20250525_181351.jpg,Himsagar,/kaggle/working/small/Himsagar/02633.jpg,7,894,val
/kaggle/input/datasets/researchersajid/mangoclassify-12-native-mango-dataset-from-bd/MangoClassify-12/Himsagar/IMG_20250525_181401.jpg,Himsagar,/kaggle/working/small/Himsagar/02634.jpg,7,903,train
/kaggle/input/datasets/researchersajid/mangoclassify-12-native-mango-dataset-from-bd/MangoClassify-12/Himsagar/IMG_20250525_181421.jpg,Himsagar,/kaggle/working/small/Himsagar/02635.jpg,7,785,train
/kaggle/input/datasets/researchersajid/mangoclassify-12-native-mango-dataset-from-bd/MangoClassify-12/Himsagar/IMG_20250525_181427.jpg,Himsagar,/kaggle/working/small/Himsagar/02636.jpg,7,763,train
/kaggle/input/datasets/researchersajid/mangoclassify-12-native-mango-dataset-from-bd/MangoClassify-12/Himsagar/IMG_20250525_181432.jpg,Himsagar,/kaggle/working/small/Himsagar/02637.jpg,7,763,train
/kaggle/input/datasets/researchersajid/mangoclassify-12-native-mango-dataset-from-bd/MangoClassify-12/Himsagar/IMG_20250525_181439.jpg,Himsagar,/kaggle/working/small/Himsagar/02638.jpg,7,785,train
/kaggle/input/datasets/researchersajid/mangoclassify-12-native-mango-dataset-from-bd/MangoClassify-12/Himsagar/IMG_20250525_181445.jpg,Himsagar,/kaggle/working/small/Himsagar/02639.jpg,7,858,train
/kaggle/input/datasets/researchersajid/mangoclassify-12-native-mango-dataset-from-bd/MangoClassify-12/Himsagar/IMG_20250525_181454.jpg,Himsagar,/kaggle/working/small/Himsagar/02640.jpg,7,763,train
/kaggle/input/datasets/researchersajid/mangoclassify-12-native-mango-dataset-from-bd/MangoClassify-12/Himsagar/IMG_20250525_181510.jpg,Himsagar,/kaggle/working/small/Himsagar/02641.jpg,7,764,train
/kaggle/input/datasets/researchersajid/mangoclassify-12-native-mango-dataset-from-bd/MangoClassify-12/Himsagar/IMG_20250525_181516.jpg,Himsagar,/kaggle/working/small/Himsagar/02642.jpg,7,798,train
/kaggle/input/datasets/researchersajid/mangoclassify-12-native-mango-dataset-from-bd/MangoClassify-12/Himsagar/IMG_20250525_181522.jpg,Himsagar,/kaggle/working/small/Himsagar/02643.jpg,7,763,train
/kaggle/input/datasets/researchersajid/mangoclassify-12-native-mango-dataset-from-bd/MangoClassify-12/Himsagar/IMG_20250525_181530.jpg,Himsagar,/kaggle/working/small/Himsagar/02644.jpg,7,795,train
/kaggle/input/datasets/researchersajid/mangoclassify-12-native-mango-dataset-from-bd/MangoClassify-12/Himsagar/IMG_20250525_181540.jpg,Himsagar,/kaggle/working/small/Himsagar/02645.jpg,7,764,train
/kaggle/input/datasets/researchersajid/mangoclassify-12-native-mango-dataset-from-bd/MangoClassify-12/Himsagar/IMG_20250525_181602.jpg,Himsagar,/kaggle/working/small/Himsagar/02646.jpg,7,757,train
/kaggle/input/datasets/researchersajid/mangoclassify-12-native-mango-dataset-from-bd/MangoClassify-12/Himsagar/IMG_20250525_181607.jpg,Himsagar,/kaggle/working/small/Himsagar/02647.jpg,7,836,train
/kaggle/input/datasets/researchersajid/mangoclassify-12-native-mango-dataset-from-bd/MangoClassify-12/Himsagar/IMG_20250525_181615.jpg,Himsagar,/kaggle/working/small/Himsagar/02648.jpg,7,881,train
/kaggle/input/datasets/researchersajid/mangoclassify-12-native-mango-dataset-from-bd/MangoClassify-12/Himsagar/IMG_20250525_181622.jpg,Himsagar,/kaggle/working/small/Himsagar/02649.jpg,7,854,train
/kaggle/input/datasets/researchersajid/mangoclassify-12-native-mango-dataset-from-bd/MangoClassify-12/Himsagar/IMG_20250525_181627.jpg,Himsagar,/kaggle/working/small/Himsagar/02650.jpg,7,858,train
/kaggle/input/datasets/researchersajid/mangoclassify-12-native-mango-dataset-from-bd/MangoClassify-12/Himsagar/IMG_20250525_181644.jpg,Himsagar,/kaggle/working/small/Himsagar/02651.jpg,7,757,train
/kaggle/input/datasets/researchersajid/mangoclassify-12-native-mango-dataset-from-bd/MangoClassify-12/Himsagar/IMG_20250525_181651.jpg,Himsagar,/kaggle/working/small/Himsagar/02652.jpg,7,763,train
/kaggle/input/datasets/researchersajid/mangoclassify-12-native-mango-dataset-from-bd/MangoClassify-12/Himsagar/IMG_20250525_181657.jpg,Himsagar,/kaggle/working/small/Himsagar/02653.jpg,7,757,train
/kaggle/input/datasets/researchersajid/mangoclassify-12-native-mango-dataset-from-bd/MangoClassify-12/Himsagar/IMG_20250525_181703.jpg,Himsagar,/kaggle/working/small/Himsagar/02654.jpg,7,820,train
/kaggle/input/datasets/researchersajid/mangoclassify-12-native-mango-dataset-from-bd/MangoClassify-12/Himsagar/IMG_20250525_181720.jpg,Himsagar,/kaggle/working/small/Himsagar/02655.jpg,7,757,train
/kaggle/input/datasets/researchersajid/mangoclassify-12-native-mango-dataset-from-bd/MangoClassify-12/Himsagar/IMG_20250525_181727.jpg,Himsagar,/kaggle/working/small/Himsagar/02656.jpg,7,822,test
/kaggle/input/datasets/researchersajid/mangoclassify-12-native-mango-dataset-from-bd/MangoClassify-12/Himsagar/IMG_20250525_181735.jpg,Himsagar,/kaggle/working/small/Himsagar/02657.jpg,7,798,train
/kaggle/input/datasets/researchersajid/mangoclassify-12-native-mango-dataset-from-bd/MangoClassify-12/Himsagar/IMG_20250525_181740.jpg,Himsagar,/kaggle/working/small/Himsagar/02658.jpg,7,890,train
/kaggle/input/datasets/researchersajid/mangoclassify-12-native-mango-dataset-from-bd/MangoClassify-12/Himsagar/IMG_20250525_181741.jpg,Himsagar,/kaggle/working/small/Himsagar/02659.jpg,7,890,train
/kaggle/input/datasets/researchersajid/mangoclassify-12-native-mango-dataset-from-bd/MangoClassify-12/Himsagar/IMG_20250525_181752.jpg,Himsagar,/kaggle/working/small/Himsagar/02660.jpg,7,757,train
/kaggle/input/datasets/researchersajid/mangoclassify-12-native-mango-dataset-from-bd/MangoClassify-12/Himsagar/IMG_20250525_181757.jpg,Himsagar,/kaggle/working/small/Himsagar/02661.jpg,7,832,train
/kaggle/input/datasets/researchersajid/mangoclassify-12-native-mango-dataset-from-bd/MangoClassify-12/Himsagar/IMG_20250525_181801.jpg,Himsagar,/kaggle/working/small/Himsagar/02662.jpg,7,832,train
/kaggle/input/datasets/researchersajid/mangoclassify-12-native-mango-dataset-from-bd/MangoClassify-12/Himsagar/IMG_20250525_181809.jpg,Himsagar,/kaggle/working/small/Himsagar/02663.jpg,7,820,train
/kaggle/input/datasets/researchersajid/mangoclassify-12-native-mango-dataset-from-bd/MangoClassify-12/Himsagar/IMG_20250628_174758.jpg,Himsagar,/kaggle/working/small/Himsagar/02664.jpg,7,867,train
/kaggle/input/datasets/researchersajid/mangoclassify-12-native-mango-dataset-from-bd/MangoClassify-12/Himsagar/IMG_20250628_174807.jpg,Himsagar,/kaggle/working/small/Himsagar/02665.jpg,7,774,train
/kaggle/input/datasets/researchersajid/mangoclassify-12-native-mango-dataset-from-bd/MangoClassify-12/Himsagar/IMG_20250628_174817.jpg,Himsagar,/kaggle/working/small/Himsagar/02666.jpg,7,806,val
/kaggle/input/datasets/researchersajid/mangoclassify-12-native-mango-dataset-from-bd/MangoClassify-12/Himsagar/IMG_20250628_174834.jpg,Himsagar,/kaggle/working/small/Himsagar/02667.jpg,7,839,test
/kaggle/input/datasets/researchersajid/mangoclassify-12-native-mango-dataset-from-bd/MangoClassify-12/Himsagar/IMG_20250628_174841.jpg,Himsagar,/kaggle/working/small/Himsagar/02668.jpg,7,774,train
/kaggle/input/datasets/researchersajid/mangoclassify-12-native-mango-dataset-from-bd/MangoClassify-12/Himsagar/IMG_20250628_174902.jpg,Himsagar,/kaggle/working/small/Himsagar/02669.jpg,7,969,test
/kaggle/input/datasets/researchersajid/mangoclassify-12-native-mango-dataset-from-bd/MangoClassify-12/Himsagar/IMG_20250628_174907.jpg,Himsagar,/kaggle/working/small/Himsagar/02670.jpg,7,806,val
/kaggle/input/datasets/researchersajid/mangoclassify-12-native-mango-dataset-from-bd/MangoClassify-12/Himsagar/IMG_20250628_174914.jpg,Himsagar,/kaggle/working/small/Himsagar/02671.jpg,7,863,test
/kaggle/input/datasets/researchersajid/mangoclassify-12-native-mango-dataset-from-bd/MangoClassify-12/Himsagar/IMG_20250628_174917.jpg,Himsagar,/kaggle/working/small/Himsagar/02672.jpg,7,766,test
/kaggle/input/datasets/researchersajid/mangoclassify-12-native-mango-dataset-from-bd/MangoClassify-12/Himsagar/IMG_20250628_174924.jpg,Himsagar,/kaggle/working/small/Himsagar/02673.jpg,7,806,val
/kaggle/input/datasets/researchersajid/mangoclassify-12-native-mango-dataset-from-bd/MangoClassify-12/Himsagar/IMG_20250628_174937.jpg,Himsagar,/kaggle/working/small/Himsagar/02674.jpg,7,877,test
/kaggle/input/datasets/researchersajid/mangoclassify-12-native-mango-dataset-from-bd/MangoClassify-12/Himsagar/IMG_20250628_174941.jpg,Himsagar,/kaggle/working/small/Himsagar/02675.jpg,7,957,train
/kaggle/input/datasets/researchersajid/mangoclassify-12-native-mango-dataset-from-bd/MangoClassify-12/Himsagar/IMG_20250628_174959.jpg,Himsagar,/kaggle/working/small/Himsagar/02676.jpg,7,826,train
/kaggle/input/datasets/researchersajid/mangoclassify-12-native-mango-dataset-from-bd/MangoClassify-12/Himsagar/IMG_20250628_175013.jpg,Himsagar,/kaggle/working/small/Himsagar/02677.jpg,7,877,test
/kaggle/input/datasets/researchersajid/mangoclassify-12-native-mango-dataset-from-bd/MangoClassify-12/Himsagar/IMG_20250628_175018.jpg,Himsagar,/kaggle/working/small/Himsagar/02678.jpg,7,989,test
/kaggle/input/datasets/researchersajid/mangoclassify-12-native-mango-dataset-from-bd/MangoClassify-12/Himsagar/IMG_20250628_175041.jpg,Himsagar,/kaggle/working/small/Himsagar/02679.jpg,7,859,train
/kaggle/input/datasets/researchersajid/mangoclassify-12-native-mango-dataset-from-bd/MangoClassify-12/Himsagar/IMG_20250628_175048.jpg,Himsagar,/kaggle/working/small/Himsagar/02680.jpg,7,868,val
/kaggle/input/datasets/researchersajid/mangoclassify-12-native-mango-dataset-from-bd/MangoClassify-12/Himsagar/IMG_20250628_175054.jpg,Himsagar,/kaggle/working/small/Himsagar/02681.jpg,7,888,val
/kaggle/input/datasets/researchersajid/mangoclassify-12-native-mango-dataset-from-bd/MangoClassify-12/Himsagar/IMG_20250628_175109.jpg,Himsagar,/kaggle/working/small/Himsagar/02682.jpg,7,759,val
/kaggle/input/datasets/researchersajid/mangoclassify-12-native-mango-dataset-from-bd/MangoClassify-12/Himsagar/IMG_20250628_175116.jpg,Himsagar,/kaggle/working/small/Himsagar/02683.jpg,7,859,train
/kaggle/input/datasets/researchersajid/mangoclassify-12-native-mango-dataset-from-bd/MangoClassify-12/Himsagar/IMG_20250628_175139.jpg,Himsagar,/kaggle/working/small/Himsagar/02684.jpg,7,774,train
/kaggle/input/datasets/researchersajid/mangoclassify-12-native-mango-dataset-from-bd/MangoClassify-12/Himsagar/IMG_20250628_175145.jpg,Himsagar,/kaggle/working/small/Himsagar/02685.jpg,7,910,train
/kaggle/input/datasets/researchersajid/mangoclassify-12-native-mango-dataset-from-bd/MangoClassify-12/Himsagar/IMG_20250628_175152.jpg,Himsagar,/kaggle/working/small/Himsagar/02686.jpg,7,774,train
/kaggle/input/datasets/researchersajid/mangoclassify-12-native-mango-dataset-from-bd/MangoClassify-12/Himsagar/IMG_20250628_175155.jpg,Himsagar,/kaggle/working/small/Himsagar/02687.jpg,7,774,train
/kaggle/input/datasets/researchersajid/mangoclassify-12-native-mango-dataset-from-bd/MangoClassify-12/Himsagar/IMG_20250628_175202.jpg,Himsagar,/kaggle/working/small/Himsagar/02688.jpg,7,774,train
/kaggle/input/datasets/researchersajid/mangoclassify-12-native-mango-dataset-from-bd/MangoClassify-12/Himsagar/IMG_20250628_175206.jpg,Himsagar,/kaggle/working/small/Himsagar/02689.jpg,7,911,train
/kaggle/input/datasets/researchersajid/mangoclassify-12-native-mango-dataset-from-bd/MangoClassify-12/Himsagar/IMG_20250628_175233.jpg,Himsagar,/kaggle/working/small/Himsagar/02690.jpg,7,758,train
/kaggle/input/datasets/researchersajid/mangoclassify-12-native-mango-dataset-from-bd/MangoClassify-12/Himsagar/IMG_20250628_175240.jpg,Himsagar,/kaggle/working/small/Himsagar/02691.jpg,7,959,train
/kaggle/input/datasets/researchersajid/mangoclassify-12-native-mango-dataset-from-bd/MangoClassify-12/Himsagar/IMG_20250628_175247.jpg,Himsagar,/kaggle/working/small/Himsagar/02692.jpg,7,829,val
/kaggle/input/datasets/researchersajid/mangoclassify-12-native-mango-dataset-from-bd/MangoClassify-12/Himsagar/IMG_20250628_175255.jpg,Himsagar,/kaggle/working/small/Himsagar/02693.jpg,7,758,train
/kaggle/input/datasets/researchersajid/mangoclassify-12-native-mango-dataset-from-bd/MangoClassify-12/Himsagar/IMG_20250628_175307.jpg,Himsagar,/kaggle/working/small/Himsagar/02694.jpg,7,815,train
/kaggle/input/datasets/researchersajid/mangoclassify-12-native-mango-dataset-from-bd/MangoClassify-12/Himsagar/Screenshot_2025-06-28-17-47-49-451_com.android.camera.jpg,Himsagar,/kaggle/working/small/Himsagar/02695.jpg,7,892,train
/kaggle/input/datasets/researchersajid/mangoclassify-12-native-mango-dataset-from-bd/MangoClassify-12/Khrishapat/IMG_20250608_171520.jpg,Khrishapat,/kaggle/working/small/Khrishapat/02696.jpg,8,1119,train
/kaggle/input/datasets/researchersajid/mangoclassify-12-native-mango-dataset-from-bd/MangoClassify-12/Khrishapat/IMG_20250608_171534.jpg,Khrishapat,/kaggle/working/small/Khrishapat/02697.jpg,8,1045,val
/kaggle/input/datasets/researchersajid/mangoclassify-12-native-mango-dataset-from-bd/MangoClassify-12/Khrishapat/IMG_20250608_171605.jpg,Khrishapat,/kaggle/working/small/Khrishapat/02698.jpg,8,1045,val
/kaggle/input/datasets/researchersajid/mangoclassify-12-native-mango-dataset-from-bd/MangoClassify-12/Khrishapat/IMG_20250608_171658.jpg,Khrishapat,/kaggle/working/small/Khrishapat/02699.jpg,8,1045,val
/kaggle/input/datasets/researchersajid/mangoclassify-12-native-mango-dataset-from-bd/MangoClassify-12/Khrishapat/IMG_20250608_171708.jpg,Khrishapat,/kaggle/working/small/Khrishapat/02700.jpg,8,1062,val
/kaggle/input/datasets/researchersajid/mangoclassify-12-native-mango-dataset-from-bd/MangoClassify-12/Khrishapat/IMG_20250608_171718.jpg,Khrishapat,/kaggle/working/small/Khrishapat/02701.jpg,8,1045,val
/kaggle/input/datasets/researchersajid/mangoclassify-12-native-mango-dataset-from-bd/MangoClassify-12/Khrishapat/IMG_20250608_171739.jpg,Khrishapat,/kaggle/working/small/Khrishapat/02702.jpg,8,993,train
/kaggle/input/datasets/researchersajid/mangoclassify-12-native-mango-dataset-from-bd/MangoClassify-12/Khrishapat/IMG_20250608_171747.jpg,Khrishapat,/kaggle/working/small/Khrishapat/02703.jpg,8,1071,test
/kaggle/input/datasets/researchersajid/mangoclassify-12-native-mango-dataset-from-bd/MangoClassify-12/Khrishapat/IMG_20250608_171802.jpg,Khrishapat,/kaggle/working/small/Khrishapat/02704.jpg,8,1012,val
/kaggle/input/datasets/researchersajid/mangoclassify-12-native-mango-dataset-from-bd/MangoClassify-12/Khrishapat/IMG_20250608_171811.jpg,Khrishapat,/kaggle/working/small/Khrishapat/02705.jpg,8,993,train
/kaggle/input/datasets/researchersajid/mangoclassify-12-native-mango-dataset-from-bd/MangoClassify-12/Khrishapat/IMG_20250608_171823.jpg,Khrishapat,/kaggle/working/small/Khrishapat/02706.jpg,8,993,train
/kaggle/input/datasets/researchersajid/mangoclassify-12-native-mango-dataset-from-bd/MangoClassify-12/Khrishapat/IMG_20250608_171832.jpg,Khrishapat,/kaggle/working/small/Khrishapat/02707.jpg,8,993,train
/kaggle/input/datasets/researchersajid/mangoclassify-12-native-mango-dataset-from-bd/MangoClassify-12/Khrishapat/IMG_20250608_171900.jpg,Khrishapat,/kaggle/working/small/Khrishapat/02708.jpg,8,1058,val
/kaggle/input/datasets/researchersajid/mangoclassify-12-native-mango-dataset-from-bd/MangoClassify-12/Khrishapat/IMG_20250608_171910.jpg,Khrishapat,/kaggle/working/small/Khrishapat/02709.jpg,8,993,train
/kaggle/input/datasets/researchersajid/mangoclassify-12-native-mango-dataset-from-bd/MangoClassify-12/Khrishapat/IMG_20250608_171925.jpg,Khrishapat,/kaggle/working/small/Khrishapat/02710.jpg,8,993,train
/kaggle/input/datasets/researchersajid/mangoclassify-12-native-mango-dataset-from-bd/MangoClassify-12/Khrishapat/IMG_20250608_171935.jpg,Khrishapat,/kaggle/working/small/Khrishapat/02711.jpg,8,993,train
/kaggle/input/datasets/researchersajid/mangoclassify-12-native-mango-dataset-from-bd/MangoClassify-12/Khrishapat/IMG_20250608_171950.jpg,Khrishapat,/kaggle/working/small/Khrishapat/02712.jpg,8,993,train
/kaggle/input/datasets/researchersajid/mangoclassify-12-native-mango-dataset-from-bd/MangoClassify-12/Khrishapat/IMG_20250608_172000.jpg,Khrishapat,/kaggle/working/small/Khrishapat/02713.jpg,8,993,train
/kaggle/input/datasets/researchersajid/mangoclassify-12-native-mango-dataset-from-bd/MangoClassify-12/Khrishapat/IMG_20250608_172012.jpg,Khrishapat,/kaggle/working/small/Khrishapat/02714.jpg,8,1084,train
/kaggle/input/datasets/researchersajid/mangoclassify-12-native-mango-dataset-from-bd/MangoClassify-12/Khrishapat/IMG_20250608_172025.jpg,Khrishapat,/kaggle/working/small/Khrishapat/02715.jpg,8,1132,train
/kaggle/input/datasets/researchersajid/mangoclassify-12-native-mango-dataset-from-bd/MangoClassify-12/Khrishapat/IMG_20250608_172044.jpg,Khrishapat,/kaggle/working/small/Khrishapat/02716.jpg,8,993,train
/kaggle/input/datasets/researchersajid/mangoclassify-12-native-mango-dataset-from-bd/MangoClassify-12/Khrishapat/IMG_20250608_172054.jpg,Khrishapat,/kaggle/working/small/Khrishapat/02717.jpg,8,993,train
/kaggle/input/datasets/researchersajid/mangoclassify-12-native-mango-dataset-from-bd/MangoClassify-12/Khrishapat/IMG_20250608_172112.jpg,Khrishapat,/kaggle/working/small/Khrishapat/02718.jpg,8,1008,train
/kaggle/input/datasets/researchersajid/mangoclassify-12-native-mango-dataset-from-bd/MangoClassify-12/Khrishapat/IMG_20250608_172138.jpg,Khrishapat,/kaggle/working/small/Khrishapat/02719.jpg,8,993,train
/kaggle/input/datasets/researchersajid/mangoclassify-12-native-mango-dataset-from-bd/MangoClassify-12/Khrishapat/IMG_20250608_172149.jpg,Khrishapat,/kaggle/working/small/Khrishapat/02720.jpg,8,1058,val
/kaggle/input/datasets/researchersajid/mangoclassify-12-native-mango-dataset-from-bd/MangoClassify-12/Khrishapat/IMG_20250608_172204.jpg,Khrishapat,/kaggle/working/small/Khrishapat/02721.jpg,8,993,train
/kaggle/input/datasets/researchersajid/mangoclassify-12-native-mango-dataset-from-bd/MangoClassify-12/Khrishapat/IMG_20250608_172221.jpg,Khrishapat,/kaggle/working/small/Khrishapat/02722.jpg,8,1058,val
/kaggle/input/datasets/researchersajid/mangoclassify-12-native-mango-dataset-from-bd/MangoClassify-12/Khrishapat/IMG_20250608_172232.jpg,Khrishapat,/kaggle/working/small/Khrishapat/02723.jpg,8,993,train
/kaggle/input/datasets/researchersajid/mangoclassify-12-native-mango-dataset-from-bd/MangoClassify-12/Khrishapat/IMG_20250608_172244.jpg,Khrishapat,/kaggle/working/small/Khrishapat/02724.jpg,8,993,train
/kaggle/input/datasets/researchersajid/mangoclassify-12-native-mango-dataset-from-bd/MangoClassify-12/Khrishapat/IMG_20250608_172302.jpg,Khrishapat,/kaggle/working/small/Khrishapat/02725.jpg,8,993,train
/kaggle/input/datasets/researchersajid/mangoclassify-12-native-mango-dataset-from-bd/MangoClassify-12/Khrishapat/IMG_20250608_172310.jpg,Khrishapat,/kaggle/working/small/Khrishapat/02726.jpg,8,1006,train
/kaggle/input/datasets/researchersajid/mangoclassify-12-native-mango-dataset-from-bd/MangoClassify-12/Khrishapat/IMG_20250608_172319.jpg,Khrishapat,/kaggle/working/small/Khrishapat/02727.jpg,8,1008,train
/kaggle/input/datasets/researchersajid/mangoclassify-12-native-mango-dataset-from-bd/MangoClassify-12/Khrishapat/IMG_20250608_172329.jpg,Khrishapat,/kaggle/working/small/Khrishapat/02728.jpg,8,1098,train
/kaggle/input/datasets/researchersajid/mangoclassify-12-native-mango-dataset-from-bd/MangoClassify-12/Khrishapat/IMG_20250608_172347.jpg,Khrishapat,/kaggle/working/small/Khrishapat/02729.jpg,8,1036,val
/kaggle/input/datasets/researchersajid/mangoclassify-12-native-mango-dataset-from-bd/MangoClassify-12/Khrishapat/IMG_20250608_172356.jpg,Khrishapat,/kaggle/working/small/Khrishapat/02730.jpg,8,1130,train
/kaggle/input/datasets/researchersajid/mangoclassify-12-native-mango-dataset-from-bd/MangoClassify-12/Khrishapat/IMG_20250608_172404.jpg,Khrishapat,/kaggle/working/small/Khrishapat/02731.jpg,8,1010,train
/kaggle/input/datasets/researchersajid/mangoclassify-12-native-mango-dataset-from-bd/MangoClassify-12/Khrishapat/IMG_20250608_172414.jpg,Khrishapat,/kaggle/working/small/Khrishapat/02732.jpg,8,1019,train
/kaggle/input/datasets/researchersajid/mangoclassify-12-native-mango-dataset-from-bd/MangoClassify-12/Khrishapat/IMG_20250608_172429.jpg,Khrishapat,/kaggle/working/small/Khrishapat/02733.jpg,8,1036,val
/kaggle/input/datasets/researchersajid/mangoclassify-12-native-mango-dataset-from-bd/MangoClassify-12/Khrishapat/IMG_20250608_172445.jpg,Khrishapat,/kaggle/working/small/Khrishapat/02734.jpg,8,993,train
/kaggle/input/datasets/researchersajid/mangoclassify-12-native-mango-dataset-from-bd/MangoClassify-12/Khrishapat/IMG_20250608_172453.jpg,Khrishapat,/kaggle/working/small/Khrishapat/02735.jpg,8,1010,train
/kaggle/input/datasets/researchersajid/mangoclassify-12-native-mango-dataset-from-bd/MangoClassify-12/Khrishapat/IMG_20250608_172501.jpg,Khrishapat,/kaggle/working/small/Khrishapat/02736.jpg,8,1054,test
/kaggle/input/datasets/researchersajid/mangoclassify-12-native-mango-dataset-from-bd/MangoClassify-12/Khrishapat/IMG_20250608_172515.jpg,Khrishapat,/kaggle/working/small/Khrishapat/02737.jpg,8,1054,test
/kaggle/input/datasets/researchersajid/mangoclassify-12-native-mango-dataset-from-bd/MangoClassify-12/Khrishapat/IMG_20250608_172523.jpg,Khrishapat,/kaggle/working/small/Khrishapat/02738.jpg,8,1012,val
/kaggle/input/datasets/researchersajid/mangoclassify-12-native-mango-dataset-from-bd/MangoClassify-12/Khrishapat/IMG_20250608_172545.jpg,Khrishapat,/kaggle/working/small/Khrishapat/02739.jpg,8,1054,test
/kaggle/input/datasets/researchersajid/mangoclassify-12-native-mango-dataset-from-bd/MangoClassify-12/Khrishapat/IMG_20250608_172554.jpg,Khrishapat,/kaggle/working/small/Khrishapat/02740.jpg,8,993,train
/kaggle/input/datasets/researchersajid/mangoclassify-12-native-mango-dataset-from-bd/MangoClassify-12/Khrishapat/IMG_20250608_172611.jpg,Khrishapat,/kaggle/working/small/Khrishapat/02741.jpg,8,1058,val
/kaggle/input/datasets/researchersajid/mangoclassify-12-native-mango-dataset-from-bd/MangoClassify-12/Khrishapat/IMG_20250608_172629.jpg,Khrishapat,/kaggle/working/small/Khrishapat/02742.jpg,8,993,train
/kaggle/input/datasets/researchersajid/mangoclassify-12-native-mango-dataset-from-bd/MangoClassify-12/Khrishapat/IMG_20250608_172645.jpg,Khrishapat,/kaggle/working/small/Khrishapat/02743.jpg,8,1058,val
/kaggle/input/datasets/researchersajid/mangoclassify-12-native-mango-dataset-from-bd/MangoClassify-12/Khrishapat/IMG_20250608_172708.jpg,Khrishapat,/kaggle/working/small/Khrishapat/02744.jpg,8,1134,val
/kaggle/input/datasets/researchersajid/mangoclassify-12-native-mango-dataset-from-bd/MangoClassify-12/Khrishapat/IMG_20250608_172715.jpg,Khrishapat,/kaggle/working/small/Khrishapat/02745.jpg,8,1124,val
/kaggle/input/datasets/researchersajid/mangoclassify-12-native-mango-dataset-from-bd/MangoClassify-12/Khrishapat/IMG_20250608_172724.jpg,Khrishapat,/kaggle/working/small/Khrishapat/02746.jpg,8,993,train
/kaggle/input/datasets/researchersajid/mangoclassify-12-native-mango-dataset-from-bd/MangoClassify-12/Khrishapat/IMG_20250608_172735.jpg,Khrishapat,/kaggle/working/small/Khrishapat/02747.jpg,8,1019,train
/kaggle/input/datasets/researchersajid/mangoclassify-12-native-mango-dataset-from-bd/MangoClassify-12/Khrishapat/IMG_20250608_172753.jpg,Khrishapat,/kaggle/working/small/Khrishapat/02748.jpg,8,1070,train
/kaggle/input/datasets/researchersajid/mangoclassify-12-native-mango-dataset-from-bd/MangoClassify-12/Khrishapat/IMG_20250608_172800.jpg,Khrishapat,/kaggle/working/small/Khrishapat/02749.jpg,8,1019,train
/kaggle/input/datasets/researchersajid/mangoclassify-12-native-mango-dataset-from-bd/MangoClassify-12/Khrishapat/IMG_20250608_172815.jpg,Khrishapat,/kaggle/working/small/Khrishapat/02750.jpg,8,993,train
/kaggle/input/datasets/researchersajid/mangoclassify-12-native-mango-dataset-from-bd/MangoClassify-12/Khrishapat/IMG_20250608_172827.jpg,Khrishapat,/kaggle/working/small/Khrishapat/02751.jpg,8,1112,val
/kaggle/input/datasets/researchersajid/mangoclassify-12-native-mango-dataset-from-bd/MangoClassify-12/Khrishapat/IMG_20250608_172851.jpg,Khrishapat,/kaggle/working/small/Khrishapat/02752.jpg,8,993,train
/kaggle/input/datasets/researchersajid/mangoclassify-12-native-mango-dataset-from-bd/MangoClassify-12/Khrishapat/IMG_20250608_172901.jpg,Khrishapat,/kaggle/working/small/Khrishapat/02753.jpg,8,1054,test
/kaggle/input/datasets/researchersajid/mangoclassify-12-native-mango-dataset-from-bd/MangoClassify-12/Khrishapat/IMG_20250608_172914.jpg,Khrishapat,/kaggle/working/small/Khrishapat/02754.jpg,8,1058,val
/kaggle/input/datasets/researchersajid/mangoclassify-12-native-mango-dataset-from-bd/MangoClassify-12/Khrishapat/IMG_20250608_172928.jpg,Khrishapat,/kaggle/working/small/Khrishapat/02755.jpg,8,1054,test
/kaggle/input/datasets/researchersajid/mangoclassify-12-native-mango-dataset-from-bd/MangoClassify-12/Khrishapat/IMG_20250608_172954.jpg,Khrishapat,/kaggle/working/small/Khrishapat/02756.jpg,8,993,train
/kaggle/input/datasets/researchersajid/mangoclassify-12-native-mango-dataset-from-bd/MangoClassify-12/Khrishapat/IMG_20250608_173002.jpg,Khrishapat,/kaggle/working/small/Khrishapat/02757.jpg,8,993,train
/kaggle/input/datasets/researchersajid/mangoclassify-12-native-mango-dataset-from-bd/MangoClassify-12/Khrishapat/IMG_20250608_173017.jpg,Khrishapat,/kaggle/working/small/Khrishapat/02758.jpg,8,993,train
/kaggle/input/datasets/researchersajid/mangoclassify-12-native-mango-dataset-from-bd/MangoClassify-12/Khrishapat/IMG_20250608_173027.jpg,Khrishapat,/kaggle/working/small/Khrishapat/02759.jpg,8,993,train
/kaggle/input/datasets/researchersajid/mangoclassify-12-native-mango-dataset-from-bd/MangoClassify-12/Khrishapat/IMG_20250608_173042.jpg,Khrishapat,/kaggle/working/small/Khrishapat/02760.jpg,8,993,train
/kaggle/input/datasets/researchersajid/mangoclassify-12-native-mango-dataset-from-bd/MangoClassify-12/Khrishapat/IMG_20250608_173051.jpg,Khrishapat,/kaggle/working/small/Khrishapat/02761.jpg,8,993,train
/kaggle/input/datasets/researchersajid/mangoclassify-12-native-mango-dataset-from-bd/MangoClassify-12/Khrishapat/IMG_20250608_173108.jpg,Khrishapat,/kaggle/working/small/Khrishapat/02762.jpg,8,993,train
/kaggle/input/datasets/researchersajid/mangoclassify-12-native-mango-dataset-from-bd/MangoClassify-12/Khrishapat/IMG_20250608_173119.jpg,Khrishapat,/kaggle/working/small/Khrishapat/02763.jpg,8,1122,val
/kaggle/input/datasets/researchersajid/mangoclassify-12-native-mango-dataset-from-bd/MangoClassify-12/Khrishapat/IMG_20250608_173135.jpg,Khrishapat,/kaggle/working/small/Khrishapat/02764.jpg,8,993,train
/kaggle/input/datasets/researchersajid/mangoclassify-12-native-mango-dataset-from-bd/MangoClassify-12/Khrishapat/IMG_20250608_173142.jpg,Khrishapat,/kaggle/working/small/Khrishapat/02765.jpg,8,1058,val
/kaggle/input/datasets/researchersajid/mangoclassify-12-native-mango-dataset-from-bd/MangoClassify-12/Khrishapat/IMG_20250608_173152.jpg,Khrishapat,/kaggle/working/small/Khrishapat/02766.jpg,8,1058,val
/kaggle/input/datasets/researchersajid/mangoclassify-12-native-mango-dataset-from-bd/MangoClassify-12/Khrishapat/IMG_20250608_173201.jpg,Khrishapat,/kaggle/working/small/Khrishapat/02767.jpg,8,1042,test
/kaggle/input/datasets/researchersajid/mangoclassify-12-native-mango-dataset-from-bd/MangoClassify-12/Khrishapat/IMG_20250610_170545.jpg,Khrishapat,/kaggle/working/small/Khrishapat/02768.jpg,8,1045,val
/kaggle/input/datasets/researchersajid/mangoclassify-12-native-mango-dataset-from-bd/MangoClassify-12/Khrishapat/IMG_20250610_170603.jpg,Khrishapat,/kaggle/working/small/Khrishapat/02769.jpg,8,1113,train
/kaggle/input/datasets/researchersajid/mangoclassify-12-native-mango-dataset-from-bd/MangoClassify-12/Khrishapat/IMG_20250610_170611.jpg,Khrishapat,/kaggle/working/small/Khrishapat/02770.jpg,8,1016,train
/kaggle/input/datasets/researchersajid/mangoclassify-12-native-mango-dataset-from-bd/MangoClassify-12/Khrishapat/IMG_20250610_170624.jpg,Khrishapat,/kaggle/working/small/Khrishapat/02771.jpg,8,1072,val
/kaggle/input/datasets/researchersajid/mangoclassify-12-native-mango-dataset-from-bd/MangoClassify-12/Khrishapat/IMG_20250610_171404.jpg,Khrishapat,/kaggle/working/small/Khrishapat/02772.jpg,8,1120,train
/kaggle/input/datasets/researchersajid/mangoclassify-12-native-mango-dataset-from-bd/MangoClassify-12/Khrishapat/IMG_20250610_171415.jpg,Khrishapat,/kaggle/working/small/Khrishapat/02773.jpg,8,1140,train
/kaggle/input/datasets/researchersajid/mangoclassify-12-native-mango-dataset-from-bd/MangoClassify-12/Khrishapat/IMG_20250610_171434.jpg,Khrishapat,/kaggle/working/small/Khrishapat/02774.jpg,8,1086,test
/kaggle/input/datasets/researchersajid/mangoclassify-12-native-mango-dataset-from-bd/MangoClassify-12/Khrishapat/IMG_20250610_171453.jpg,Khrishapat,/kaggle/working/small/Khrishapat/02775.jpg,8,1089,train
/kaggle/input/datasets/researchersajid/mangoclassify-12-native-mango-dataset-from-bd/MangoClassify-12/Khrishapat/IMG_20250610_171502.jpg,Khrishapat,/kaggle/working/small/Khrishapat/02776.jpg,8,1080,train
/kaggle/input/datasets/researchersajid/mangoclassify-12-native-mango-dataset-from-bd/MangoClassify-12/Khrishapat/IMG_20250610_171514.jpg,Khrishapat,/kaggle/working/small/Khrishapat/02777.jpg,8,1044,train
/kaggle/input/datasets/researchersajid/mangoclassify-12-native-mango-dataset-from-bd/MangoClassify-12/Khrishapat/IMG_20250610_171524.jpg,Khrishapat,/kaggle/working/small/Khrishapat/02778.jpg,8,997,train
/kaggle/input/datasets/researchersajid/mangoclassify-12-native-mango-dataset-from-bd/MangoClassify-12/Khrishapat/IMG_20250610_171535.jpg,Khrishapat,/kaggle/working/small/Khrishapat/02779.jpg,8,1044,train
/kaggle/input/datasets/researchersajid/mangoclassify-12-native-mango-dataset-from-bd/MangoClassify-12/Khrishapat/IMG_20250610_171543.jpg,Khrishapat,/kaggle/working/small/Khrishapat/02780.jpg,8,1133,train
/kaggle/input/datasets/researchersajid/mangoclassify-12-native-mango-dataset-from-bd/MangoClassify-12/Khrishapat/IMG_20250610_171617.jpg,Khrishapat,/kaggle/working/small/Khrishapat/02781.jpg,8,1085,train
/kaggle/input/datasets/researchersajid/mangoclassify-12-native-mango-dataset-from-bd/MangoClassify-12/Khrishapat/IMG_20250610_171637.jpg,Khrishapat,/kaggle/working/small/Khrishapat/02782.jpg,8,1110,test
/kaggle/input/datasets/researchersajid/mangoclassify-12-native-mango-dataset-from-bd/MangoClassify-12/Khrishapat/IMG_20250610_171646.jpg,Khrishapat,/kaggle/working/small/Khrishapat/02783.jpg,8,1116,test
/kaggle/input/datasets/researchersajid/mangoclassify-12-native-mango-dataset-from-bd/MangoClassify-12/Khrishapat/IMG_20250610_171717.jpg,Khrishapat,/kaggle/working/small/Khrishapat/02784.jpg,8,1027,train
/kaggle/input/datasets/researchersajid/mangoclassify-12-native-mango-dataset-from-bd/MangoClassify-12/Khrishapat/IMG_20250610_171732.jpg,Khrishapat,/kaggle/working/small/Khrishapat/02785.jpg,8,1121,train
/kaggle/input/datasets/researchersajid/mangoclassify-12-native-mango-dataset-from-bd/MangoClassify-12/Khrishapat/IMG_20250610_171743.jpg,Khrishapat,/kaggle/working/small/Khrishapat/02786.jpg,8,1027,train
/kaggle/input/datasets/researchersajid/mangoclassify-12-native-mango-dataset-from-bd/MangoClassify-12/Khrishapat/IMG_20250610_171811.jpg,Khrishapat,/kaggle/working/small/Khrishapat/02787.jpg,8,1039,train
/kaggle/input/datasets/researchersajid/mangoclassify-12-native-mango-dataset-from-bd/MangoClassify-12/Khrishapat/IMG_20250610_171825.jpg,Khrishapat,/kaggle/working/small/Khrishapat/02788.jpg,8,1003,train
/kaggle/input/datasets/researchersajid/mangoclassify-12-native-mango-dataset-from-bd/MangoClassify-12/Khrishapat/IMG_20250610_171847.jpg,Khrishapat,/kaggle/working/small/Khrishapat/02789.jpg,8,1044,train
/kaggle/input/datasets/researchersajid/mangoclassify-12-native-mango-dataset-from-bd/MangoClassify-12/Khrishapat/IMG_20250610_171900.jpg,Khrishapat,/kaggle/working/small/Khrishapat/02790.jpg,8,1099,val
/kaggle/input/datasets/researchersajid/mangoclassify-12-native-mango-dataset-from-bd/MangoClassify-12/Khrishapat/IMG_20250610_171910.jpg,Khrishapat,/kaggle/working/small/Khrishapat/02791.jpg,8,1015,train
/kaggle/input/datasets/researchersajid/mangoclassify-12-native-mango-dataset-from-bd/MangoClassify-12/Khrishapat/IMG_20250610_171920.jpg,Khrishapat,/kaggle/working/small/Khrishapat/02792.jpg,8,1099,val
/kaggle/input/datasets/researchersajid/mangoclassify-12-native-mango-dataset-from-bd/MangoClassify-12/Khrishapat/IMG_20250610_171930.jpg,Khrishapat,/kaggle/working/small/Khrishapat/02793.jpg,8,1037,train
/kaggle/input/datasets/researchersajid/mangoclassify-12-native-mango-dataset-from-bd/MangoClassify-12/Khrishapat/IMG_20250610_171953.jpg,Khrishapat,/kaggle/working/small/Khrishapat/02794.jpg,8,1059,test
/kaggle/input/datasets/researchersajid/mangoclassify-12-native-mango-dataset-from-bd/MangoClassify-12/Khrishapat/IMG_20250610_172000.jpg,Khrishapat,/kaggle/working/small/Khrishapat/02795.jpg,8,1004,train
/kaggle/input/datasets/researchersajid/mangoclassify-12-native-mango-dataset-from-bd/MangoClassify-12/Khrishapat/IMG_20250610_172009.jpg,Khrishapat,/kaggle/working/small/Khrishapat/02796.jpg,8,1004,train
/kaggle/input/datasets/researchersajid/mangoclassify-12-native-mango-dataset-from-bd/MangoClassify-12/Khrishapat/IMG_20250610_172016.jpg,Khrishapat,/kaggle/working/small/Khrishapat/02797.jpg,8,1004,train
/kaggle/input/datasets/researchersajid/mangoclassify-12-native-mango-dataset-from-bd/MangoClassify-12/Khrishapat/IMG_20250610_172024.jpg,Khrishapat,/kaggle/working/small/Khrishapat/02798.jpg,8,1045,val
/kaggle/input/datasets/researchersajid/mangoclassify-12-native-mango-dataset-from-bd/MangoClassify-12/Khrishapat/IMG_20250610_172053.jpg,Khrishapat,/kaggle/working/small/Khrishapat/02799.jpg,8,1025,train
/kaggle/input/datasets/researchersajid/mangoclassify-12-native-mango-dataset-from-bd/MangoClassify-12/Khrishapat/IMG_20250610_172105.jpg,Khrishapat,/kaggle/working/small/Khrishapat/02800.jpg,8,1006,train
/kaggle/input/datasets/researchersajid/mangoclassify-12-native-mango-dataset-from-bd/MangoClassify-12/Khrishapat/IMG_20250610_172113.jpg,Khrishapat,/kaggle/working/small/Khrishapat/02801.jpg,8,997,train
/kaggle/input/datasets/researchersajid/mangoclassify-12-native-mango-dataset-from-bd/MangoClassify-12/Khrishapat/IMG_20250610_172123.jpg,Khrishapat,/kaggle/working/small/Khrishapat/02802.jpg,8,1115,train
/kaggle/input/datasets/researchersajid/mangoclassify-12-native-mango-dataset-from-bd/MangoClassify-12/Khrishapat/IMG_20250610_172139.jpg,Khrishapat,/kaggle/working/small/Khrishapat/02803.jpg,8,1007,test
/kaggle/input/datasets/researchersajid/mangoclassify-12-native-mango-dataset-from-bd/MangoClassify-12/Khrishapat/IMG_20250610_172148.jpg,Khrishapat,/kaggle/working/small/Khrishapat/02804.jpg,8,1007,test
/kaggle/input/datasets/researchersajid/mangoclassify-12-native-mango-dataset-from-bd/MangoClassify-12/Khrishapat/IMG_20250610_172159.jpg,Khrishapat,/kaggle/working/small/Khrishapat/02805.jpg,8,1003,train
/kaggle/input/datasets/researchersajid/mangoclassify-12-native-mango-dataset-from-bd/MangoClassify-12/Khrishapat/IMG_20250610_172208.jpg,Khrishapat,/kaggle/working/small/Khrishapat/02806.jpg,8,1052,train
/kaggle/input/datasets/researchersajid/mangoclassify-12-native-mango-dataset-from-bd/MangoClassify-12/Khrishapat/IMG_20250610_172217.jpg,Khrishapat,/kaggle/working/small/Khrishapat/02807.jpg,8,1128,train
/kaggle/input/datasets/researchersajid/mangoclassify-12-native-mango-dataset-from-bd/MangoClassify-12/Khrishapat/IMG_20250610_172250.jpg,Khrishapat,/kaggle/working/small/Khrishapat/02808.jpg,8,1016,train
/kaggle/input/datasets/researchersajid/mangoclassify-12-native-mango-dataset-from-bd/MangoClassify-12/Khrishapat/IMG_20250610_172312.jpg,Khrishapat,/kaggle/working/small/Khrishapat/02809.jpg,8,1115,train
/kaggle/input/datasets/researchersajid/mangoclassify-12-native-mango-dataset-from-bd/MangoClassify-12/Khrishapat/IMG_20250610_172325.jpg,Khrishapat,/kaggle/working/small/Khrishapat/02810.jpg,8,1003,train
/kaggle/input/datasets/researchersajid/mangoclassify-12-native-mango-dataset-from-bd/MangoClassify-12/Khrishapat/IMG_20250610_172344.jpg,Khrishapat,/kaggle/working/small/Khrishapat/02811.jpg,8,1006,train
/kaggle/input/datasets/researchersajid/mangoclassify-12-native-mango-dataset-from-bd/MangoClassify-12/Khrishapat/IMG_20250610_172352.jpg,Khrishapat,/kaggle/working/small/Khrishapat/02812.jpg,8,1007,test
/kaggle/input/datasets/researchersajid/mangoclassify-12-native-mango-dataset-from-bd/MangoClassify-12/Khrishapat/IMG_20250610_172411.jpg,Khrishapat,/kaggle/working/small/Khrishapat/02813.jpg,8,995,val
/kaggle/input/datasets/researchersajid/mangoclassify-12-native-mango-dataset-from-bd/MangoClassify-12/Khrishapat/IMG_20250610_172420.jpg,Khrishapat,/kaggle/working/small/Khrishapat/02814.jpg,8,995,val
/kaggle/input/datasets/researchersajid/mangoclassify-12-native-mango-dataset-from-bd/MangoClassify-12/Khrishapat/IMG_20250610_172429.jpg,Khrishapat,/kaggle/working/small/Khrishapat/02815.jpg,8,997,train
/kaggle/input/datasets/researchersajid/mangoclassify-12-native-mango-dataset-from-bd/MangoClassify-12/Khrishapat/IMG_20250610_172438.jpg,Khrishapat,/kaggle/working/small/Khrishapat/02816.jpg,8,1115,train
/kaggle/input/datasets/researchersajid/mangoclassify-12-native-mango-dataset-from-bd/MangoClassify-12/Khrishapat/IMG_20250610_172451.jpg,Khrishapat,/kaggle/working/small/Khrishapat/02817.jpg,8,1094,val
/kaggle/input/datasets/researchersajid/mangoclassify-12-native-mango-dataset-from-bd/MangoClassify-12/Khrishapat/IMG_20250610_172459.jpg,Khrishapat,/kaggle/working/small/Khrishapat/02818.jpg,8,1033,train
/kaggle/input/datasets/researchersajid/mangoclassify-12-native-mango-dataset-from-bd/MangoClassify-12/Khrishapat/IMG_20250610_172513.jpg,Khrishapat,/kaggle/working/small/Khrishapat/02819.jpg,8,1033,train
/kaggle/input/datasets/researchersajid/mangoclassify-12-native-mango-dataset-from-bd/MangoClassify-12/Khrishapat/IMG_20250610_172521.jpg,Khrishapat,/kaggle/working/small/Khrishapat/02820.jpg,8,1004,train
/kaggle/input/datasets/researchersajid/mangoclassify-12-native-mango-dataset-from-bd/MangoClassify-12/Khrishapat/IMG_20250610_172538.jpg,Khrishapat,/kaggle/working/small/Khrishapat/02821.jpg,8,1074,train
/kaggle/input/datasets/researchersajid/mangoclassify-12-native-mango-dataset-from-bd/MangoClassify-12/Khrishapat/IMG_20250610_172612.jpg,Khrishapat,/kaggle/working/small/Khrishapat/02822.jpg,8,1025,train
/kaggle/input/datasets/researchersajid/mangoclassify-12-native-mango-dataset-from-bd/MangoClassify-12/Khrishapat/IMG_20250610_172627.jpg,Khrishapat,/kaggle/working/small/Khrishapat/02823.jpg,8,1009,train
/kaggle/input/datasets/researchersajid/mangoclassify-12-native-mango-dataset-from-bd/MangoClassify-12/Khrishapat/IMG_20250610_172637.jpg,Khrishapat,/kaggle/working/small/Khrishapat/02824.jpg,8,1131,train
/kaggle/input/datasets/researchersajid/mangoclassify-12-native-mango-dataset-from-bd/MangoClassify-12/Khrishapat/IMG_20250610_172648.jpg,Khrishapat,/kaggle/working/small/Khrishapat/02825.jpg,8,1037,train
/kaggle/input/datasets/researchersajid/mangoclassify-12-native-mango-dataset-from-bd/MangoClassify-12/Khrishapat/IMG_20250610_172700.jpg,Khrishapat,/kaggle/working/small/Khrishapat/02826.jpg,8,1037,train
/kaggle/input/datasets/researchersajid/mangoclassify-12-native-mango-dataset-from-bd/MangoClassify-12/Khrishapat/IMG_20250610_172708.jpg,Khrishapat,/kaggle/working/small/Khrishapat/02827.jpg,8,1015,train
/kaggle/input/datasets/researchersajid/mangoclassify-12-native-mango-dataset-from-bd/MangoClassify-12/Khrishapat/IMG_20250610_172716.jpg,Khrishapat,/kaggle/working/small/Khrishapat/02828.jpg,8,1004,train
/kaggle/input/datasets/researchersajid/mangoclassify-12-native-mango-dataset-from-bd/MangoClassify-12/Khrishapat/IMG_20250610_172727.jpg,Khrishapat,/kaggle/working/small/Khrishapat/02829.jpg,8,1004,train
/kaggle/input/datasets/researchersajid/mangoclassify-12-native-mango-dataset-from-bd/MangoClassify-12/Khrishapat/IMG_20250610_172741.jpg,Khrishapat,/kaggle/working/small/Khrishapat/02830.jpg,8,1004,train
/kaggle/input/datasets/researchersajid/mangoclassify-12-native-mango-dataset-from-bd/MangoClassify-12/Khrishapat/IMG_20250610_172750.jpg,Khrishapat,/kaggle/working/small/Khrishapat/02831.jpg,8,1042,test
/kaggle/input/datasets/researchersajid/mangoclassify-12-native-mango-dataset-from-bd/MangoClassify-12/Khrishapat/IMG_20250610_172810.jpg,Khrishapat,/kaggle/working/small/Khrishapat/02832.jpg,8,1016,train
/kaggle/input/datasets/researchersajid/mangoclassify-12-native-mango-dataset-from-bd/MangoClassify-12/Khrishapat/IMG_20250610_172831.jpg,Khrishapat,/kaggle/working/small/Khrishapat/02833.jpg,8,1006,train
/kaggle/input/datasets/researchersajid/mangoclassify-12-native-mango-dataset-from-bd/MangoClassify-12/Khrishapat/IMG_20250610_172919.jpg,Khrishapat,/kaggle/working/small/Khrishapat/02834.jpg,8,999,train
/kaggle/input/datasets/researchersajid/mangoclassify-12-native-mango-dataset-from-bd/MangoClassify-12/Khrishapat/IMG_20250610_172928.jpg,Khrishapat,/kaggle/working/small/Khrishapat/02835.jpg,8,999,train
/kaggle/input/datasets/researchersajid/mangoclassify-12-native-mango-dataset-from-bd/MangoClassify-12/Khrishapat/IMG_20250610_172948.jpg,Khrishapat,/kaggle/working/small/Khrishapat/02836.jpg,8,1006,train
/kaggle/input/datasets/researchersajid/mangoclassify-12-native-mango-dataset-from-bd/MangoClassify-12/Khrishapat/IMG_20250610_172957.jpg,Khrishapat,/kaggle/working/small/Khrishapat/02837.jpg,8,1004,train
/kaggle/input/datasets/researchersajid/mangoclassify-12-native-mango-dataset-from-bd/MangoClassify-12/Khrishapat/IMG_20250610_173006.jpg,Khrishapat,/kaggle/working/small/Khrishapat/02838.jpg,8,1004,train
/kaggle/input/datasets/researchersajid/mangoclassify-12-native-mango-dataset-from-bd/MangoClassify-12/Khrishapat/IMG_20250610_173012.jpg,Khrishapat,/kaggle/working/small/Khrishapat/02839.jpg,8,1004,train
/kaggle/input/datasets/researchersajid/mangoclassify-12-native-mango-dataset-from-bd/MangoClassify-12/Khrishapat/IMG_20250610_174226.jpg,Khrishapat,/kaggle/working/small/Khrishapat/02840.jpg,8,997,train
/kaggle/input/datasets/researchersajid/mangoclassify-12-native-mango-dataset-from-bd/MangoClassify-12/Khrishapat/IMG_20250610_174233.jpg,Khrishapat,/kaggle/working/small/Khrishapat/02841.jpg,8,1054,test
/kaggle/input/datasets/researchersajid/mangoclassify-12-native-mango-dataset-from-bd/MangoClassify-12/Khrishapat/IMG_20250610_174241.jpg,Khrishapat,/kaggle/working/small/Khrishapat/02842.jpg,8,997,train
/kaggle/input/datasets/researchersajid/mangoclassify-12-native-mango-dataset-from-bd/MangoClassify-12/Khrishapat/IMG_20250610_174247.jpg,Khrishapat,/kaggle/working/small/Khrishapat/02843.jpg,8,1115,train
/kaggle/input/datasets/researchersajid/mangoclassify-12-native-mango-dataset-from-bd/MangoClassify-12/Khrishapat/IMG_20250610_174257.jpg,Khrishapat,/kaggle/working/small/Khrishapat/02844.jpg,8,1021,train
/kaggle/input/datasets/researchersajid/mangoclassify-12-native-mango-dataset-from-bd/MangoClassify-12/Khrishapat/IMG_20250610_174304.jpg,Khrishapat,/kaggle/working/small/Khrishapat/02845.jpg,8,1021,train
/kaggle/input/datasets/researchersajid/mangoclassify-12-native-mango-dataset-from-bd/MangoClassify-12/Khrishapat/IMG_20250610_174310.jpg,Khrishapat,/kaggle/working/small/Khrishapat/02846.jpg,8,1009,train
/kaggle/input/datasets/researchersajid/mangoclassify-12-native-mango-dataset-from-bd/MangoClassify-12/Khrishapat/IMG_20250610_174318.jpg,Khrishapat,/kaggle/working/small/Khrishapat/02847.jpg,8,1006,train
/kaggle/input/datasets/researchersajid/mangoclassify-12-native-mango-dataset-from-bd/MangoClassify-12/Khrishapat/IMG_20250610_174338.jpg,Khrishapat,/kaggle/working/small/Khrishapat/02848.jpg,8,999,train
/kaggle/input/datasets/researchersajid/mangoclassify-12-native-mango-dataset-from-bd/MangoClassify-12/Khrishapat/IMG_20250610_174345.jpg,Khrishapat,/kaggle/working/small/Khrishapat/02849.jpg,8,1059,test
/kaggle/input/datasets/researchersajid/mangoclassify-12-native-mango-dataset-from-bd/MangoClassify-12/Khrishapat/IMG_20250610_174351.jpg,Khrishapat,/kaggle/working/small/Khrishapat/02850.jpg,8,999,train
/kaggle/input/datasets/researchersajid/mangoclassify-12-native-mango-dataset-from-bd/MangoClassify-12/Khrishapat/IMG_20250610_174406.jpg,Khrishapat,/kaggle/working/small/Khrishapat/02851.jpg,8,999,train
/kaggle/input/datasets/researchersajid/mangoclassify-12-native-mango-dataset-from-bd/MangoClassify-12/Khrishapat/IMG_20250610_174414.jpg,Khrishapat,/kaggle/working/small/Khrishapat/02852.jpg,8,999,train
/kaggle/input/datasets/researchersajid/mangoclassify-12-native-mango-dataset-from-bd/MangoClassify-12/Khrishapat/IMG_20250610_174432.jpg,Khrishapat,/kaggle/working/small/Khrishapat/02853.jpg,8,997,train
/kaggle/input/datasets/researchersajid/mangoclassify-12-native-mango-dataset-from-bd/MangoClassify-12/Khrishapat/IMG_20250610_174450.jpg,Khrishapat,/kaggle/working/small/Khrishapat/02854.jpg,8,997,train
/kaggle/input/datasets/researchersajid/mangoclassify-12-native-mango-dataset-from-bd/MangoClassify-12/Khrishapat/IMG_20250610_174501.jpg,Khrishapat,/kaggle/working/small/Khrishapat/02855.jpg,8,997,train
/kaggle/input/datasets/researchersajid/mangoclassify-12-native-mango-dataset-from-bd/MangoClassify-12/Khrishapat/IMG_20250610_174525.jpg,Khrishapat,/kaggle/working/small/Khrishapat/02856.jpg,8,999,train
/kaggle/input/datasets/researchersajid/mangoclassify-12-native-mango-dataset-from-bd/MangoClassify-12/Khrishapat/IMG_20250611_113716.jpg,Khrishapat,/kaggle/working/small/Khrishapat/02857.jpg,8,995,val
/kaggle/input/datasets/researchersajid/mangoclassify-12-native-mango-dataset-from-bd/MangoClassify-12/Khrishapat/IMG_20250611_113738.jpg,Khrishapat,/kaggle/working/small/Khrishapat/02858.jpg,8,1119,train
/kaggle/input/datasets/researchersajid/mangoclassify-12-native-mango-dataset-from-bd/MangoClassify-12/Khrishapat/IMG_20250611_113752.jpg,Khrishapat,/kaggle/working/small/Khrishapat/02859.jpg,8,995,val
/kaggle/input/datasets/researchersajid/mangoclassify-12-native-mango-dataset-from-bd/MangoClassify-12/Khrishapat/IMG_20250611_113804.jpg,Khrishapat,/kaggle/working/small/Khrishapat/02860.jpg,8,995,val
/kaggle/input/datasets/researchersajid/mangoclassify-12-native-mango-dataset-from-bd/MangoClassify-12/Khrishapat/IMG_20250611_113830.jpg,Khrishapat,/kaggle/working/small/Khrishapat/02861.jpg,8,1117,train
/kaggle/input/datasets/researchersajid/mangoclassify-12-native-mango-dataset-from-bd/MangoClassify-12/Khrishapat/IMG_20250611_113840.jpg,Khrishapat,/kaggle/working/small/Khrishapat/02862.jpg,8,1009,train
/kaggle/input/datasets/researchersajid/mangoclassify-12-native-mango-dataset-from-bd/MangoClassify-12/Khrishapat/IMG_20250611_113856.jpg,Khrishapat,/kaggle/working/small/Khrishapat/02863.jpg,8,1006,train
/kaggle/input/datasets/researchersajid/mangoclassify-12-native-mango-dataset-from-bd/MangoClassify-12/Khrishapat/IMG_20250611_113922.jpg,Khrishapat,/kaggle/working/small/Khrishapat/02864.jpg,8,1077,test
/kaggle/input/datasets/researchersajid/mangoclassify-12-native-mango-dataset-from-bd/MangoClassify-12/Khrishapat/IMG_20250611_113955.jpg,Khrishapat,/kaggle/working/small/Khrishapat/02865.jpg,8,1106,train
/kaggle/input/datasets/researchersajid/mangoclassify-12-native-mango-dataset-from-bd/MangoClassify-12/Khrishapat/IMG_20250611_114008.jpg,Khrishapat,/kaggle/working/small/Khrishapat/02866.jpg,8,1000,test
/kaggle/input/datasets/researchersajid/mangoclassify-12-native-mango-dataset-from-bd/MangoClassify-12/Khrishapat/IMG_20250611_114023.jpg,Khrishapat,/kaggle/working/small/Khrishapat/02867.jpg,8,1139,train
/kaggle/input/datasets/researchersajid/mangoclassify-12-native-mango-dataset-from-bd/MangoClassify-12/Khrishapat/IMG_20250611_114035.jpg,Khrishapat,/kaggle/working/small/Khrishapat/02868.jpg,8,1059,test
/kaggle/input/datasets/researchersajid/mangoclassify-12-native-mango-dataset-from-bd/MangoClassify-12/Khrishapat/IMG_20250611_114054.jpg,Khrishapat,/kaggle/working/small/Khrishapat/02869.jpg,8,995,val
/kaggle/input/datasets/researchersajid/mangoclassify-12-native-mango-dataset-from-bd/MangoClassify-12/Khrishapat/IMG_20250611_114112.jpg,Khrishapat,/kaggle/working/small/Khrishapat/02870.jpg,8,1012,val
/kaggle/input/datasets/researchersajid/mangoclassify-12-native-mango-dataset-from-bd/MangoClassify-12/Khrishapat/IMG_20250611_114133.jpg,Khrishapat,/kaggle/working/small/Khrishapat/02871.jpg,8,995,val
/kaggle/input/datasets/researchersajid/mangoclassify-12-native-mango-dataset-from-bd/MangoClassify-12/Khrishapat/IMG_20250611_114151.jpg,Khrishapat,/kaggle/working/small/Khrishapat/02872.jpg,8,995,val
/kaggle/input/datasets/researchersajid/mangoclassify-12-native-mango-dataset-from-bd/MangoClassify-12/Khrishapat/IMG_20250611_114216.jpg,Khrishapat,/kaggle/working/small/Khrishapat/02873.jpg,8,1002,train
/kaggle/input/datasets/researchersajid/mangoclassify-12-native-mango-dataset-from-bd/MangoClassify-12/Khrishapat/IMG_20250611_114225.jpg,Khrishapat,/kaggle/working/small/Khrishapat/02874.jpg,8,1039,train
/kaggle/input/datasets/researchersajid/mangoclassify-12-native-mango-dataset-from-bd/MangoClassify-12/Khrishapat/IMG_20250611_114305.jpg,Khrishapat,/kaggle/working/small/Khrishapat/02875.jpg,8,1069,train
/kaggle/input/datasets/researchersajid/mangoclassify-12-native-mango-dataset-from-bd/MangoClassify-12/Khrishapat/IMG_20250611_114321.jpg,Khrishapat,/kaggle/working/small/Khrishapat/02876.jpg,8,1096,train
/kaggle/input/datasets/researchersajid/mangoclassify-12-native-mango-dataset-from-bd/MangoClassify-12/Khrishapat/IMG_20250611_114359.jpg,Khrishapat,/kaggle/working/small/Khrishapat/02877.jpg,8,1136,train
/kaggle/input/datasets/researchersajid/mangoclassify-12-native-mango-dataset-from-bd/MangoClassify-12/Khrishapat/IMG_20250611_114407.jpg,Khrishapat,/kaggle/working/small/Khrishapat/02878.jpg,8,1000,test
/kaggle/input/datasets/researchersajid/mangoclassify-12-native-mango-dataset-from-bd/MangoClassify-12/Khrishapat/IMG_20250611_114425.jpg,Khrishapat,/kaggle/working/small/Khrishapat/02879.jpg,8,995,val
/kaggle/input/datasets/researchersajid/mangoclassify-12-native-mango-dataset-from-bd/MangoClassify-12/Khrishapat/IMG_20250611_114501.jpg,Khrishapat,/kaggle/working/small/Khrishapat/02880.jpg,8,1001,train
/kaggle/input/datasets/researchersajid/mangoclassify-12-native-mango-dataset-from-bd/MangoClassify-12/Khrishapat/IMG_20250611_114521.jpg,Khrishapat,/kaggle/working/small/Khrishapat/02881.jpg,8,1063,train
/kaggle/input/datasets/researchersajid/mangoclassify-12-native-mango-dataset-from-bd/MangoClassify-12/Khrishapat/IMG_20250611_114529.jpg,Khrishapat,/kaggle/working/small/Khrishapat/02882.jpg,8,1000,test
/kaggle/input/datasets/researchersajid/mangoclassify-12-native-mango-dataset-from-bd/MangoClassify-12/Khrishapat/IMG_20250611_114542.jpg,Khrishapat,/kaggle/working/small/Khrishapat/02883.jpg,8,1000,test
/kaggle/input/datasets/researchersajid/mangoclassify-12-native-mango-dataset-from-bd/MangoClassify-12/Khrishapat/IMG_20250611_114552.jpg,Khrishapat,/kaggle/working/small/Khrishapat/02884.jpg,8,1063,train
/kaggle/input/datasets/researchersajid/mangoclassify-12-native-mango-dataset-from-bd/MangoClassify-12/Khrishapat/IMG_20250611_114618.jpg,Khrishapat,/kaggle/working/small/Khrishapat/02885.jpg,8,1002,train
/kaggle/input/datasets/researchersajid/mangoclassify-12-native-mango-dataset-from-bd/MangoClassify-12/Khrishapat/IMG_20250611_114628.jpg,Khrishapat,/kaggle/working/small/Khrishapat/02886.jpg,8,1002,train
/kaggle/input/datasets/researchersajid/mangoclassify-12-native-mango-dataset-from-bd/MangoClassify-12/Khrishapat/IMG_20250611_114647.jpg,Khrishapat,/kaggle/working/small/Khrishapat/02887.jpg,8,995,val
/kaggle/input/datasets/researchersajid/mangoclassify-12-native-mango-dataset-from-bd/MangoClassify-12/Khrishapat/IMG_20250611_114658.jpg,Khrishapat,/kaggle/working/small/Khrishapat/02888.jpg,8,1091,train
/kaggle/input/datasets/researchersajid/mangoclassify-12-native-mango-dataset-from-bd/MangoClassify-12/Khrishapat/IMG_20250611_114728.jpg,Khrishapat,/kaggle/working/small/Khrishapat/02889.jpg,8,1066,train
/kaggle/input/datasets/researchersajid/mangoclassify-12-native-mango-dataset-from-bd/MangoClassify-12/Khrishapat/IMG_20250611_114736.jpg,Khrishapat,/kaggle/working/small/Khrishapat/02890.jpg,8,998,train
/kaggle/input/datasets/researchersajid/mangoclassify-12-native-mango-dataset-from-bd/MangoClassify-12/Khrishapat/IMG_20250611_114748.jpg,Khrishapat,/kaggle/working/small/Khrishapat/02891.jpg,8,1125,train
/kaggle/input/datasets/researchersajid/mangoclassify-12-native-mango-dataset-from-bd/MangoClassify-12/Khrishapat/IMG_20250611_114755.jpg,Khrishapat,/kaggle/working/small/Khrishapat/02892.jpg,8,998,train
/kaggle/input/datasets/researchersajid/mangoclassify-12-native-mango-dataset-from-bd/MangoClassify-12/Khrishapat/IMG_20250611_114839.jpg,Khrishapat,/kaggle/working/small/Khrishapat/02893.jpg,8,1000,test
/kaggle/input/datasets/researchersajid/mangoclassify-12-native-mango-dataset-from-bd/MangoClassify-12/Khrishapat/IMG_20250611_114855.jpg,Khrishapat,/kaggle/working/small/Khrishapat/02894.jpg,8,1000,test
/kaggle/input/datasets/researchersajid/mangoclassify-12-native-mango-dataset-from-bd/MangoClassify-12/Khrishapat/IMG_20250611_114903.jpg,Khrishapat,/kaggle/working/small/Khrishapat/02895.jpg,8,997,train
/kaggle/input/datasets/researchersajid/mangoclassify-12-native-mango-dataset-from-bd/MangoClassify-12/Khrishapat/IMG_20250611_114922.jpg,Khrishapat,/kaggle/working/small/Khrishapat/02896.jpg,8,1000,test
/kaggle/input/datasets/researchersajid/mangoclassify-12-native-mango-dataset-from-bd/MangoClassify-12/Khrishapat/IMG_20250611_115004.jpg,Khrishapat,/kaggle/working/small/Khrishapat/02897.jpg,8,1001,train
/kaggle/input/datasets/researchersajid/mangoclassify-12-native-mango-dataset-from-bd/MangoClassify-12/Khrishapat/IMG_20250611_115017.jpg,Khrishapat,/kaggle/working/small/Khrishapat/02898.jpg,8,1001,train
/kaggle/input/datasets/researchersajid/mangoclassify-12-native-mango-dataset-from-bd/MangoClassify-12/Khrishapat/IMG_20250611_115031.jpg,Khrishapat,/kaggle/working/small/Khrishapat/02899.jpg,8,995,val
/kaggle/input/datasets/researchersajid/mangoclassify-12-native-mango-dataset-from-bd/MangoClassify-12/Khrishapat/IMG_20250611_115048.jpg,Khrishapat,/kaggle/working/small/Khrishapat/02900.jpg,8,1091,train
/kaggle/input/datasets/researchersajid/mangoclassify-12-native-mango-dataset-from-bd/MangoClassify-12/Khrishapat/IMG_20250611_115152.jpg,Khrishapat,/kaggle/working/small/Khrishapat/02901.jpg,8,997,train
/kaggle/input/datasets/researchersajid/mangoclassify-12-native-mango-dataset-from-bd/MangoClassify-12/Khrishapat/IMG_20250611_115203.jpg,Khrishapat,/kaggle/working/small/Khrishapat/02902.jpg,8,997,train
/kaggle/input/datasets/researchersajid/mangoclassify-12-native-mango-dataset-from-bd/MangoClassify-12/Khrishapat/IMG_20250611_115214.jpg,Khrishapat,/kaggle/working/small/Khrishapat/02903.jpg,8,1079,test
/kaggle/input/datasets/researchersajid/mangoclassify-12-native-mango-dataset-from-bd/MangoClassify-12/Khrishapat/IMG_20250611_115228.jpg,Khrishapat,/kaggle/working/small/Khrishapat/02904.jpg,8,1016,train
/kaggle/input/datasets/researchersajid/mangoclassify-12-native-mango-dataset-from-bd/MangoClassify-12/Khrishapat/IMG_20250611_115252.jpg,Khrishapat,/kaggle/working/small/Khrishapat/02905.jpg,8,1020,test
/kaggle/input/datasets/researchersajid/mangoclassify-12-native-mango-dataset-from-bd/MangoClassify-12/Khrishapat/IMG_20250611_115307.jpg,Khrishapat,/kaggle/working/small/Khrishapat/02906.jpg,8,1069,train
/kaggle/input/datasets/researchersajid/mangoclassify-12-native-mango-dataset-from-bd/MangoClassify-12/Khrishapat/IMG_20250611_115324.jpg,Khrishapat,/kaggle/working/small/Khrishapat/02907.jpg,8,1012,val
/kaggle/input/datasets/researchersajid/mangoclassify-12-native-mango-dataset-from-bd/MangoClassify-12/Khrishapat/IMG_20250611_115334.jpg,Khrishapat,/kaggle/working/small/Khrishapat/02908.jpg,8,1020,test
/kaggle/input/datasets/researchersajid/mangoclassify-12-native-mango-dataset-from-bd/MangoClassify-12/Khrishapat/IMG_20250611_115405.jpg,Khrishapat,/kaggle/working/small/Khrishapat/02909.jpg,8,1000,test
/kaggle/input/datasets/researchersajid/mangoclassify-12-native-mango-dataset-from-bd/MangoClassify-12/Khrishapat/IMG_20250611_115412.jpg,Khrishapat,/kaggle/working/small/Khrishapat/02910.jpg,8,1000,test
/kaggle/input/datasets/researchersajid/mangoclassify-12-native-mango-dataset-from-bd/MangoClassify-12/Khrishapat/IMG_20250611_115428.jpg,Khrishapat,/kaggle/working/small/Khrishapat/02911.jpg,8,1000,test
/kaggle/input/datasets/researchersajid/mangoclassify-12-native-mango-dataset-from-bd/MangoClassify-12/Khrishapat/IMG_20250611_115441.jpg,Khrishapat,/kaggle/working/small/Khrishapat/02912.jpg,8,1053,train
/kaggle/input/datasets/researchersajid/mangoclassify-12-native-mango-dataset-from-bd/MangoClassify-12/Khrishapat/IMG_20250611_115515.jpg,Khrishapat,/kaggle/working/small/Khrishapat/02913.jpg,8,1000,test
/kaggle/input/datasets/researchersajid/mangoclassify-12-native-mango-dataset-from-bd/MangoClassify-12/Khrishapat/IMG_20250611_115523.jpg,Khrishapat,/kaggle/working/small/Khrishapat/02914.jpg,8,995,val
/kaggle/input/datasets/researchersajid/mangoclassify-12-native-mango-dataset-from-bd/MangoClassify-12/Khrishapat/IMG_20250611_115543.jpg,Khrishapat,/kaggle/working/small/Khrishapat/02915.jpg,8,1000,test
/kaggle/input/datasets/researchersajid/mangoclassify-12-native-mango-dataset-from-bd/MangoClassify-12/Khrishapat/IMG_20250611_115558.jpg,Khrishapat,/kaggle/working/small/Khrishapat/02916.jpg,8,1012,val
/kaggle/input/datasets/researchersajid/mangoclassify-12-native-mango-dataset-from-bd/MangoClassify-12/Khrishapat/IMG_20250611_115613.jpg,Khrishapat,/kaggle/working/small/Khrishapat/02917.jpg,8,1001,train
/kaggle/input/datasets/researchersajid/mangoclassify-12-native-mango-dataset-from-bd/MangoClassify-12/Khrishapat/IMG_20250611_115626.jpg,Khrishapat,/kaggle/working/small/Khrishapat/02918.jpg,8,1001,train
/kaggle/input/datasets/researchersajid/mangoclassify-12-native-mango-dataset-from-bd/MangoClassify-12/Khrishapat/IMG_20250611_115638.jpg,Khrishapat,/kaggle/working/small/Khrishapat/02919.jpg,8,1053,train
/kaggle/input/datasets/researchersajid/mangoclassify-12-native-mango-dataset-from-bd/MangoClassify-12/Khrishapat/IMG_20250611_115650.jpg,Khrishapat,/kaggle/working/small/Khrishapat/02920.jpg,8,1009,train
/kaggle/input/datasets/researchersajid/mangoclassify-12-native-mango-dataset-from-bd/MangoClassify-12/Khrishapat/IMG_20250611_115706.jpg,Khrishapat,/kaggle/working/small/Khrishapat/02921.jpg,8,1001,train
/kaggle/input/datasets/researchersajid/mangoclassify-12-native-mango-dataset-from-bd/MangoClassify-12/Khrishapat/IMG_20250611_115714.jpg,Khrishapat,/kaggle/working/small/Khrishapat/02922.jpg,8,1001,train
/kaggle/input/datasets/researchersajid/mangoclassify-12-native-mango-dataset-from-bd/MangoClassify-12/Khrishapat/IMG_20250611_115722.jpg,Khrishapat,/kaggle/working/small/Khrishapat/02923.jpg,8,1104,train
/kaggle/input/datasets/researchersajid/mangoclassify-12-native-mango-dataset-from-bd/MangoClassify-12/Khrishapat/IMG_20250611_115733.jpg,Khrishapat,/kaggle/working/small/Khrishapat/02924.jpg,8,1001,train
/kaggle/input/datasets/researchersajid/mangoclassify-12-native-mango-dataset-from-bd/MangoClassify-12/Khrishapat/IMG_20250611_115757.jpg,Khrishapat,/kaggle/working/small/Khrishapat/02925.jpg,8,1142,train
/kaggle/input/datasets/researchersajid/mangoclassify-12-native-mango-dataset-from-bd/MangoClassify-12/Khrishapat/IMG_20250611_115805.jpg,Khrishapat,/kaggle/working/small/Khrishapat/02926.jpg,8,1095,train
/kaggle/input/datasets/researchersajid/mangoclassify-12-native-mango-dataset-from-bd/MangoClassify-12/Khrishapat/IMG_20250611_115813.jpg,Khrishapat,/kaggle/working/small/Khrishapat/02927.jpg,8,1020,test
/kaggle/input/datasets/researchersajid/mangoclassify-12-native-mango-dataset-from-bd/MangoClassify-12/Khrishapat/IMG_20250611_115824.jpg,Khrishapat,/kaggle/working/small/Khrishapat/02928.jpg,8,1073,train
/kaggle/input/datasets/researchersajid/mangoclassify-12-native-mango-dataset-from-bd/MangoClassify-12/Khrishapat/IMG_20250611_120601.jpg,Khrishapat,/kaggle/working/small/Khrishapat/02929.jpg,8,1038,test
/kaggle/input/datasets/researchersajid/mangoclassify-12-native-mango-dataset-from-bd/MangoClassify-12/Khrishapat/IMG_20250611_120611.jpg,Khrishapat,/kaggle/working/small/Khrishapat/02930.jpg,8,1001,train
/kaggle/input/datasets/researchersajid/mangoclassify-12-native-mango-dataset-from-bd/MangoClassify-12/Khrishapat/IMG_20250611_120620.jpg,Khrishapat,/kaggle/working/small/Khrishapat/02931.jpg,8,1092,train
/kaggle/input/datasets/researchersajid/mangoclassify-12-native-mango-dataset-from-bd/MangoClassify-12/Khrishapat/IMG_20250611_120632.jpg,Khrishapat,/kaggle/working/small/Khrishapat/02932.jpg,8,1001,train
/kaggle/input/datasets/researchersajid/mangoclassify-12-native-mango-dataset-from-bd/MangoClassify-12/Khrishapat/IMG_20250611_120702.jpg,Khrishapat,/kaggle/working/small/Khrishapat/02933.jpg,8,1119,train
/kaggle/input/datasets/researchersajid/mangoclassify-12-native-mango-dataset-from-bd/MangoClassify-12/Khrishapat/IMG_20250611_120711.jpg,Khrishapat,/kaggle/working/small/Khrishapat/02934.jpg,8,1000,test
/kaggle/input/datasets/researchersajid/mangoclassify-12-native-mango-dataset-from-bd/MangoClassify-12/Khrishapat/IMG_20250611_120726.jpg,Khrishapat,/kaggle/working/small/Khrishapat/02935.jpg,8,1059,test
/kaggle/input/datasets/researchersajid/mangoclassify-12-native-mango-dataset-from-bd/MangoClassify-12/Khrishapat/IMG_20250611_120750.jpg,Khrishapat,/kaggle/working/small/Khrishapat/02936.jpg,8,1059,test
/kaggle/input/datasets/researchersajid/mangoclassify-12-native-mango-dataset-from-bd/MangoClassify-12/Khrishapat/IMG_20250611_120806.jpg,Khrishapat,/kaggle/working/small/Khrishapat/02937.jpg,8,1000,test
/kaggle/input/datasets/researchersajid/mangoclassify-12-native-mango-dataset-from-bd/MangoClassify-12/Khrishapat/IMG_20250611_120822.jpg,Khrishapat,/kaggle/working/small/Khrishapat/02938.jpg,8,1012,val
/kaggle/input/datasets/researchersajid/mangoclassify-12-native-mango-dataset-from-bd/MangoClassify-12/Khrishapat/IMG_20250611_120832.jpg,Khrishapat,/kaggle/working/small/Khrishapat/02939.jpg,8,1000,test
/kaggle/input/datasets/researchersajid/mangoclassify-12-native-mango-dataset-from-bd/MangoClassify-12/Khrishapat/IMG_20250611_120845.jpg,Khrishapat,/kaggle/working/small/Khrishapat/02940.jpg,8,1000,test
/kaggle/input/datasets/researchersajid/mangoclassify-12-native-mango-dataset-from-bd/MangoClassify-12/Khrishapat/IMG_20250611_120907.jpg,Khrishapat,/kaggle/working/small/Khrishapat/02941.jpg,8,1053,train
/kaggle/input/datasets/researchersajid/mangoclassify-12-native-mango-dataset-from-bd/MangoClassify-12/Khrishapat/IMG_20250611_120922.jpg,Khrishapat,/kaggle/working/small/Khrishapat/02942.jpg,8,1000,test
/kaggle/input/datasets/researchersajid/mangoclassify-12-native-mango-dataset-from-bd/MangoClassify-12/Khrishapat/IMG_20250611_120929.jpg,Khrishapat,/kaggle/working/small/Khrishapat/02943.jpg,8,1129,train
/kaggle/input/datasets/researchersajid/mangoclassify-12-native-mango-dataset-from-bd/MangoClassify-12/Khrishapat/IMG_20250611_120938.jpg,Khrishapat,/kaggle/working/small/Khrishapat/02944.jpg,8,1053,train
/kaggle/input/datasets/researchersajid/mangoclassify-12-native-mango-dataset-from-bd/MangoClassify-12/Khrishapat/IMG_20250611_120952.jpg,Khrishapat,/kaggle/working/small/Khrishapat/02945.jpg,8,1066,train
/kaggle/input/datasets/researchersajid/mangoclassify-12-native-mango-dataset-from-bd/MangoClassify-12/Khrishapat/IMG_20250611_121001.jpg,Khrishapat,/kaggle/working/small/Khrishapat/02946.jpg,8,995,val
/kaggle/input/datasets/researchersajid/mangoclassify-12-native-mango-dataset-from-bd/MangoClassify-12/Khrishapat/IMG_20250611_121013.jpg,Khrishapat,/kaggle/working/small/Khrishapat/02947.jpg,8,1024,train
/kaggle/input/datasets/researchersajid/mangoclassify-12-native-mango-dataset-from-bd/MangoClassify-12/Khrishapat/IMG_20250611_121023.jpg,Khrishapat,/kaggle/working/small/Khrishapat/02948.jpg,8,1001,train
/kaggle/input/datasets/researchersajid/mangoclassify-12-native-mango-dataset-from-bd/MangoClassify-12/Khrishapat/IMG_20250611_121219.jpg,Khrishapat,/kaggle/working/small/Khrishapat/02949.jpg,8,1012,val
/kaggle/input/datasets/researchersajid/mangoclassify-12-native-mango-dataset-from-bd/MangoClassify-12/Khrishapat/IMG_20250611_121220.jpg,Khrishapat,/kaggle/working/small/Khrishapat/02950.jpg,8,1137,train
/kaggle/input/datasets/researchersajid/mangoclassify-12-native-mango-dataset-from-bd/MangoClassify-12/Khrishapat/IMG_20250611_121227.jpg,Khrishapat,/kaggle/working/small/Khrishapat/02951.jpg,8,1012,val
/kaggle/input/datasets/researchersajid/mangoclassify-12-native-mango-dataset-from-bd/MangoClassify-12/Khrishapat/IMG_20250611_121238.jpg,Khrishapat,/kaggle/working/small/Khrishapat/02952.jpg,8,1012,val
/kaggle/input/datasets/researchersajid/mangoclassify-12-native-mango-dataset-from-bd/MangoClassify-12/Khrishapat/IMG_20250611_121311.jpg,Khrishapat,/kaggle/working/small/Khrishapat/02953.jpg,8,995,val
/kaggle/input/datasets/researchersajid/mangoclassify-12-native-mango-dataset-from-bd/MangoClassify-12/Khrishapat/IMG_20250611_121347.jpg,Khrishapat,/kaggle/working/small/Khrishapat/02954.jpg,8,1005,train
/kaggle/input/datasets/researchersajid/mangoclassify-12-native-mango-dataset-from-bd/MangoClassify-12/Khrishapat/IMG_20250611_121354.jpg,Khrishapat,/kaggle/working/small/Khrishapat/02955.jpg,8,1123,test
/kaggle/input/datasets/researchersajid/mangoclassify-12-native-mango-dataset-from-bd/MangoClassify-12/Khrishapat/IMG_20250611_121414.jpg,Khrishapat,/kaggle/working/small/Khrishapat/02956.jpg,8,1020,test
/kaggle/input/datasets/researchersajid/mangoclassify-12-native-mango-dataset-from-bd/MangoClassify-12/Khrishapat/IMG_20250611_121432.jpg,Khrishapat,/kaggle/working/small/Khrishapat/02957.jpg,8,1061,train
/kaggle/input/datasets/researchersajid/mangoclassify-12-native-mango-dataset-from-bd/MangoClassify-12/Khrishapat/IMG_20250611_121447.jpg,Khrishapat,/kaggle/working/small/Khrishapat/02958.jpg,8,993,train
/kaggle/input/datasets/researchersajid/mangoclassify-12-native-mango-dataset-from-bd/MangoClassify-12/Khrishapat/IMG_20250611_121457.jpg,Khrishapat,/kaggle/working/small/Khrishapat/02959.jpg,8,995,val
/kaggle/input/datasets/researchersajid/mangoclassify-12-native-mango-dataset-from-bd/MangoClassify-12/Khrishapat/IMG_20250611_121512.jpg,Khrishapat,/kaggle/working/small/Khrishapat/02960.jpg,8,1001,train
/kaggle/input/datasets/researchersajid/mangoclassify-12-native-mango-dataset-from-bd/MangoClassify-12/Khrishapat/IMG_20250611_121521.jpg,Khrishapat,/kaggle/working/small/Khrishapat/02961.jpg,8,995,val
/kaggle/input/datasets/researchersajid/mangoclassify-12-native-mango-dataset-from-bd/MangoClassify-12/Khrishapat/IMG_20250611_121541.jpg,Khrishapat,/kaggle/working/small/Khrishapat/02962.jpg,8,1063,train
/kaggle/input/datasets/researchersajid/mangoclassify-12-native-mango-dataset-from-bd/MangoClassify-12/Khrishapat/IMG_20250611_121550.jpg,Khrishapat,/kaggle/working/small/Khrishapat/02963.jpg,8,1063,train
/kaggle/input/datasets/researchersajid/mangoclassify-12-native-mango-dataset-from-bd/MangoClassify-12/Khrishapat/IMG_20250611_121601.jpg,Khrishapat,/kaggle/working/small/Khrishapat/02964.jpg,8,997,train
/kaggle/input/datasets/researchersajid/mangoclassify-12-native-mango-dataset-from-bd/MangoClassify-12/Khrishapat/IMG_20250611_121630.jpg,Khrishapat,/kaggle/working/small/Khrishapat/02965.jpg,8,1063,train
/kaggle/input/datasets/researchersajid/mangoclassify-12-native-mango-dataset-from-bd/MangoClassify-12/Khrishapat/IMG_20250611_121644.jpg,Khrishapat,/kaggle/working/small/Khrishapat/02966.jpg,8,1069,train
/kaggle/input/datasets/researchersajid/mangoclassify-12-native-mango-dataset-from-bd/MangoClassify-12/Khrishapat/IMG_20250611_121657.jpg,Khrishapat,/kaggle/working/small/Khrishapat/02967.jpg,8,1005,train
/kaggle/input/datasets/researchersajid/mangoclassify-12-native-mango-dataset-from-bd/MangoClassify-12/Khrishapat/IMG_20250611_121712.jpg,Khrishapat,/kaggle/working/small/Khrishapat/02968.jpg,8,1088,val
/kaggle/input/datasets/researchersajid/mangoclassify-12-native-mango-dataset-from-bd/MangoClassify-12/Khrishapat/IMG_20250611_121719.jpg,Khrishapat,/kaggle/working/small/Khrishapat/02969.jpg,8,1053,train
/kaggle/input/datasets/researchersajid/mangoclassify-12-native-mango-dataset-from-bd/MangoClassify-12/Khrishapat/IMG_20250611_121735.jpg,Khrishapat,/kaggle/working/small/Khrishapat/02970.jpg,8,1002,train
/kaggle/input/datasets/researchersajid/mangoclassify-12-native-mango-dataset-from-bd/MangoClassify-12/Khrishapat/IMG_20250611_121742.jpg,Khrishapat,/kaggle/working/small/Khrishapat/02971.jpg,8,1012,val
/kaggle/input/datasets/researchersajid/mangoclassify-12-native-mango-dataset-from-bd/MangoClassify-12/Khrishapat/IMG_20250611_121800.jpg,Khrishapat,/kaggle/working/small/Khrishapat/02972.jpg,8,1020,test
/kaggle/input/datasets/researchersajid/mangoclassify-12-native-mango-dataset-from-bd/MangoClassify-12/Khrishapat/IMG_20250611_121810.jpg,Khrishapat,/kaggle/working/small/Khrishapat/02973.jpg,8,1022,train
/kaggle/input/datasets/researchersajid/mangoclassify-12-native-mango-dataset-from-bd/MangoClassify-12/Khrishapat/IMG_20250611_121818.jpg,Khrishapat,/kaggle/working/small/Khrishapat/02974.jpg,8,1024,train
/kaggle/input/datasets/researchersajid/mangoclassify-12-native-mango-dataset-from-bd/MangoClassify-12/Khrishapat/IMG_20250611_121826.jpg,Khrishapat,/kaggle/working/small/Khrishapat/02975.jpg,8,1058,val
/kaggle/input/datasets/researchersajid/mangoclassify-12-native-mango-dataset-from-bd/MangoClassify-12/Khrishapat/IMG_20250611_121843.jpg,Khrishapat,/kaggle/working/small/Khrishapat/02976.jpg,8,1138,train
/kaggle/input/datasets/researchersajid/mangoclassify-12-native-mango-dataset-from-bd/MangoClassify-12/Khrishapat/IMG_20250611_121850.jpg,Khrishapat,/kaggle/working/small/Khrishapat/02977.jpg,8,995,val
/kaggle/input/datasets/researchersajid/mangoclassify-12-native-mango-dataset-from-bd/MangoClassify-12/Khrishapat/IMG_20250611_121859.jpg,Khrishapat,/kaggle/working/small/Khrishapat/02978.jpg,8,1022,train
/kaggle/input/datasets/researchersajid/mangoclassify-12-native-mango-dataset-from-bd/MangoClassify-12/Khrishapat/IMG_20250611_121907.jpg,Khrishapat,/kaggle/working/small/Khrishapat/02979.jpg,8,995,val
/kaggle/input/datasets/researchersajid/mangoclassify-12-native-mango-dataset-from-bd/MangoClassify-12/Khrishapat/IMG_20250611_121926.jpg,Khrishapat,/kaggle/working/small/Khrishapat/02980.jpg,8,1002,train
/kaggle/input/datasets/researchersajid/mangoclassify-12-native-mango-dataset-from-bd/MangoClassify-12/Khrishapat/IMG_20250611_121934.jpg,Khrishapat,/kaggle/working/small/Khrishapat/02981.jpg,8,1060,train
/kaggle/input/datasets/researchersajid/mangoclassify-12-native-mango-dataset-from-bd/MangoClassify-12/Khrishapat/IMG_20250611_121942.jpg,Khrishapat,/kaggle/working/small/Khrishapat/02982.jpg,8,1065,train
/kaggle/input/datasets/researchersajid/mangoclassify-12-native-mango-dataset-from-bd/MangoClassify-12/Khrishapat/IMG_20250611_121951.jpg,Khrishapat,/kaggle/working/small/Khrishapat/02983.jpg,8,997,train
/kaggle/input/datasets/researchersajid/mangoclassify-12-native-mango-dataset-from-bd/MangoClassify-12/Khrishapat/IMG_20250611_122353.jpg,Khrishapat,/kaggle/working/small/Khrishapat/02984.jpg,8,1013,val
/kaggle/input/datasets/researchersajid/mangoclassify-12-native-mango-dataset-from-bd/MangoClassify-12/Khrishapat/IMG_20250611_122400.jpg,Khrishapat,/kaggle/working/small/Khrishapat/02985.jpg,8,1013,val
/kaggle/input/datasets/researchersajid/mangoclassify-12-native-mango-dataset-from-bd/MangoClassify-12/Khrishapat/IMG_20250611_122430.jpg,Khrishapat,/kaggle/working/small/Khrishapat/02986.jpg,8,1062,val
/kaggle/input/datasets/researchersajid/mangoclassify-12-native-mango-dataset-from-bd/MangoClassify-12/Khrishapat/IMG_20250611_122437.jpg,Khrishapat,/kaggle/working/small/Khrishapat/02987.jpg,8,1108,train
/kaggle/input/datasets/researchersajid/mangoclassify-12-native-mango-dataset-from-bd/MangoClassify-12/Khrishapat/IMG_20250611_122445.jpg,Khrishapat,/kaggle/working/small/Khrishapat/02988.jpg,8,994,train
/kaggle/input/datasets/researchersajid/mangoclassify-12-native-mango-dataset-from-bd/MangoClassify-12/Khrishapat/IMG_20250611_122500.jpg,Khrishapat,/kaggle/working/small/Khrishapat/02989.jpg,8,994,train
/kaggle/input/datasets/researchersajid/mangoclassify-12-native-mango-dataset-from-bd/MangoClassify-12/Khrishapat/IMG_20250611_122507.jpg,Khrishapat,/kaggle/working/small/Khrishapat/02990.jpg,8,1055,train
/kaggle/input/datasets/researchersajid/mangoclassify-12-native-mango-dataset-from-bd/MangoClassify-12/Khrishapat/IMG_20250611_122515.jpg,Khrishapat,/kaggle/working/small/Khrishapat/02991.jpg,8,994,train
/kaggle/input/datasets/researchersajid/mangoclassify-12-native-mango-dataset-from-bd/MangoClassify-12/Khrishapat/IMG_20250611_122523.jpg,Khrishapat,/kaggle/working/small/Khrishapat/02992.jpg,8,994,train
/kaggle/input/datasets/researchersajid/mangoclassify-12-native-mango-dataset-from-bd/MangoClassify-12/Khrishapat/IMG_20250611_122536.jpg,Khrishapat,/kaggle/working/small/Khrishapat/02993.jpg,8,1055,train
/kaggle/input/datasets/researchersajid/mangoclassify-12-native-mango-dataset-from-bd/MangoClassify-12/Khrishapat/IMG_20250611_122544.jpg,Khrishapat,/kaggle/working/small/Khrishapat/02994.jpg,8,994,train
/kaggle/input/datasets/researchersajid/mangoclassify-12-native-mango-dataset-from-bd/MangoClassify-12/Khrishapat/IMG_20250611_122553.jpg,Khrishapat,/kaggle/working/small/Khrishapat/02995.jpg,8,1056,train
/kaggle/input/datasets/researchersajid/mangoclassify-12-native-mango-dataset-from-bd/MangoClassify-12/Khrishapat/IMG_20250611_122604.jpg,Khrishapat,/kaggle/working/small/Khrishapat/02996.jpg,8,994,train
/kaggle/input/datasets/researchersajid/mangoclassify-12-native-mango-dataset-from-bd/MangoClassify-12/Khrishapat/IMG_20250611_122612.jpg,Khrishapat,/kaggle/working/small/Khrishapat/02997.jpg,8,1032,train
/kaggle/input/datasets/researchersajid/mangoclassify-12-native-mango-dataset-from-bd/MangoClassify-12/Khrishapat/IMG_20250611_122619.jpg,Khrishapat,/kaggle/working/small/Khrishapat/02998.jpg,8,994,train
/kaggle/input/datasets/researchersajid/mangoclassify-12-native-mango-dataset-from-bd/MangoClassify-12/Khrishapat/IMG_20250611_122626.jpg,Khrishapat,/kaggle/working/small/Khrishapat/02999.jpg,8,1032,train
/kaggle/input/datasets/researchersajid/mangoclassify-12-native-mango-dataset-from-bd/MangoClassify-12/Khrishapat/IMG_20250614_174439.jpg,Khrishapat,/kaggle/working/small/Khrishapat/03000.jpg,8,1087,train
/kaggle/input/datasets/researchersajid/mangoclassify-12-native-mango-dataset-from-bd/MangoClassify-12/Khrishapat/IMG_20250614_174452.jpg,Khrishapat,/kaggle/working/small/Khrishapat/03001.jpg,8,1068,train
/kaggle/input/datasets/researchersajid/mangoclassify-12-native-mango-dataset-from-bd/MangoClassify-12/Khrishapat/IMG_20250614_174508.jpg,Khrishapat,/kaggle/working/small/Khrishapat/03002.jpg,8,1057,train
/kaggle/input/datasets/researchersajid/mangoclassify-12-native-mango-dataset-from-bd/MangoClassify-12/Khrishapat/IMG_20250614_174522.jpg,Khrishapat,/kaggle/working/small/Khrishapat/03003.jpg,8,1097,train
/kaggle/input/datasets/researchersajid/mangoclassify-12-native-mango-dataset-from-bd/MangoClassify-12/Khrishapat/IMG_20250614_174536.jpg,Khrishapat,/kaggle/working/small/Khrishapat/03004.jpg,8,1076,train
/kaggle/input/datasets/researchersajid/mangoclassify-12-native-mango-dataset-from-bd/MangoClassify-12/Khrishapat/IMG_20250614_174559.jpg,Khrishapat,/kaggle/working/small/Khrishapat/03005.jpg,8,1041,test
/kaggle/input/datasets/researchersajid/mangoclassify-12-native-mango-dataset-from-bd/MangoClassify-12/Khrishapat/IMG_20250614_174613.jpg,Khrishapat,/kaggle/working/small/Khrishapat/03006.jpg,8,1041,test
/kaggle/input/datasets/researchersajid/mangoclassify-12-native-mango-dataset-from-bd/MangoClassify-12/Khrishapat/IMG_20250614_174646.jpg,Khrishapat,/kaggle/working/small/Khrishapat/03007.jpg,8,1126,train
/kaggle/input/datasets/researchersajid/mangoclassify-12-native-mango-dataset-from-bd/MangoClassify-12/Khrishapat/IMG_20250614_174706.jpg,Khrishapat,/kaggle/working/small/Khrishapat/03008.jpg,8,1118,train
/kaggle/input/datasets/researchersajid/mangoclassify-12-native-mango-dataset-from-bd/MangoClassify-12/Khrishapat/IMG_20250614_174730.jpg,Khrishapat,/kaggle/working/small/Khrishapat/03009.jpg,8,1041,test
/kaggle/input/datasets/researchersajid/mangoclassify-12-native-mango-dataset-from-bd/MangoClassify-12/Khrishapat/IMG_20250614_174739.jpg,Khrishapat,/kaggle/working/small/Khrishapat/03010.jpg,8,1111,train
/kaggle/input/datasets/researchersajid/mangoclassify-12-native-mango-dataset-from-bd/MangoClassify-12/Khrishapat/IMG_20250614_174750.jpg,Khrishapat,/kaggle/working/small/Khrishapat/03011.jpg,8,1041,test
/kaggle/input/datasets/researchersajid/mangoclassify-12-native-mango-dataset-from-bd/MangoClassify-12/Khrishapat/IMG_20250614_174812.jpg,Khrishapat,/kaggle/working/small/Khrishapat/03012.jpg,8,1082,train
/kaggle/input/datasets/researchersajid/mangoclassify-12-native-mango-dataset-from-bd/MangoClassify-12/Khrishapat/IMG_20250614_174844.jpg,Khrishapat,/kaggle/working/small/Khrishapat/03013.jpg,8,1127,val
/kaggle/input/datasets/researchersajid/mangoclassify-12-native-mango-dataset-from-bd/MangoClassify-12/Khrishapat/IMG_20250614_174855.jpg,Khrishapat,/kaggle/working/small/Khrishapat/03014.jpg,8,1100,train
/kaggle/input/datasets/researchersajid/mangoclassify-12-native-mango-dataset-from-bd/MangoClassify-12/Khrishapat/IMG_20250614_174905.jpg,Khrishapat,/kaggle/working/small/Khrishapat/03015.jpg,8,1101,train
/kaggle/input/datasets/researchersajid/mangoclassify-12-native-mango-dataset-from-bd/MangoClassify-12/Khrishapat/IMG_20250614_174923.jpg,Khrishapat,/kaggle/working/small/Khrishapat/03016.jpg,8,1126,train
/kaggle/input/datasets/researchersajid/mangoclassify-12-native-mango-dataset-from-bd/MangoClassify-12/Khrishapat/IMG_20250614_175001.jpg,Khrishapat,/kaggle/working/small/Khrishapat/03017.jpg,8,1043,val
/kaggle/input/datasets/researchersajid/mangoclassify-12-native-mango-dataset-from-bd/MangoClassify-12/Khrishapat/IMG_20250614_175014.jpg,Khrishapat,/kaggle/working/small/Khrishapat/03018.jpg,8,1083,train
/kaggle/input/datasets/researchersajid/mangoclassify-12-native-mango-dataset-from-bd/MangoClassify-12/Khrishapat/IMG_20250614_175031.jpg,Khrishapat,/kaggle/working/small/Khrishapat/03019.jpg,8,1043,val
/kaggle/input/datasets/researchersajid/mangoclassify-12-native-mango-dataset-from-bd/MangoClassify-12/Khrishapat/IMG_20250614_175040.jpg,Khrishapat,/kaggle/working/small/Khrishapat/03020.jpg,8,1083,train
/kaggle/input/datasets/researchersajid/mangoclassify-12-native-mango-dataset-from-bd/MangoClassify-12/Khrishapat/IMG_20250614_175057.jpg,Khrishapat,/kaggle/working/small/Khrishapat/03021.jpg,8,996,train
/kaggle/input/datasets/researchersajid/mangoclassify-12-native-mango-dataset-from-bd/MangoClassify-12/Khrishapat/IMG_20250614_175110.jpg,Khrishapat,/kaggle/working/small/Khrishapat/03022.jpg,8,1107,val
/kaggle/input/datasets/researchersajid/mangoclassify-12-native-mango-dataset-from-bd/MangoClassify-12/Khrishapat/IMG_20250614_175121.jpg,Khrishapat,/kaggle/working/small/Khrishapat/03023.jpg,8,996,train
/kaggle/input/datasets/researchersajid/mangoclassify-12-native-mango-dataset-from-bd/MangoClassify-12/Khrishapat/IMG_20250614_175131.jpg,Khrishapat,/kaggle/working/small/Khrishapat/03024.jpg,8,1031,test
/kaggle/input/datasets/researchersajid/mangoclassify-12-native-mango-dataset-from-bd/MangoClassify-12/Khrishapat/IMG_20250614_175142.jpg,Khrishapat,/kaggle/working/small/Khrishapat/03025.jpg,8,996,train
/kaggle/input/datasets/researchersajid/mangoclassify-12-native-mango-dataset-from-bd/MangoClassify-12/Khrishapat/IMG_20250614_175156.jpg,Khrishapat,/kaggle/working/small/Khrishapat/03026.jpg,8,1018,train
/kaggle/input/datasets/researchersajid/mangoclassify-12-native-mango-dataset-from-bd/MangoClassify-12/Khrishapat/IMG_20250614_175207.jpg,Khrishapat,/kaggle/working/small/Khrishapat/03027.jpg,8,1029,train
/kaggle/input/datasets/researchersajid/mangoclassify-12-native-mango-dataset-from-bd/MangoClassify-12/Khrishapat/IMG_20250614_175235.jpg,Khrishapat,/kaggle/working/small/Khrishapat/03028.jpg,8,1029,train
/kaggle/input/datasets/researchersajid/mangoclassify-12-native-mango-dataset-from-bd/MangoClassify-12/Khrishapat/IMG_20250614_175248.jpg,Khrishapat,/kaggle/working/small/Khrishapat/03029.jpg,8,1102,train
/kaggle/input/datasets/researchersajid/mangoclassify-12-native-mango-dataset-from-bd/MangoClassify-12/Khrishapat/IMG_20250614_182425.jpg,Khrishapat,/kaggle/working/small/Khrishapat/03030.jpg,8,1109,test
/kaggle/input/datasets/researchersajid/mangoclassify-12-native-mango-dataset-from-bd/MangoClassify-12/Khrishapat/IMG_20250614_182433.jpg,Khrishapat,/kaggle/working/small/Khrishapat/03031.jpg,8,1078,train
/kaggle/input/datasets/researchersajid/mangoclassify-12-native-mango-dataset-from-bd/MangoClassify-12/Khrishapat/IMG_20250614_182443.jpg,Khrishapat,/kaggle/working/small/Khrishapat/03032.jpg,8,1067,train
/kaggle/input/datasets/researchersajid/mangoclassify-12-native-mango-dataset-from-bd/MangoClassify-12/Khrishapat/IMG_20250614_182454.jpg,Khrishapat,/kaggle/working/small/Khrishapat/03033.jpg,8,1135,train
/kaggle/input/datasets/researchersajid/mangoclassify-12-native-mango-dataset-from-bd/MangoClassify-12/Khrishapat/IMG_20250614_182550.jpg,Khrishapat,/kaggle/working/small/Khrishapat/03034.jpg,8,1018,train
/kaggle/input/datasets/researchersajid/mangoclassify-12-native-mango-dataset-from-bd/MangoClassify-12/Khrishapat/IMG_20250614_182558.jpg,Khrishapat,/kaggle/working/small/Khrishapat/03035.jpg,8,1141,val
/kaggle/input/datasets/researchersajid/mangoclassify-12-native-mango-dataset-from-bd/MangoClassify-12/Khrishapat/IMG_20250614_182611.jpg,Khrishapat,/kaggle/working/small/Khrishapat/03036.jpg,8,1018,train
/kaggle/input/datasets/researchersajid/mangoclassify-12-native-mango-dataset-from-bd/MangoClassify-12/Khrishapat/IMG_20250614_182619.jpg,Khrishapat,/kaggle/working/small/Khrishapat/03037.jpg,8,1135,train
/kaggle/input/datasets/researchersajid/mangoclassify-12-native-mango-dataset-from-bd/MangoClassify-12/Khrishapat/IMG_20250614_182640.jpg,Khrishapat,/kaggle/working/small/Khrishapat/03038.jpg,8,1081,train
/kaggle/input/datasets/researchersajid/mangoclassify-12-native-mango-dataset-from-bd/MangoClassify-12/Khrishapat/IMG_20250614_182651.jpg,Khrishapat,/kaggle/working/small/Khrishapat/03039.jpg,8,1050,train
/kaggle/input/datasets/researchersajid/mangoclassify-12-native-mango-dataset-from-bd/MangoClassify-12/Khrishapat/IMG_20250614_182703.jpg,Khrishapat,/kaggle/working/small/Khrishapat/03040.jpg,8,1023,train
/kaggle/input/datasets/researchersajid/mangoclassify-12-native-mango-dataset-from-bd/MangoClassify-12/Khrishapat/IMG_20250614_182716.jpg,Khrishapat,/kaggle/working/small/Khrishapat/03041.jpg,8,997,train
/kaggle/input/datasets/researchersajid/mangoclassify-12-native-mango-dataset-from-bd/MangoClassify-12/Khrishapat/IMG_20250614_182734.jpg,Khrishapat,/kaggle/working/small/Khrishapat/03042.jpg,8,1046,train
/kaggle/input/datasets/researchersajid/mangoclassify-12-native-mango-dataset-from-bd/MangoClassify-12/Khrishapat/IMG_20250614_182744.jpg,Khrishapat,/kaggle/working/small/Khrishapat/03043.jpg,8,1023,train
/kaggle/input/datasets/researchersajid/mangoclassify-12-native-mango-dataset-from-bd/MangoClassify-12/Khrishapat/IMG_20250614_182754.jpg,Khrishapat,/kaggle/working/small/Khrishapat/03044.jpg,8,1017,test
/kaggle/input/datasets/researchersajid/mangoclassify-12-native-mango-dataset-from-bd/MangoClassify-12/Khrishapat/IMG_20250614_182809.jpg,Khrishapat,/kaggle/working/small/Khrishapat/03045.jpg,8,1023,train
/kaggle/input/datasets/researchersajid/mangoclassify-12-native-mango-dataset-from-bd/MangoClassify-12/Khrishapat/IMG_20250614_182826.jpg,Khrishapat,/kaggle/working/small/Khrishapat/03046.jpg,8,1075,val
/kaggle/input/datasets/researchersajid/mangoclassify-12-native-mango-dataset-from-bd/MangoClassify-12/Khrishapat/IMG_20250614_182836.jpg,Khrishapat,/kaggle/working/small/Khrishapat/03047.jpg,8,1023,train
/kaggle/input/datasets/researchersajid/mangoclassify-12-native-mango-dataset-from-bd/MangoClassify-12/Khrishapat/IMG_20250614_182850.jpg,Khrishapat,/kaggle/working/small/Khrishapat/03048.jpg,8,1028,train
/kaggle/input/datasets/researchersajid/mangoclassify-12-native-mango-dataset-from-bd/MangoClassify-12/Khrishapat/IMG_20250614_182858.jpg,Khrishapat,/kaggle/working/small/Khrishapat/03049.jpg,8,1064,train
/kaggle/input/datasets/researchersajid/mangoclassify-12-native-mango-dataset-from-bd/MangoClassify-12/Khrishapat/IMG_20250614_182908.jpg,Khrishapat,/kaggle/working/small/Khrishapat/03050.jpg,8,1028,train
/kaggle/input/datasets/researchersajid/mangoclassify-12-native-mango-dataset-from-bd/MangoClassify-12/Khrishapat/IMG_20250614_182921.jpg,Khrishapat,/kaggle/working/small/Khrishapat/03051.jpg,8,1017,test
/kaggle/input/datasets/researchersajid/mangoclassify-12-native-mango-dataset-from-bd/MangoClassify-12/Khrishapat/IMG_20250614_182935.jpg,Khrishapat,/kaggle/working/small/Khrishapat/03052.jpg,8,1026,train
/kaggle/input/datasets/researchersajid/mangoclassify-12-native-mango-dataset-from-bd/MangoClassify-12/Khrishapat/IMG_20250614_182949.jpg,Khrishapat,/kaggle/working/small/Khrishapat/03053.jpg,8,1030,train
/kaggle/input/datasets/researchersajid/mangoclassify-12-native-mango-dataset-from-bd/MangoClassify-12/Khrishapat/IMG_20250614_182958.jpg,Khrishapat,/kaggle/working/small/Khrishapat/03054.jpg,8,1026,train
/kaggle/input/datasets/researchersajid/mangoclassify-12-native-mango-dataset-from-bd/MangoClassify-12/Khrishapat/IMG_20250614_183013.jpg,Khrishapat,/kaggle/working/small/Khrishapat/03055.jpg,8,1014,val
/kaggle/input/datasets/researchersajid/mangoclassify-12-native-mango-dataset-from-bd/MangoClassify-12/Khrishapat/IMG_20250614_183033.jpg,Khrishapat,/kaggle/working/small/Khrishapat/03056.jpg,8,1017,test
/kaggle/input/datasets/researchersajid/mangoclassify-12-native-mango-dataset-from-bd/MangoClassify-12/Khrishapat/IMG_20250614_183044.jpg,Khrishapat,/kaggle/working/small/Khrishapat/03057.jpg,8,1103,train
/kaggle/input/datasets/researchersajid/mangoclassify-12-native-mango-dataset-from-bd/MangoClassify-12/Khrishapat/IMG_20250614_183053.jpg,Khrishapat,/kaggle/working/small/Khrishapat/03058.jpg,8,1014,val
/kaggle/input/datasets/researchersajid/mangoclassify-12-native-mango-dataset-from-bd/MangoClassify-12/Khrishapat/IMG_20250614_183106.jpg,Khrishapat,/kaggle/working/small/Khrishapat/03059.jpg,8,1034,train
/kaggle/input/datasets/researchersajid/mangoclassify-12-native-mango-dataset-from-bd/MangoClassify-12/Khrishapat/IMG_20250614_183113.jpg,Khrishapat,/kaggle/working/small/Khrishapat/03060.jpg,8,1051,val
/kaggle/input/datasets/researchersajid/mangoclassify-12-native-mango-dataset-from-bd/MangoClassify-12/Khrishapat/IMG_20250614_183124.jpg,Khrishapat,/kaggle/working/small/Khrishapat/03061.jpg,8,1114,train
/kaggle/input/datasets/researchersajid/mangoclassify-12-native-mango-dataset-from-bd/MangoClassify-12/Khrishapat/IMG_20250614_183138.jpg,Khrishapat,/kaggle/working/small/Khrishapat/03062.jpg,8,1047,test
/kaggle/input/datasets/researchersajid/mangoclassify-12-native-mango-dataset-from-bd/MangoClassify-12/Khrishapat/IMG_20250614_183149.jpg,Khrishapat,/kaggle/working/small/Khrishapat/03063.jpg,8,1035,val
/kaggle/input/datasets/researchersajid/mangoclassify-12-native-mango-dataset-from-bd/MangoClassify-12/Khrishapat/IMG_20250614_183203.jpg,Khrishapat,/kaggle/working/small/Khrishapat/03064.jpg,8,1040,test
/kaggle/input/datasets/researchersajid/mangoclassify-12-native-mango-dataset-from-bd/MangoClassify-12/Khrishapat/IMG_20250614_183211.jpg,Khrishapat,/kaggle/working/small/Khrishapat/03065.jpg,8,1049,train
/kaggle/input/datasets/researchersajid/mangoclassify-12-native-mango-dataset-from-bd/MangoClassify-12/Khrishapat/IMG_20250614_183228.jpg,Khrishapat,/kaggle/working/small/Khrishapat/03066.jpg,8,1011,train
/kaggle/input/datasets/researchersajid/mangoclassify-12-native-mango-dataset-from-bd/MangoClassify-12/Khrishapat/IMG_20250614_183235.jpg,Khrishapat,/kaggle/working/small/Khrishapat/03067.jpg,8,1054,test
/kaggle/input/datasets/researchersajid/mangoclassify-12-native-mango-dataset-from-bd/MangoClassify-12/Khrishapat/IMG_20250614_183243.jpg,Khrishapat,/kaggle/working/small/Khrishapat/03068.jpg,8,1049,train
/kaggle/input/datasets/researchersajid/mangoclassify-12-native-mango-dataset-from-bd/MangoClassify-12/Khrishapat/IMG_20250614_183254.jpg,Khrishapat,/kaggle/working/small/Khrishapat/03069.jpg,8,1105,train
/kaggle/input/datasets/researchersajid/mangoclassify-12-native-mango-dataset-from-bd/MangoClassify-12/Khrishapat/IMG_20250614_183307.jpg,Khrishapat,/kaggle/working/small/Khrishapat/03070.jpg,8,1030,train
/kaggle/input/datasets/researchersajid/mangoclassify-12-native-mango-dataset-from-bd/MangoClassify-12/Khrishapat/IMG_20250614_183316.jpg,Khrishapat,/kaggle/working/small/Khrishapat/03071.jpg,8,1011,train
/kaggle/input/datasets/researchersajid/mangoclassify-12-native-mango-dataset-from-bd/MangoClassify-12/Khrishapat/IMG_20250614_183325.jpg,Khrishapat,/kaggle/working/small/Khrishapat/03072.jpg,8,1011,train
/kaggle/input/datasets/researchersajid/mangoclassify-12-native-mango-dataset-from-bd/MangoClassify-12/Khrishapat/IMG_20250614_183335.jpg,Khrishapat,/kaggle/working/small/Khrishapat/03073.jpg,8,1090,train
/kaggle/input/datasets/researchersajid/mangoclassify-12-native-mango-dataset-from-bd/MangoClassify-12/Khrishapat/IMG_20250614_183344.jpg,Khrishapat,/kaggle/working/small/Khrishapat/03074.jpg,8,1048,train
/kaggle/input/datasets/researchersajid/mangoclassify-12-native-mango-dataset-from-bd/MangoClassify-12/Khrishapat/IMG_20250614_183353.jpg,Khrishapat,/kaggle/working/small/Khrishapat/03075.jpg,8,1093,test
/kaggle/input/datasets/researchersajid/mangoclassify-12-native-mango-dataset-from-bd/MangoClassify-12/Langra/IMG20250628173001.jpg,Langra,/kaggle/working/small/Langra/03076.jpg,9,1325,train
/kaggle/input/datasets/researchersajid/mangoclassify-12-native-mango-dataset-from-bd/MangoClassify-12/Langra/IMG20250628173002.jpg,Langra,/kaggle/working/small/Langra/03077.jpg,9,1325,train
/kaggle/input/datasets/researchersajid/mangoclassify-12-native-mango-dataset-from-bd/MangoClassify-12/Langra/IMG20250628173013.jpg,Langra,/kaggle/working/small/Langra/03078.jpg,9,1325,train
/kaggle/input/datasets/researchersajid/mangoclassify-12-native-mango-dataset-from-bd/MangoClassify-12/Langra/IMG20250628173024.jpg,Langra,/kaggle/working/small/Langra/03079.jpg,9,1325,train
/kaggle/input/datasets/researchersajid/mangoclassify-12-native-mango-dataset-from-bd/MangoClassify-12/Langra/IMG20250628173025.jpg,Langra,/kaggle/working/small/Langra/03080.jpg,9,1325,train
/kaggle/input/datasets/researchersajid/mangoclassify-12-native-mango-dataset-from-bd/MangoClassify-12/Langra/IMG20250628173044.jpg,Langra,/kaggle/working/small/Langra/03081.jpg,9,1188,train
/kaggle/input/datasets/researchersajid/mangoclassify-12-native-mango-dataset-from-bd/MangoClassify-12/Langra/IMG20250628173044_01.jpg,Langra,/kaggle/working/small/Langra/03082.jpg,9,1188,train
/kaggle/input/datasets/researchersajid/mangoclassify-12-native-mango-dataset-from-bd/MangoClassify-12/Langra/IMG20250628173053.jpg,Langra,/kaggle/working/small/Langra/03083.jpg,9,1188,train
/kaggle/input/datasets/researchersajid/mangoclassify-12-native-mango-dataset-from-bd/MangoClassify-12/Langra/IMG20250628173054.jpg,Langra,/kaggle/working/small/Langra/03084.jpg,9,1188,train
/kaggle/input/datasets/researchersajid/mangoclassify-12-native-mango-dataset-from-bd/MangoClassify-12/Langra/IMG20250628173101.jpg,Langra,/kaggle/working/small/Langra/03085.jpg,9,1214,train
/kaggle/input/datasets/researchersajid/mangoclassify-12-native-mango-dataset-from-bd/MangoClassify-12/Langra/IMG20250628173102.jpg,Langra,/kaggle/working/small/Langra/03086.jpg,9,1214,train
/kaggle/input/datasets/researchersajid/mangoclassify-12-native-mango-dataset-from-bd/MangoClassify-12/Langra/IMG20250628173115.jpg,Langra,/kaggle/working/small/Langra/03087.jpg,9,1246,test
/kaggle/input/datasets/researchersajid/mangoclassify-12-native-mango-dataset-from-bd/MangoClassify-12/Langra/IMG20250628173152.jpg,Langra,/kaggle/working/small/Langra/03088.jpg,9,1222,train
/kaggle/input/datasets/researchersajid/mangoclassify-12-native-mango-dataset-from-bd/MangoClassify-12/Langra/IMG20250628173153.jpg,Langra,/kaggle/working/small/Langra/03089.jpg,9,1222,train
/kaggle/input/datasets/researchersajid/mangoclassify-12-native-mango-dataset-from-bd/MangoClassify-12/Langra/IMG20250628173204.jpg,Langra,/kaggle/working/small/Langra/03090.jpg,9,1222,train
/kaggle/input/datasets/researchersajid/mangoclassify-12-native-mango-dataset-from-bd/MangoClassify-12/Langra/IMG20250628173205.jpg,Langra,/kaggle/working/small/Langra/03091.jpg,9,1222,train
/kaggle/input/datasets/researchersajid/mangoclassify-12-native-mango-dataset-from-bd/MangoClassify-12/Langra/IMG20250628173211.jpg,Langra,/kaggle/working/small/Langra/03092.jpg,9,1222,train
/kaggle/input/datasets/researchersajid/mangoclassify-12-native-mango-dataset-from-bd/MangoClassify-12/Langra/IMG20250628173218.jpg,Langra,/kaggle/working/small/Langra/03093.jpg,9,1211,test
/kaggle/input/datasets/researchersajid/mangoclassify-12-native-mango-dataset-from-bd/MangoClassify-12/Langra/IMG20250628173219.jpg,Langra,/kaggle/working/small/Langra/03094.jpg,9,1211,test
/kaggle/input/datasets/researchersajid/mangoclassify-12-native-mango-dataset-from-bd/MangoClassify-12/Langra/IMG20250628173245.jpg,Langra,/kaggle/working/small/Langra/03095.jpg,9,1211,test
/kaggle/input/datasets/researchersajid/mangoclassify-12-native-mango-dataset-from-bd/MangoClassify-12/Langra/IMG20250628173246.jpg,Langra,/kaggle/working/small/Langra/03096.jpg,9,1211,test
/kaggle/input/datasets/researchersajid/mangoclassify-12-native-mango-dataset-from-bd/MangoClassify-12/Langra/IMG20250628173332.jpg,Langra,/kaggle/working/small/Langra/03097.jpg,9,1297,train
/kaggle/input/datasets/researchersajid/mangoclassify-12-native-mango-dataset-from-bd/MangoClassify-12/Langra/IMG20250628173333.jpg,Langra,/kaggle/working/small/Langra/03098.jpg,9,1297,train
/kaggle/input/datasets/researchersajid/mangoclassify-12-native-mango-dataset-from-bd/MangoClassify-12/Langra/IMG20250628173337.jpg,Langra,/kaggle/working/small/Langra/03099.jpg,9,1197,train
/kaggle/input/datasets/researchersajid/mangoclassify-12-native-mango-dataset-from-bd/MangoClassify-12/Langra/IMG20250628173338.jpg,Langra,/kaggle/working/small/Langra/03100.jpg,9,1197,train
/kaggle/input/datasets/researchersajid/mangoclassify-12-native-mango-dataset-from-bd/MangoClassify-12/Langra/IMG20250628173343.jpg,Langra,/kaggle/working/small/Langra/03101.jpg,9,1268,train
/kaggle/input/datasets/researchersajid/mangoclassify-12-native-mango-dataset-from-bd/MangoClassify-12/Langra/IMG20250628173343_01.jpg,Langra,/kaggle/working/small/Langra/03102.jpg,9,1268,train
/kaggle/input/datasets/researchersajid/mangoclassify-12-native-mango-dataset-from-bd/MangoClassify-12/Langra/IMG20250628173410.jpg,Langra,/kaggle/working/small/Langra/03103.jpg,9,1154,train
/kaggle/input/datasets/researchersajid/mangoclassify-12-native-mango-dataset-from-bd/MangoClassify-12/Langra/IMG20250628173411.jpg,Langra,/kaggle/working/small/Langra/03104.jpg,9,1154,train
/kaggle/input/datasets/researchersajid/mangoclassify-12-native-mango-dataset-from-bd/MangoClassify-12/Langra/IMG20250628173418.jpg,Langra,/kaggle/working/small/Langra/03105.jpg,9,1154,train
/kaggle/input/datasets/researchersajid/mangoclassify-12-native-mango-dataset-from-bd/MangoClassify-12/Langra/IMG20250628173424.jpg,Langra,/kaggle/working/small/Langra/03106.jpg,9,1154,train
/kaggle/input/datasets/researchersajid/mangoclassify-12-native-mango-dataset-from-bd/MangoClassify-12/Langra/IMG20250628173430.jpg,Langra,/kaggle/working/small/Langra/03107.jpg,9,1282,train
/kaggle/input/datasets/researchersajid/mangoclassify-12-native-mango-dataset-from-bd/MangoClassify-12/Langra/IMG20250628173443.jpg,Langra,/kaggle/working/small/Langra/03108.jpg,9,1154,train
/kaggle/input/datasets/researchersajid/mangoclassify-12-native-mango-dataset-from-bd/MangoClassify-12/Langra/IMG20250628180507.jpg,Langra,/kaggle/working/small/Langra/03109.jpg,9,1218,test
/kaggle/input/datasets/researchersajid/mangoclassify-12-native-mango-dataset-from-bd/MangoClassify-12/Langra/IMG20250628180508.jpg,Langra,/kaggle/working/small/Langra/03110.jpg,9,1218,test
/kaggle/input/datasets/researchersajid/mangoclassify-12-native-mango-dataset-from-bd/MangoClassify-12/Langra/IMG20250628180514.jpg,Langra,/kaggle/working/small/Langra/03111.jpg,9,1218,test
/kaggle/input/datasets/researchersajid/mangoclassify-12-native-mango-dataset-from-bd/MangoClassify-12/Langra/IMG20250628180514_01.jpg,Langra,/kaggle/working/small/Langra/03112.jpg,9,1218,test
/kaggle/input/datasets/researchersajid/mangoclassify-12-native-mango-dataset-from-bd/MangoClassify-12/Langra/IMG20250628180520.jpg,Langra,/kaggle/working/small/Langra/03113.jpg,9,1325,train
/kaggle/input/datasets/researchersajid/mangoclassify-12-native-mango-dataset-from-bd/MangoClassify-12/Langra/IMG20250628180520_01.jpg,Langra,/kaggle/working/small/Langra/03114.jpg,9,1325,train
/kaggle/input/datasets/researchersajid/mangoclassify-12-native-mango-dataset-from-bd/MangoClassify-12/Langra/IMG20250628180537.jpg,Langra,/kaggle/working/small/Langra/03115.jpg,9,1144,train
/kaggle/input/datasets/researchersajid/mangoclassify-12-native-mango-dataset-from-bd/MangoClassify-12/Langra/IMG20250628180539.jpg,Langra,/kaggle/working/small/Langra/03116.jpg,9,1144,train
/kaggle/input/datasets/researchersajid/mangoclassify-12-native-mango-dataset-from-bd/MangoClassify-12/Langra/IMG20250628180547.jpg,Langra,/kaggle/working/small/Langra/03117.jpg,9,1304,train
/kaggle/input/datasets/researchersajid/mangoclassify-12-native-mango-dataset-from-bd/MangoClassify-12/Langra/IMG20250628180548.jpg,Langra,/kaggle/working/small/Langra/03118.jpg,9,1304,train
/kaggle/input/datasets/researchersajid/mangoclassify-12-native-mango-dataset-from-bd/MangoClassify-12/Langra/IMG20250628180556.jpg,Langra,/kaggle/working/small/Langra/03119.jpg,9,1144,train
/kaggle/input/datasets/researchersajid/mangoclassify-12-native-mango-dataset-from-bd/MangoClassify-12/Langra/IMG20250628180557.jpg,Langra,/kaggle/working/small/Langra/03120.jpg,9,1144,train
/kaggle/input/datasets/researchersajid/mangoclassify-12-native-mango-dataset-from-bd/MangoClassify-12/Langra/IMG20250628180623.jpg,Langra,/kaggle/working/small/Langra/03121.jpg,9,1208,train
/kaggle/input/datasets/researchersajid/mangoclassify-12-native-mango-dataset-from-bd/MangoClassify-12/Langra/IMG20250628180631.jpg,Langra,/kaggle/working/small/Langra/03122.jpg,9,1208,train
/kaggle/input/datasets/researchersajid/mangoclassify-12-native-mango-dataset-from-bd/MangoClassify-12/Langra/IMG20250628180648.jpg,Langra,/kaggle/working/small/Langra/03123.jpg,9,1208,train
/kaggle/input/datasets/researchersajid/mangoclassify-12-native-mango-dataset-from-bd/MangoClassify-12/Langra/IMG20250628180649.jpg,Langra,/kaggle/working/small/Langra/03124.jpg,9,1208,train
/kaggle/input/datasets/researchersajid/mangoclassify-12-native-mango-dataset-from-bd/MangoClassify-12/Langra/IMG20250628180716.jpg,Langra,/kaggle/working/small/Langra/03125.jpg,9,1218,test
/kaggle/input/datasets/researchersajid/mangoclassify-12-native-mango-dataset-from-bd/MangoClassify-12/Langra/IMG20250628180717.jpg,Langra,/kaggle/working/small/Langra/03126.jpg,9,1218,test
/kaggle/input/datasets/researchersajid/mangoclassify-12-native-mango-dataset-from-bd/MangoClassify-12/Langra/IMG20250628180725.jpg,Langra,/kaggle/working/small/Langra/03127.jpg,9,1218,test
/kaggle/input/datasets/researchersajid/mangoclassify-12-native-mango-dataset-from-bd/MangoClassify-12/Langra/IMG20250628180726.jpg,Langra,/kaggle/working/small/Langra/03128.jpg,9,1218,test
/kaggle/input/datasets/researchersajid/mangoclassify-12-native-mango-dataset-from-bd/MangoClassify-12/Langra/IMG20250628180742.jpg,Langra,/kaggle/working/small/Langra/03129.jpg,9,1222,train
/kaggle/input/datasets/researchersajid/mangoclassify-12-native-mango-dataset-from-bd/MangoClassify-12/Langra/IMG20250628180743.jpg,Langra,/kaggle/working/small/Langra/03130.jpg,9,1222,train
/kaggle/input/datasets/researchersajid/mangoclassify-12-native-mango-dataset-from-bd/MangoClassify-12/Langra/IMG20250628180752.jpg,Langra,/kaggle/working/small/Langra/03131.jpg,9,1218,test
/kaggle/input/datasets/researchersajid/mangoclassify-12-native-mango-dataset-from-bd/MangoClassify-12/Langra/IMG20250628180752_01.jpg,Langra,/kaggle/working/small/Langra/03132.jpg,9,1218,test
/kaggle/input/datasets/researchersajid/mangoclassify-12-native-mango-dataset-from-bd/MangoClassify-12/Langra/IMG20250628180826.jpg,Langra,/kaggle/working/small/Langra/03133.jpg,9,1169,train
/kaggle/input/datasets/researchersajid/mangoclassify-12-native-mango-dataset-from-bd/MangoClassify-12/Langra/IMG20250628180827.jpg,Langra,/kaggle/working/small/Langra/03134.jpg,9,1169,train
/kaggle/input/datasets/researchersajid/mangoclassify-12-native-mango-dataset-from-bd/MangoClassify-12/Langra/IMG20250628180834.jpg,Langra,/kaggle/working/small/Langra/03135.jpg,9,1169,train
/kaggle/input/datasets/researchersajid/mangoclassify-12-native-mango-dataset-from-bd/MangoClassify-12/Langra/IMG20250628180835.jpg,Langra,/kaggle/working/small/Langra/03136.jpg,9,1169,train
/kaggle/input/datasets/researchersajid/mangoclassify-12-native-mango-dataset-from-bd/MangoClassify-12/Langra/IMG20250628180843.jpg,Langra,/kaggle/working/small/Langra/03137.jpg,9,1144,train
/kaggle/input/datasets/researchersajid/mangoclassify-12-native-mango-dataset-from-bd/MangoClassify-12/Langra/IMG20250628180846.jpg,Langra,/kaggle/working/small/Langra/03138.jpg,9,1144,train
/kaggle/input/datasets/researchersajid/mangoclassify-12-native-mango-dataset-from-bd/MangoClassify-12/Langra/IMG20250628180923.jpg,Langra,/kaggle/working/small/Langra/03139.jpg,9,1144,train
/kaggle/input/datasets/researchersajid/mangoclassify-12-native-mango-dataset-from-bd/MangoClassify-12/Langra/IMG20250628180924.jpg,Langra,/kaggle/working/small/Langra/03140.jpg,9,1144,train
/kaggle/input/datasets/researchersajid/mangoclassify-12-native-mango-dataset-from-bd/MangoClassify-12/Langra/IMG20250628180930.jpg,Langra,/kaggle/working/small/Langra/03141.jpg,9,1193,test
/kaggle/input/datasets/researchersajid/mangoclassify-12-native-mango-dataset-from-bd/MangoClassify-12/Langra/IMG20250628180932.jpg,Langra,/kaggle/working/small/Langra/03142.jpg,9,1193,test
/kaggle/input/datasets/researchersajid/mangoclassify-12-native-mango-dataset-from-bd/MangoClassify-12/Langra/IMG20250628180937.jpg,Langra,/kaggle/working/small/Langra/03143.jpg,9,1144,train
/kaggle/input/datasets/researchersajid/mangoclassify-12-native-mango-dataset-from-bd/MangoClassify-12/Langra/IMG20250628180938.jpg,Langra,/kaggle/working/small/Langra/03144.jpg,9,1144,train
/kaggle/input/datasets/researchersajid/mangoclassify-12-native-mango-dataset-from-bd/MangoClassify-12/Langra/IMG20250628180953.jpg,Langra,/kaggle/working/small/Langra/03145.jpg,9,1169,train
/kaggle/input/datasets/researchersajid/mangoclassify-12-native-mango-dataset-from-bd/MangoClassify-12/Langra/IMG20250628180954.jpg,Langra,/kaggle/working/small/Langra/03146.jpg,9,1169,train
/kaggle/input/datasets/researchersajid/mangoclassify-12-native-mango-dataset-from-bd/MangoClassify-12/Langra/IMG20250628181012.jpg,Langra,/kaggle/working/small/Langra/03147.jpg,9,1169,train
/kaggle/input/datasets/researchersajid/mangoclassify-12-native-mango-dataset-from-bd/MangoClassify-12/Langra/IMG20250628181023.jpg,Langra,/kaggle/working/small/Langra/03148.jpg,9,1144,train
/kaggle/input/datasets/researchersajid/mangoclassify-12-native-mango-dataset-from-bd/MangoClassify-12/Langra/IMG20250628181025.jpg,Langra,/kaggle/working/small/Langra/03149.jpg,9,1144,train
/kaggle/input/datasets/researchersajid/mangoclassify-12-native-mango-dataset-from-bd/MangoClassify-12/Langra/IMG20250628181041.jpg,Langra,/kaggle/working/small/Langra/03150.jpg,9,1166,train
/kaggle/input/datasets/researchersajid/mangoclassify-12-native-mango-dataset-from-bd/MangoClassify-12/Langra/IMG20250628181042.jpg,Langra,/kaggle/working/small/Langra/03151.jpg,9,1166,train
/kaggle/input/datasets/researchersajid/mangoclassify-12-native-mango-dataset-from-bd/MangoClassify-12/Langra/IMG20250628181048.jpg,Langra,/kaggle/working/small/Langra/03152.jpg,9,1156,train
/kaggle/input/datasets/researchersajid/mangoclassify-12-native-mango-dataset-from-bd/MangoClassify-12/Langra/IMG20250628181050.jpg,Langra,/kaggle/working/small/Langra/03153.jpg,9,1156,train
/kaggle/input/datasets/researchersajid/mangoclassify-12-native-mango-dataset-from-bd/MangoClassify-12/Langra/IMG20250628181059.jpg,Langra,/kaggle/working/small/Langra/03154.jpg,9,1323,train
/kaggle/input/datasets/researchersajid/mangoclassify-12-native-mango-dataset-from-bd/MangoClassify-12/Langra/IMG20250628181101.jpg,Langra,/kaggle/working/small/Langra/03155.jpg,9,1323,train
/kaggle/input/datasets/researchersajid/mangoclassify-12-native-mango-dataset-from-bd/MangoClassify-12/Langra/IMG20250628181117.jpg,Langra,/kaggle/working/small/Langra/03156.jpg,9,1312,train
/kaggle/input/datasets/researchersajid/mangoclassify-12-native-mango-dataset-from-bd/MangoClassify-12/Langra/IMG20250628181118.jpg,Langra,/kaggle/working/small/Langra/03157.jpg,9,1312,train
/kaggle/input/datasets/researchersajid/mangoclassify-12-native-mango-dataset-from-bd/MangoClassify-12/Langra/IMG20250628181128.jpg,Langra,/kaggle/working/small/Langra/03158.jpg,9,1252,train
/kaggle/input/datasets/researchersajid/mangoclassify-12-native-mango-dataset-from-bd/MangoClassify-12/Langra/IMG20250628181129.jpg,Langra,/kaggle/working/small/Langra/03159.jpg,9,1252,train
/kaggle/input/datasets/researchersajid/mangoclassify-12-native-mango-dataset-from-bd/MangoClassify-12/Langra/IMG20250628181137.jpg,Langra,/kaggle/working/small/Langra/03160.jpg,9,1323,train
/kaggle/input/datasets/researchersajid/mangoclassify-12-native-mango-dataset-from-bd/MangoClassify-12/Langra/IMG20250628181138.jpg,Langra,/kaggle/working/small/Langra/03161.jpg,9,1323,train
/kaggle/input/datasets/researchersajid/mangoclassify-12-native-mango-dataset-from-bd/MangoClassify-12/Langra/IMG20250628181213.jpg,Langra,/kaggle/working/small/Langra/03162.jpg,9,1219,train
/kaggle/input/datasets/researchersajid/mangoclassify-12-native-mango-dataset-from-bd/MangoClassify-12/Langra/IMG20250628181214.jpg,Langra,/kaggle/working/small/Langra/03163.jpg,9,1219,train
/kaggle/input/datasets/researchersajid/mangoclassify-12-native-mango-dataset-from-bd/MangoClassify-12/Langra/IMG20250628181222.jpg,Langra,/kaggle/working/small/Langra/03164.jpg,9,1166,train
/kaggle/input/datasets/researchersajid/mangoclassify-12-native-mango-dataset-from-bd/MangoClassify-12/Langra/IMG20250628181223.jpg,Langra,/kaggle/working/small/Langra/03165.jpg,9,1166,train
/kaggle/input/datasets/researchersajid/mangoclassify-12-native-mango-dataset-from-bd/MangoClassify-12/Langra/IMG20250628181234.jpg,Langra,/kaggle/working/small/Langra/03166.jpg,9,1166,train
/kaggle/input/datasets/researchersajid/mangoclassify-12-native-mango-dataset-from-bd/MangoClassify-12/Langra/IMG20250628181235.jpg,Langra,/kaggle/working/small/Langra/03167.jpg,9,1166,train
/kaggle/input/datasets/researchersajid/mangoclassify-12-native-mango-dataset-from-bd/MangoClassify-12/Langra/IMG20250628181248.jpg,Langra,/kaggle/working/small/Langra/03168.jpg,9,1144,train
/kaggle/input/datasets/researchersajid/mangoclassify-12-native-mango-dataset-from-bd/MangoClassify-12/Langra/IMG20250628181249.jpg,Langra,/kaggle/working/small/Langra/03169.jpg,9,1144,train
/kaggle/input/datasets/researchersajid/mangoclassify-12-native-mango-dataset-from-bd/MangoClassify-12/Langra/IMG20250628181256.jpg,Langra,/kaggle/working/small/Langra/03170.jpg,9,1166,train
/kaggle/input/datasets/researchersajid/mangoclassify-12-native-mango-dataset-from-bd/MangoClassify-12/Langra/IMG20250628181258.jpg,Langra,/kaggle/working/small/Langra/03171.jpg,9,1166,train
/kaggle/input/datasets/researchersajid/mangoclassify-12-native-mango-dataset-from-bd/MangoClassify-12/Langra/IMG20250628181307.jpg,Langra,/kaggle/working/small/Langra/03172.jpg,9,1202,train
/kaggle/input/datasets/researchersajid/mangoclassify-12-native-mango-dataset-from-bd/MangoClassify-12/Langra/IMG20250628181308.jpg,Langra,/kaggle/working/small/Langra/03173.jpg,9,1202,train
/kaggle/input/datasets/researchersajid/mangoclassify-12-native-mango-dataset-from-bd/MangoClassify-12/Langra/IMG20250628185105.jpg,Langra,/kaggle/working/small/Langra/03174.jpg,9,1237,train
/kaggle/input/datasets/researchersajid/mangoclassify-12-native-mango-dataset-from-bd/MangoClassify-12/Langra/IMG20250628185106.jpg,Langra,/kaggle/working/small/Langra/03175.jpg,9,1237,train
/kaggle/input/datasets/researchersajid/mangoclassify-12-native-mango-dataset-from-bd/MangoClassify-12/Langra/IMG20250628185114.jpg,Langra,/kaggle/working/small/Langra/03176.jpg,9,1302,train
/kaggle/input/datasets/researchersajid/mangoclassify-12-native-mango-dataset-from-bd/MangoClassify-12/Langra/IMG20250628185116.jpg,Langra,/kaggle/working/small/Langra/03177.jpg,9,1302,train
/kaggle/input/datasets/researchersajid/mangoclassify-12-native-mango-dataset-from-bd/MangoClassify-12/Langra/IMG20250628185124.jpg,Langra,/kaggle/working/small/Langra/03178.jpg,9,1237,train
/kaggle/input/datasets/researchersajid/mangoclassify-12-native-mango-dataset-from-bd/MangoClassify-12/Langra/IMG20250628185146.jpg,Langra,/kaggle/working/small/Langra/03179.jpg,9,1213,train
/kaggle/input/datasets/researchersajid/mangoclassify-12-native-mango-dataset-from-bd/MangoClassify-12/Langra/IMG20250628185146_01.jpg,Langra,/kaggle/working/small/Langra/03180.jpg,9,1213,train
/kaggle/input/datasets/researchersajid/mangoclassify-12-native-mango-dataset-from-bd/MangoClassify-12/Langra/IMG20250628185205.jpg,Langra,/kaggle/working/small/Langra/03181.jpg,9,1216,train
/kaggle/input/datasets/researchersajid/mangoclassify-12-native-mango-dataset-from-bd/MangoClassify-12/Langra/IMG20250628185211.jpg,Langra,/kaggle/working/small/Langra/03182.jpg,9,1227,train
/kaggle/input/datasets/researchersajid/mangoclassify-12-native-mango-dataset-from-bd/MangoClassify-12/Langra/IMG20250628185222.jpg,Langra,/kaggle/working/small/Langra/03183.jpg,9,1216,train
/kaggle/input/datasets/researchersajid/mangoclassify-12-native-mango-dataset-from-bd/MangoClassify-12/Langra/IMG20250628185223.jpg,Langra,/kaggle/working/small/Langra/03184.jpg,9,1216,train
/kaggle/input/datasets/researchersajid/mangoclassify-12-native-mango-dataset-from-bd/MangoClassify-12/Langra/IMG20250628185229.jpg,Langra,/kaggle/working/small/Langra/03185.jpg,9,1317,train
/kaggle/input/datasets/researchersajid/mangoclassify-12-native-mango-dataset-from-bd/MangoClassify-12/Langra/IMG20250628185233.jpg,Langra,/kaggle/working/small/Langra/03186.jpg,9,1317,train
/kaggle/input/datasets/researchersajid/mangoclassify-12-native-mango-dataset-from-bd/MangoClassify-12/Langra/IMG20250628185245.jpg,Langra,/kaggle/working/small/Langra/03187.jpg,9,1216,train
/kaggle/input/datasets/researchersajid/mangoclassify-12-native-mango-dataset-from-bd/MangoClassify-12/Langra/IMG20250628185255.jpg,Langra,/kaggle/working/small/Langra/03188.jpg,9,1257,train
/kaggle/input/datasets/researchersajid/mangoclassify-12-native-mango-dataset-from-bd/MangoClassify-12/Langra/IMG20250628185301.jpg,Langra,/kaggle/working/small/Langra/03189.jpg,9,1240,train
/kaggle/input/datasets/researchersajid/mangoclassify-12-native-mango-dataset-from-bd/MangoClassify-12/Langra/IMG20250628185315.jpg,Langra,/kaggle/working/small/Langra/03190.jpg,9,1276,train
/kaggle/input/datasets/researchersajid/mangoclassify-12-native-mango-dataset-from-bd/MangoClassify-12/Langra/IMG20250628185324.jpg,Langra,/kaggle/working/small/Langra/03191.jpg,9,1221,train
/kaggle/input/datasets/researchersajid/mangoclassify-12-native-mango-dataset-from-bd/MangoClassify-12/Langra/IMG20250628185328.jpg,Langra,/kaggle/working/small/Langra/03192.jpg,9,1221,train
/kaggle/input/datasets/researchersajid/mangoclassify-12-native-mango-dataset-from-bd/MangoClassify-12/Langra/IMG20250628185344.jpg,Langra,/kaggle/working/small/Langra/03193.jpg,9,1221,train
/kaggle/input/datasets/researchersajid/mangoclassify-12-native-mango-dataset-from-bd/MangoClassify-12/Langra/IMG20250628185354.jpg,Langra,/kaggle/working/small/Langra/03194.jpg,9,1269,test
/kaggle/input/datasets/researchersajid/mangoclassify-12-native-mango-dataset-from-bd/MangoClassify-12/Langra/IMG20250628185404.jpg,Langra,/kaggle/working/small/Langra/03195.jpg,9,1227,train
/kaggle/input/datasets/researchersajid/mangoclassify-12-native-mango-dataset-from-bd/MangoClassify-12/Langra/IMG20250628185410.jpg,Langra,/kaggle/working/small/Langra/03196.jpg,9,1227,train
/kaggle/input/datasets/researchersajid/mangoclassify-12-native-mango-dataset-from-bd/MangoClassify-12/Langra/IMG20250628185415.jpg,Langra,/kaggle/working/small/Langra/03197.jpg,9,1320,train
/kaggle/input/datasets/researchersajid/mangoclassify-12-native-mango-dataset-from-bd/MangoClassify-12/Langra/IMG20250628185422.jpg,Langra,/kaggle/working/small/Langra/03198.jpg,9,1289,train
/kaggle/input/datasets/researchersajid/mangoclassify-12-native-mango-dataset-from-bd/MangoClassify-12/Langra/IMG20250628185433.jpg,Langra,/kaggle/working/small/Langra/03199.jpg,9,1315,train
/kaggle/input/datasets/researchersajid/mangoclassify-12-native-mango-dataset-from-bd/MangoClassify-12/Langra/IMG20250628185439.jpg,Langra,/kaggle/working/small/Langra/03200.jpg,9,1159,train
/kaggle/input/datasets/researchersajid/mangoclassify-12-native-mango-dataset-from-bd/MangoClassify-12/Langra/IMG20250628185444.jpg,Langra,/kaggle/working/small/Langra/03201.jpg,9,1159,train
/kaggle/input/datasets/researchersajid/mangoclassify-12-native-mango-dataset-from-bd/MangoClassify-12/Langra/IMG20250628185450.jpg,Langra,/kaggle/working/small/Langra/03202.jpg,9,1254,train
/kaggle/input/datasets/researchersajid/mangoclassify-12-native-mango-dataset-from-bd/MangoClassify-12/Langra/IMG20250628185500.jpg,Langra,/kaggle/working/small/Langra/03203.jpg,9,1144,train
/kaggle/input/datasets/researchersajid/mangoclassify-12-native-mango-dataset-from-bd/MangoClassify-12/Langra/IMG20250628185504.jpg,Langra,/kaggle/working/small/Langra/03204.jpg,9,1144,train
/kaggle/input/datasets/researchersajid/mangoclassify-12-native-mango-dataset-from-bd/MangoClassify-12/Langra/IMG20250628185510.jpg,Langra,/kaggle/working/small/Langra/03205.jpg,9,1144,train
/kaggle/input/datasets/researchersajid/mangoclassify-12-native-mango-dataset-from-bd/MangoClassify-12/Langra/IMG20250628185518.jpg,Langra,/kaggle/working/small/Langra/03206.jpg,9,1144,train
/kaggle/input/datasets/researchersajid/mangoclassify-12-native-mango-dataset-from-bd/MangoClassify-12/Langra/IMG20250628185528.jpg,Langra,/kaggle/working/small/Langra/03207.jpg,9,1266,train
/kaggle/input/datasets/researchersajid/mangoclassify-12-native-mango-dataset-from-bd/MangoClassify-12/Langra/IMG20250628185532.jpg,Langra,/kaggle/working/small/Langra/03208.jpg,9,1144,train
/kaggle/input/datasets/researchersajid/mangoclassify-12-native-mango-dataset-from-bd/MangoClassify-12/Langra/IMG20250628185537.jpg,Langra,/kaggle/working/small/Langra/03209.jpg,9,1174,train
/kaggle/input/datasets/researchersajid/mangoclassify-12-native-mango-dataset-from-bd/MangoClassify-12/Langra/IMG20250628185543.jpg,Langra,/kaggle/working/small/Langra/03210.jpg,9,1266,train
/kaggle/input/datasets/researchersajid/mangoclassify-12-native-mango-dataset-from-bd/MangoClassify-12/Langra/IMG_20250524_183429.jpg,Langra,/kaggle/working/small/Langra/03211.jpg,9,1146,train
/kaggle/input/datasets/researchersajid/mangoclassify-12-native-mango-dataset-from-bd/MangoClassify-12/Langra/IMG_20250524_183437.jpg,Langra,/kaggle/working/small/Langra/03212.jpg,9,1274,train
/kaggle/input/datasets/researchersajid/mangoclassify-12-native-mango-dataset-from-bd/MangoClassify-12/Langra/IMG_20250524_183443.jpg,Langra,/kaggle/working/small/Langra/03213.jpg,9,1146,train
/kaggle/input/datasets/researchersajid/mangoclassify-12-native-mango-dataset-from-bd/MangoClassify-12/Langra/IMG_20250524_183451.jpg,Langra,/kaggle/working/small/Langra/03214.jpg,9,1253,train
/kaggle/input/datasets/researchersajid/mangoclassify-12-native-mango-dataset-from-bd/MangoClassify-12/Langra/IMG_20250524_183458.jpg,Langra,/kaggle/working/small/Langra/03215.jpg,9,1146,train
/kaggle/input/datasets/researchersajid/mangoclassify-12-native-mango-dataset-from-bd/MangoClassify-12/Langra/IMG_20250524_183509.jpg,Langra,/kaggle/working/small/Langra/03216.jpg,9,1201,train
/kaggle/input/datasets/researchersajid/mangoclassify-12-native-mango-dataset-from-bd/MangoClassify-12/Langra/IMG_20250524_183514.jpg,Langra,/kaggle/working/small/Langra/03217.jpg,9,1201,train
/kaggle/input/datasets/researchersajid/mangoclassify-12-native-mango-dataset-from-bd/MangoClassify-12/Langra/IMG_20250524_183522.jpg,Langra,/kaggle/working/small/Langra/03218.jpg,9,1151,train
/kaggle/input/datasets/researchersajid/mangoclassify-12-native-mango-dataset-from-bd/MangoClassify-12/Langra/IMG_20250524_183528.jpg,Langra,/kaggle/working/small/Langra/03219.jpg,9,1322,train
/kaggle/input/datasets/researchersajid/mangoclassify-12-native-mango-dataset-from-bd/MangoClassify-12/Langra/IMG_20250525_172355.jpg,Langra,/kaggle/working/small/Langra/03220.jpg,9,1186,train
/kaggle/input/datasets/researchersajid/mangoclassify-12-native-mango-dataset-from-bd/MangoClassify-12/Langra/IMG_20250525_172400.jpg,Langra,/kaggle/working/small/Langra/03221.jpg,9,1261,train
/kaggle/input/datasets/researchersajid/mangoclassify-12-native-mango-dataset-from-bd/MangoClassify-12/Langra/IMG_20250525_172413.jpg,Langra,/kaggle/working/small/Langra/03222.jpg,9,1186,train
/kaggle/input/datasets/researchersajid/mangoclassify-12-native-mango-dataset-from-bd/MangoClassify-12/Langra/IMG_20250525_172419.jpg,Langra,/kaggle/working/small/Langra/03223.jpg,9,1186,train
/kaggle/input/datasets/researchersajid/mangoclassify-12-native-mango-dataset-from-bd/MangoClassify-12/Langra/IMG_20250525_172430.jpg,Langra,/kaggle/working/small/Langra/03224.jpg,9,1259,train
/kaggle/input/datasets/researchersajid/mangoclassify-12-native-mango-dataset-from-bd/MangoClassify-12/Langra/IMG_20250525_172443.jpg,Langra,/kaggle/working/small/Langra/03225.jpg,9,1299,train
/kaggle/input/datasets/researchersajid/mangoclassify-12-native-mango-dataset-from-bd/MangoClassify-12/Langra/IMG_20250525_172452.jpg,Langra,/kaggle/working/small/Langra/03226.jpg,9,1162,train
/kaggle/input/datasets/researchersajid/mangoclassify-12-native-mango-dataset-from-bd/MangoClassify-12/Langra/IMG_20250525_172458.jpg,Langra,/kaggle/working/small/Langra/03227.jpg,9,1162,train
/kaggle/input/datasets/researchersajid/mangoclassify-12-native-mango-dataset-from-bd/MangoClassify-12/Langra/IMG_20250525_172519.jpg,Langra,/kaggle/working/small/Langra/03228.jpg,9,1164,train
/kaggle/input/datasets/researchersajid/mangoclassify-12-native-mango-dataset-from-bd/MangoClassify-12/Langra/IMG_20250525_172530.jpg,Langra,/kaggle/working/small/Langra/03229.jpg,9,1175,train
/kaggle/input/datasets/researchersajid/mangoclassify-12-native-mango-dataset-from-bd/MangoClassify-12/Langra/IMG_20250525_172540.jpg,Langra,/kaggle/working/small/Langra/03230.jpg,9,1164,train
/kaggle/input/datasets/researchersajid/mangoclassify-12-native-mango-dataset-from-bd/MangoClassify-12/Langra/IMG_20250525_172552.jpg,Langra,/kaggle/working/small/Langra/03231.jpg,9,1181,test
/kaggle/input/datasets/researchersajid/mangoclassify-12-native-mango-dataset-from-bd/MangoClassify-12/Langra/IMG_20250525_172601.jpg,Langra,/kaggle/working/small/Langra/03232.jpg,9,1251,train
/kaggle/input/datasets/researchersajid/mangoclassify-12-native-mango-dataset-from-bd/MangoClassify-12/Langra/IMG_20250525_172607.jpg,Langra,/kaggle/working/small/Langra/03233.jpg,9,1178,train
/kaggle/input/datasets/researchersajid/mangoclassify-12-native-mango-dataset-from-bd/MangoClassify-12/Langra/IMG_20250525_172623.jpg,Langra,/kaggle/working/small/Langra/03234.jpg,9,1223,train
/kaggle/input/datasets/researchersajid/mangoclassify-12-native-mango-dataset-from-bd/MangoClassify-12/Langra/IMG_20250525_172631.jpg,Langra,/kaggle/working/small/Langra/03235.jpg,9,1148,val
/kaggle/input/datasets/researchersajid/mangoclassify-12-native-mango-dataset-from-bd/MangoClassify-12/Langra/IMG_20250525_172638.jpg,Langra,/kaggle/working/small/Langra/03236.jpg,9,1223,train
/kaggle/input/datasets/researchersajid/mangoclassify-12-native-mango-dataset-from-bd/MangoClassify-12/Langra/IMG_20250525_172649.jpg,Langra,/kaggle/working/small/Langra/03237.jpg,9,1148,val
/kaggle/input/datasets/researchersajid/mangoclassify-12-native-mango-dataset-from-bd/MangoClassify-12/Langra/IMG_20250525_172655.jpg,Langra,/kaggle/working/small/Langra/03238.jpg,9,1291,train
/kaggle/input/datasets/researchersajid/mangoclassify-12-native-mango-dataset-from-bd/MangoClassify-12/Langra/IMG_20250525_172716.jpg,Langra,/kaggle/working/small/Langra/03239.jpg,9,1184,train
/kaggle/input/datasets/researchersajid/mangoclassify-12-native-mango-dataset-from-bd/MangoClassify-12/Langra/IMG_20250525_172729.jpg,Langra,/kaggle/working/small/Langra/03240.jpg,9,1223,train
/kaggle/input/datasets/researchersajid/mangoclassify-12-native-mango-dataset-from-bd/MangoClassify-12/Langra/IMG_20250525_172736.jpg,Langra,/kaggle/working/small/Langra/03241.jpg,9,1184,train
/kaggle/input/datasets/researchersajid/mangoclassify-12-native-mango-dataset-from-bd/MangoClassify-12/Langra/IMG_20250525_172743.jpg,Langra,/kaggle/working/small/Langra/03242.jpg,9,1184,train
/kaggle/input/datasets/researchersajid/mangoclassify-12-native-mango-dataset-from-bd/MangoClassify-12/Langra/IMG_20250525_172752.jpg,Langra,/kaggle/working/small/Langra/03243.jpg,9,1184,train
/kaggle/input/datasets/researchersajid/mangoclassify-12-native-mango-dataset-from-bd/MangoClassify-12/Langra/IMG_20250525_172805.jpg,Langra,/kaggle/working/small/Langra/03244.jpg,9,1223,train
/kaggle/input/datasets/researchersajid/mangoclassify-12-native-mango-dataset-from-bd/MangoClassify-12/Langra/IMG_20250525_172812.jpg,Langra,/kaggle/working/small/Langra/03245.jpg,9,1167,test
/kaggle/input/datasets/researchersajid/mangoclassify-12-native-mango-dataset-from-bd/MangoClassify-12/Langra/IMG_20250525_172821.jpg,Langra,/kaggle/working/small/Langra/03246.jpg,9,1175,train
/kaggle/input/datasets/researchersajid/mangoclassify-12-native-mango-dataset-from-bd/MangoClassify-12/Langra/IMG_20250525_172827.jpg,Langra,/kaggle/working/small/Langra/03247.jpg,9,1175,train
/kaggle/input/datasets/researchersajid/mangoclassify-12-native-mango-dataset-from-bd/MangoClassify-12/Langra/IMG_20250525_172832.jpg,Langra,/kaggle/working/small/Langra/03248.jpg,9,1223,train
/kaggle/input/datasets/researchersajid/mangoclassify-12-native-mango-dataset-from-bd/MangoClassify-12/Langra/IMG_20250525_172839.jpg,Langra,/kaggle/working/small/Langra/03249.jpg,9,1167,test
/kaggle/input/datasets/researchersajid/mangoclassify-12-native-mango-dataset-from-bd/MangoClassify-12/Langra/IMG_20250525_172852.jpg,Langra,/kaggle/working/small/Langra/03250.jpg,9,1186,train
/kaggle/input/datasets/researchersajid/mangoclassify-12-native-mango-dataset-from-bd/MangoClassify-12/Langra/IMG_20250525_172902.jpg,Langra,/kaggle/working/small/Langra/03251.jpg,9,1186,train
/kaggle/input/datasets/researchersajid/mangoclassify-12-native-mango-dataset-from-bd/MangoClassify-12/Langra/IMG_20250525_172907.jpg,Langra,/kaggle/working/small/Langra/03252.jpg,9,1263,train
/kaggle/input/datasets/researchersajid/mangoclassify-12-native-mango-dataset-from-bd/MangoClassify-12/Langra/IMG_20250525_172913.jpg,Langra,/kaggle/working/small/Langra/03253.jpg,9,1306,train
/kaggle/input/datasets/researchersajid/mangoclassify-12-native-mango-dataset-from-bd/MangoClassify-12/Langra/IMG_20250525_172923.jpg,Langra,/kaggle/working/small/Langra/03254.jpg,9,1184,train
/kaggle/input/datasets/researchersajid/mangoclassify-12-native-mango-dataset-from-bd/MangoClassify-12/Langra/IMG_20250525_172933.jpg,Langra,/kaggle/working/small/Langra/03255.jpg,9,1176,train
/kaggle/input/datasets/researchersajid/mangoclassify-12-native-mango-dataset-from-bd/MangoClassify-12/Langra/IMG_20250525_173007.jpg,Langra,/kaggle/working/small/Langra/03256.jpg,9,1275,test
/kaggle/input/datasets/researchersajid/mangoclassify-12-native-mango-dataset-from-bd/MangoClassify-12/Langra/IMG_20250525_173019.jpg,Langra,/kaggle/working/small/Langra/03257.jpg,9,1173,train
/kaggle/input/datasets/researchersajid/mangoclassify-12-native-mango-dataset-from-bd/MangoClassify-12/Langra/IMG_20250525_173026.jpg,Langra,/kaggle/working/small/Langra/03258.jpg,9,1210,val
/kaggle/input/datasets/researchersajid/mangoclassify-12-native-mango-dataset-from-bd/MangoClassify-12/Langra/IMG_20250525_173034.jpg,Langra,/kaggle/working/small/Langra/03259.jpg,9,1233,train
/kaggle/input/datasets/researchersajid/mangoclassify-12-native-mango-dataset-from-bd/MangoClassify-12/Langra/IMG_20250525_173045.jpg,Langra,/kaggle/working/small/Langra/03260.jpg,9,1173,train
/kaggle/input/datasets/researchersajid/mangoclassify-12-native-mango-dataset-from-bd/MangoClassify-12/Langra/IMG_20250525_173056.jpg,Langra,/kaggle/working/small/Langra/03261.jpg,9,1210,val
/kaggle/input/datasets/researchersajid/mangoclassify-12-native-mango-dataset-from-bd/MangoClassify-12/Langra/IMG_20250525_173109.jpg,Langra,/kaggle/working/small/Langra/03262.jpg,9,1158,val
/kaggle/input/datasets/researchersajid/mangoclassify-12-native-mango-dataset-from-bd/MangoClassify-12/Langra/IMG_20250525_173113.jpg,Langra,/kaggle/working/small/Langra/03263.jpg,9,1164,train
/kaggle/input/datasets/researchersajid/mangoclassify-12-native-mango-dataset-from-bd/MangoClassify-12/Langra/IMG_20250525_173118.jpg,Langra,/kaggle/working/small/Langra/03264.jpg,9,1319,train
/kaggle/input/datasets/researchersajid/mangoclassify-12-native-mango-dataset-from-bd/MangoClassify-12/Langra/IMG_20250525_173136.jpg,Langra,/kaggle/working/small/Langra/03265.jpg,9,1167,test
/kaggle/input/datasets/researchersajid/mangoclassify-12-native-mango-dataset-from-bd/MangoClassify-12/Langra/IMG_20250525_173140.jpg,Langra,/kaggle/working/small/Langra/03266.jpg,9,1175,train
/kaggle/input/datasets/researchersajid/mangoclassify-12-native-mango-dataset-from-bd/MangoClassify-12/Langra/IMG_20250525_173144.jpg,Langra,/kaggle/working/small/Langra/03267.jpg,9,1164,train
/kaggle/input/datasets/researchersajid/mangoclassify-12-native-mango-dataset-from-bd/MangoClassify-12/Langra/IMG_20250525_173148.jpg,Langra,/kaggle/working/small/Langra/03268.jpg,9,1184,train
/kaggle/input/datasets/researchersajid/mangoclassify-12-native-mango-dataset-from-bd/MangoClassify-12/Langra/IMG_20250525_173206.jpg,Langra,/kaggle/working/small/Langra/03269.jpg,9,1223,train
/kaggle/input/datasets/researchersajid/mangoclassify-12-native-mango-dataset-from-bd/MangoClassify-12/Langra/IMG_20250525_173212.jpg,Langra,/kaggle/working/small/Langra/03270.jpg,9,1187,train
/kaggle/input/datasets/researchersajid/mangoclassify-12-native-mango-dataset-from-bd/MangoClassify-12/Langra/IMG_20250525_173217.jpg,Langra,/kaggle/working/small/Langra/03271.jpg,9,1223,train
/kaggle/input/datasets/researchersajid/mangoclassify-12-native-mango-dataset-from-bd/MangoClassify-12/Langra/IMG_20250525_173224.jpg,Langra,/kaggle/working/small/Langra/03272.jpg,9,1184,train
/kaggle/input/datasets/researchersajid/mangoclassify-12-native-mango-dataset-from-bd/MangoClassify-12/Langra/IMG_20250525_173232.jpg,Langra,/kaggle/working/small/Langra/03273.jpg,9,1184,train
/kaggle/input/datasets/researchersajid/mangoclassify-12-native-mango-dataset-from-bd/MangoClassify-12/Langra/IMG_20250525_173236.jpg,Langra,/kaggle/working/small/Langra/03274.jpg,9,1187,train
/kaggle/input/datasets/researchersajid/mangoclassify-12-native-mango-dataset-from-bd/MangoClassify-12/Langra/IMG_20250525_173244.jpg,Langra,/kaggle/working/small/Langra/03275.jpg,9,1305,val
/kaggle/input/datasets/researchersajid/mangoclassify-12-native-mango-dataset-from-bd/MangoClassify-12/Langra/IMG_20250525_173250.jpg,Langra,/kaggle/working/small/Langra/03276.jpg,9,1184,train
/kaggle/input/datasets/researchersajid/mangoclassify-12-native-mango-dataset-from-bd/MangoClassify-12/Langra/IMG_20250525_173301.jpg,Langra,/kaggle/working/small/Langra/03277.jpg,9,1223,train
/kaggle/input/datasets/researchersajid/mangoclassify-12-native-mango-dataset-from-bd/MangoClassify-12/Langra/IMG_20250525_173306.jpg,Langra,/kaggle/working/small/Langra/03278.jpg,9,1148,val
/kaggle/input/datasets/researchersajid/mangoclassify-12-native-mango-dataset-from-bd/MangoClassify-12/Langra/IMG_20250525_173316.jpg,Langra,/kaggle/working/small/Langra/03279.jpg,9,1204,train
/kaggle/input/datasets/researchersajid/mangoclassify-12-native-mango-dataset-from-bd/MangoClassify-12/Langra/IMG_20250525_173324.jpg,Langra,/kaggle/working/small/Langra/03280.jpg,9,1162,train
/kaggle/input/datasets/researchersajid/mangoclassify-12-native-mango-dataset-from-bd/MangoClassify-12/Langra/IMG_20250525_173339.jpg,Langra,/kaggle/working/small/Langra/03281.jpg,9,1164,train
/kaggle/input/datasets/researchersajid/mangoclassify-12-native-mango-dataset-from-bd/MangoClassify-12/Langra/IMG_20250525_173357.jpg,Langra,/kaggle/working/small/Langra/03282.jpg,9,1223,train
/kaggle/input/datasets/researchersajid/mangoclassify-12-native-mango-dataset-from-bd/MangoClassify-12/Langra/IMG_20250525_173406.jpg,Langra,/kaggle/working/small/Langra/03283.jpg,9,1264,test
/kaggle/input/datasets/researchersajid/mangoclassify-12-native-mango-dataset-from-bd/MangoClassify-12/Langra/IMG_20250525_173418.jpg,Langra,/kaggle/working/small/Langra/03284.jpg,9,1162,train
/kaggle/input/datasets/researchersajid/mangoclassify-12-native-mango-dataset-from-bd/MangoClassify-12/Langra/IMG_20250525_173426.jpg,Langra,/kaggle/working/small/Langra/03285.jpg,9,1174,train
/kaggle/input/datasets/researchersajid/mangoclassify-12-native-mango-dataset-from-bd/MangoClassify-12/Langra/IMG_20250525_173449.jpg,Langra,/kaggle/working/small/Langra/03286.jpg,9,1244,train
/kaggle/input/datasets/researchersajid/mangoclassify-12-native-mango-dataset-from-bd/MangoClassify-12/Langra/IMG_20250525_173453.jpg,Langra,/kaggle/working/small/Langra/03287.jpg,9,1201,train
/kaggle/input/datasets/researchersajid/mangoclassify-12-native-mango-dataset-from-bd/MangoClassify-12/Langra/IMG_20250525_173500.jpg,Langra,/kaggle/working/small/Langra/03288.jpg,9,1225,train
/kaggle/input/datasets/researchersajid/mangoclassify-12-native-mango-dataset-from-bd/MangoClassify-12/Langra/IMG_20250525_173507.jpg,Langra,/kaggle/working/small/Langra/03289.jpg,9,1175,train
/kaggle/input/datasets/researchersajid/mangoclassify-12-native-mango-dataset-from-bd/MangoClassify-12/Langra/IMG_20250525_173519.jpg,Langra,/kaggle/working/small/Langra/03290.jpg,9,1204,train
/kaggle/input/datasets/researchersajid/mangoclassify-12-native-mango-dataset-from-bd/MangoClassify-12/Langra/IMG_20250525_173624.jpg,Langra,/kaggle/working/small/Langra/03291.jpg,9,1181,test
/kaggle/input/datasets/researchersajid/mangoclassify-12-native-mango-dataset-from-bd/MangoClassify-12/Langra/IMG_20250525_173629.jpg,Langra,/kaggle/working/small/Langra/03292.jpg,9,1181,test
/kaggle/input/datasets/researchersajid/mangoclassify-12-native-mango-dataset-from-bd/MangoClassify-12/Langra/IMG_20250525_173634.jpg,Langra,/kaggle/working/small/Langra/03293.jpg,9,1162,train
/kaggle/input/datasets/researchersajid/mangoclassify-12-native-mango-dataset-from-bd/MangoClassify-12/Langra/IMG_20250525_173639.jpg,Langra,/kaggle/working/small/Langra/03294.jpg,9,1162,train
/kaggle/input/datasets/researchersajid/mangoclassify-12-native-mango-dataset-from-bd/MangoClassify-12/Langra/IMG_20250525_173644.jpg,Langra,/kaggle/working/small/Langra/03295.jpg,9,1162,train
/kaggle/input/datasets/researchersajid/mangoclassify-12-native-mango-dataset-from-bd/MangoClassify-12/Langra/IMG_20250525_173700.jpg,Langra,/kaggle/working/small/Langra/03296.jpg,9,1181,test
/kaggle/input/datasets/researchersajid/mangoclassify-12-native-mango-dataset-from-bd/MangoClassify-12/Langra/IMG_20250525_173706.jpg,Langra,/kaggle/working/small/Langra/03297.jpg,9,1162,train
/kaggle/input/datasets/researchersajid/mangoclassify-12-native-mango-dataset-from-bd/MangoClassify-12/Langra/IMG_20250525_173710.jpg,Langra,/kaggle/working/small/Langra/03298.jpg,9,1190,val
/kaggle/input/datasets/researchersajid/mangoclassify-12-native-mango-dataset-from-bd/MangoClassify-12/Langra/IMG_20250525_173717.jpg,Langra,/kaggle/working/small/Langra/03299.jpg,9,1234,train
/kaggle/input/datasets/researchersajid/mangoclassify-12-native-mango-dataset-from-bd/MangoClassify-12/Langra/IMG_20250525_173723.jpg,Langra,/kaggle/working/small/Langra/03300.jpg,9,1310,train
/kaggle/input/datasets/researchersajid/mangoclassify-12-native-mango-dataset-from-bd/MangoClassify-12/Langra/IMG_20250525_173738.jpg,Langra,/kaggle/working/small/Langra/03301.jpg,9,1223,train
/kaggle/input/datasets/researchersajid/mangoclassify-12-native-mango-dataset-from-bd/MangoClassify-12/Langra/IMG_20250525_173744.jpg,Langra,/kaggle/working/small/Langra/03302.jpg,9,1217,val
/kaggle/input/datasets/researchersajid/mangoclassify-12-native-mango-dataset-from-bd/MangoClassify-12/Langra/IMG_20250525_173751.jpg,Langra,/kaggle/working/small/Langra/03303.jpg,9,1286,val
/kaggle/input/datasets/researchersajid/mangoclassify-12-native-mango-dataset-from-bd/MangoClassify-12/Langra/IMG_20250525_173756.jpg,Langra,/kaggle/working/small/Langra/03304.jpg,9,1233,train
/kaggle/input/datasets/researchersajid/mangoclassify-12-native-mango-dataset-from-bd/MangoClassify-12/Langra/IMG_20250525_173809.jpg,Langra,/kaggle/working/small/Langra/03305.jpg,9,1148,val
/kaggle/input/datasets/researchersajid/mangoclassify-12-native-mango-dataset-from-bd/MangoClassify-12/Langra/IMG_20250525_173824.jpg,Langra,/kaggle/working/small/Langra/03306.jpg,9,1171,val
/kaggle/input/datasets/researchersajid/mangoclassify-12-native-mango-dataset-from-bd/MangoClassify-12/Langra/IMG_20250525_173835.jpg,Langra,/kaggle/working/small/Langra/03307.jpg,9,1171,val
/kaggle/input/datasets/researchersajid/mangoclassify-12-native-mango-dataset-from-bd/MangoClassify-12/Langra/IMG_20250525_173844.jpg,Langra,/kaggle/working/small/Langra/03308.jpg,9,1242,train
/kaggle/input/datasets/researchersajid/mangoclassify-12-native-mango-dataset-from-bd/MangoClassify-12/Langra/IMG_20250525_173848.jpg,Langra,/kaggle/working/small/Langra/03309.jpg,9,1277,train
/kaggle/input/datasets/researchersajid/mangoclassify-12-native-mango-dataset-from-bd/MangoClassify-12/Langra/IMG_20250525_173855.jpg,Langra,/kaggle/working/small/Langra/03310.jpg,9,1171,val
/kaggle/input/datasets/researchersajid/mangoclassify-12-native-mango-dataset-from-bd/MangoClassify-12/Langra/IMG_20250525_173916.jpg,Langra,/kaggle/working/small/Langra/03311.jpg,9,1265,test
/kaggle/input/datasets/researchersajid/mangoclassify-12-native-mango-dataset-from-bd/MangoClassify-12/Langra/IMG_20250525_173922.jpg,Langra,/kaggle/working/small/Langra/03312.jpg,9,1238,val
/kaggle/input/datasets/researchersajid/mangoclassify-12-native-mango-dataset-from-bd/MangoClassify-12/Langra/IMG_20250525_173929.jpg,Langra,/kaggle/working/small/Langra/03313.jpg,9,1324,train
/kaggle/input/datasets/researchersajid/mangoclassify-12-native-mango-dataset-from-bd/MangoClassify-12/Langra/IMG_20250525_173941.jpg,Langra,/kaggle/working/small/Langra/03314.jpg,9,1158,val
/kaggle/input/datasets/researchersajid/mangoclassify-12-native-mango-dataset-from-bd/MangoClassify-12/Langra/IMG_20250525_173959.jpg,Langra,/kaggle/working/small/Langra/03315.jpg,9,1239,test
/kaggle/input/datasets/researchersajid/mangoclassify-12-native-mango-dataset-from-bd/MangoClassify-12/Langra/IMG_20250525_174010.jpg,Langra,/kaggle/working/small/Langra/03316.jpg,9,1186,train
/kaggle/input/datasets/researchersajid/mangoclassify-12-native-mango-dataset-from-bd/MangoClassify-12/Langra/IMG_20250525_174014.jpg,Langra,/kaggle/working/small/Langra/03317.jpg,9,1239,test
/kaggle/input/datasets/researchersajid/mangoclassify-12-native-mango-dataset-from-bd/MangoClassify-12/Langra/IMG_20250525_174024.jpg,Langra,/kaggle/working/small/Langra/03318.jpg,9,1184,train
/kaggle/input/datasets/researchersajid/mangoclassify-12-native-mango-dataset-from-bd/MangoClassify-12/Langra/IMG_20250525_174045.jpg,Langra,/kaggle/working/small/Langra/03319.jpg,9,1267,train
/kaggle/input/datasets/researchersajid/mangoclassify-12-native-mango-dataset-from-bd/MangoClassify-12/Langra/IMG_20250525_174054.jpg,Langra,/kaggle/working/small/Langra/03320.jpg,9,1198,train
/kaggle/input/datasets/researchersajid/mangoclassify-12-native-mango-dataset-from-bd/MangoClassify-12/Langra/IMG_20250525_174059.jpg,Langra,/kaggle/working/small/Langra/03321.jpg,9,1158,val
/kaggle/input/datasets/researchersajid/mangoclassify-12-native-mango-dataset-from-bd/MangoClassify-12/Langra/IMG_20250525_174104.jpg,Langra,/kaggle/working/small/Langra/03322.jpg,9,1148,val
/kaggle/input/datasets/researchersajid/mangoclassify-12-native-mango-dataset-from-bd/MangoClassify-12/Langra/IMG_20250525_174111.jpg,Langra,/kaggle/working/small/Langra/03323.jpg,9,1223,train
/kaggle/input/datasets/researchersajid/mangoclassify-12-native-mango-dataset-from-bd/MangoClassify-12/Langra/IMG_20250525_174116.jpg,Langra,/kaggle/working/small/Langra/03324.jpg,9,1187,train
/kaggle/input/datasets/researchersajid/mangoclassify-12-native-mango-dataset-from-bd/MangoClassify-12/Langra/IMG_20250525_174120.jpg,Langra,/kaggle/working/small/Langra/03325.jpg,9,1158,val
/kaggle/input/datasets/researchersajid/mangoclassify-12-native-mango-dataset-from-bd/MangoClassify-12/Langra/IMG_20250525_174125.jpg,Langra,/kaggle/working/small/Langra/03326.jpg,9,1176,train
/kaggle/input/datasets/researchersajid/mangoclassify-12-native-mango-dataset-from-bd/MangoClassify-12/Langra/IMG_20250525_174135.jpg,Langra,/kaggle/working/small/Langra/03327.jpg,9,1239,test
/kaggle/input/datasets/researchersajid/mangoclassify-12-native-mango-dataset-from-bd/MangoClassify-12/Langra/IMG_20250525_174139.jpg,Langra,/kaggle/working/small/Langra/03328.jpg,9,1187,train
/kaggle/input/datasets/researchersajid/mangoclassify-12-native-mango-dataset-from-bd/MangoClassify-12/Langra/IMG_20250525_174148.jpg,Langra,/kaggle/working/small/Langra/03329.jpg,9,1198,train
/kaggle/input/datasets/researchersajid/mangoclassify-12-native-mango-dataset-from-bd/MangoClassify-12/Langra/IMG_20250525_174155.jpg,Langra,/kaggle/working/small/Langra/03330.jpg,9,1198,train
/kaggle/input/datasets/researchersajid/mangoclassify-12-native-mango-dataset-from-bd/MangoClassify-12/Langra/IMG_20250525_174159.jpg,Langra,/kaggle/working/small/Langra/03331.jpg,9,1198,train
/kaggle/input/datasets/researchersajid/mangoclassify-12-native-mango-dataset-from-bd/MangoClassify-12/Langra/IMG_20250525_174206.jpg,Langra,/kaggle/working/small/Langra/03332.jpg,9,1198,train
/kaggle/input/datasets/researchersajid/mangoclassify-12-native-mango-dataset-from-bd/MangoClassify-12/Langra/IMG_20250525_174215.jpg,Langra,/kaggle/working/small/Langra/03333.jpg,9,1223,train
/kaggle/input/datasets/researchersajid/mangoclassify-12-native-mango-dataset-from-bd/MangoClassify-12/Langra/IMG_20250525_174222.jpg,Langra,/kaggle/working/small/Langra/03334.jpg,9,1167,test
/kaggle/input/datasets/researchersajid/mangoclassify-12-native-mango-dataset-from-bd/MangoClassify-12/Langra/IMG_20250525_174227.jpg,Langra,/kaggle/working/small/Langra/03335.jpg,9,1215,train
/kaggle/input/datasets/researchersajid/mangoclassify-12-native-mango-dataset-from-bd/MangoClassify-12/Langra/IMG_20250525_174232.jpg,Langra,/kaggle/working/small/Langra/03336.jpg,9,1158,val
/kaggle/input/datasets/researchersajid/mangoclassify-12-native-mango-dataset-from-bd/MangoClassify-12/Langra/IMG_20250525_174237.jpg,Langra,/kaggle/working/small/Langra/03337.jpg,9,1223,train
/kaggle/input/datasets/researchersajid/mangoclassify-12-native-mango-dataset-from-bd/MangoClassify-12/Langra/IMG_20250525_174246.jpg,Langra,/kaggle/working/small/Langra/03338.jpg,9,1225,train
/kaggle/input/datasets/researchersajid/mangoclassify-12-native-mango-dataset-from-bd/MangoClassify-12/Langra/IMG_20250525_174251.jpg,Langra,/kaggle/working/small/Langra/03339.jpg,9,1225,train
/kaggle/input/datasets/researchersajid/mangoclassify-12-native-mango-dataset-from-bd/MangoClassify-12/Langra/IMG_20250525_174255.jpg,Langra,/kaggle/working/small/Langra/03340.jpg,9,1225,train
/kaggle/input/datasets/researchersajid/mangoclassify-12-native-mango-dataset-from-bd/MangoClassify-12/Langra/IMG_20250525_174259.jpg,Langra,/kaggle/working/small/Langra/03341.jpg,9,1294,train
/kaggle/input/datasets/researchersajid/mangoclassify-12-native-mango-dataset-from-bd/MangoClassify-12/Langra/IMG_20250525_174306.jpg,Langra,/kaggle/working/small/Langra/03342.jpg,9,1225,train
/kaggle/input/datasets/researchersajid/mangoclassify-12-native-mango-dataset-from-bd/MangoClassify-12/Langra/IMG_20250525_174316.jpg,Langra,/kaggle/working/small/Langra/03343.jpg,9,1173,train
/kaggle/input/datasets/researchersajid/mangoclassify-12-native-mango-dataset-from-bd/MangoClassify-12/Langra/IMG_20250525_174320.jpg,Langra,/kaggle/working/small/Langra/03344.jpg,9,1173,train
/kaggle/input/datasets/researchersajid/mangoclassify-12-native-mango-dataset-from-bd/MangoClassify-12/Langra/IMG_20250525_174326.jpg,Langra,/kaggle/working/small/Langra/03345.jpg,9,1210,val
/kaggle/input/datasets/researchersajid/mangoclassify-12-native-mango-dataset-from-bd/MangoClassify-12/Langra/IMG_20250525_174330.jpg,Langra,/kaggle/working/small/Langra/03346.jpg,9,1239,test
/kaggle/input/datasets/researchersajid/mangoclassify-12-native-mango-dataset-from-bd/MangoClassify-12/Langra/IMG_20250525_174339.jpg,Langra,/kaggle/working/small/Langra/03347.jpg,9,1215,train
/kaggle/input/datasets/researchersajid/mangoclassify-12-native-mango-dataset-from-bd/MangoClassify-12/Langra/IMG_20250525_174348.jpg,Langra,/kaggle/working/small/Langra/03348.jpg,9,1225,train
/kaggle/input/datasets/researchersajid/mangoclassify-12-native-mango-dataset-from-bd/MangoClassify-12/Langra/IMG_20250525_174352.jpg,Langra,/kaggle/working/small/Langra/03349.jpg,9,1225,train
/kaggle/input/datasets/researchersajid/mangoclassify-12-native-mango-dataset-from-bd/MangoClassify-12/Langra/IMG_20250525_174405.jpg,Langra,/kaggle/working/small/Langra/03350.jpg,9,1233,train
/kaggle/input/datasets/researchersajid/mangoclassify-12-native-mango-dataset-from-bd/MangoClassify-12/Langra/IMG_20250525_174412.jpg,Langra,/kaggle/working/small/Langra/03351.jpg,9,1187,train
/kaggle/input/datasets/researchersajid/mangoclassify-12-native-mango-dataset-from-bd/MangoClassify-12/Langra/IMG_20250525_174416.jpg,Langra,/kaggle/working/small/Langra/03352.jpg,9,1187,train
/kaggle/input/datasets/researchersajid/mangoclassify-12-native-mango-dataset-from-bd/MangoClassify-12/Langra/IMG_20250525_174426.jpg,Langra,/kaggle/working/small/Langra/03353.jpg,9,1187,train
/kaggle/input/datasets/researchersajid/mangoclassify-12-native-mango-dataset-from-bd/MangoClassify-12/Langra/IMG_20250525_174429.jpg,Langra,/kaggle/working/small/Langra/03354.jpg,9,1187,train
/kaggle/input/datasets/researchersajid/mangoclassify-12-native-mango-dataset-from-bd/MangoClassify-12/Langra/IMG_20250525_174433.jpg,Langra,/kaggle/working/small/Langra/03355.jpg,9,1223,train
/kaggle/input/datasets/researchersajid/mangoclassify-12-native-mango-dataset-from-bd/MangoClassify-12/Langra/IMG_20250525_174436.jpg,Langra,/kaggle/working/small/Langra/03356.jpg,9,1223,train
/kaggle/input/datasets/researchersajid/mangoclassify-12-native-mango-dataset-from-bd/MangoClassify-12/Langra/IMG_20250525_174442.jpg,Langra,/kaggle/working/small/Langra/03357.jpg,9,1223,train
/kaggle/input/datasets/researchersajid/mangoclassify-12-native-mango-dataset-from-bd/MangoClassify-12/Langra/IMG_20250525_174457.jpg,Langra,/kaggle/working/small/Langra/03358.jpg,9,1248,val
/kaggle/input/datasets/researchersajid/mangoclassify-12-native-mango-dataset-from-bd/MangoClassify-12/Langra/IMG_20250525_174503.jpg,Langra,/kaggle/working/small/Langra/03359.jpg,9,1248,val
/kaggle/input/datasets/researchersajid/mangoclassify-12-native-mango-dataset-from-bd/MangoClassify-12/Langra/IMG_20250525_174509.jpg,Langra,/kaggle/working/small/Langra/03360.jpg,9,1313,train
/kaggle/input/datasets/researchersajid/mangoclassify-12-native-mango-dataset-from-bd/MangoClassify-12/Langra/IMG_20250525_174517.jpg,Langra,/kaggle/working/small/Langra/03361.jpg,9,1239,test
/kaggle/input/datasets/researchersajid/mangoclassify-12-native-mango-dataset-from-bd/MangoClassify-12/Langra/IMG_20250525_174526.jpg,Langra,/kaggle/working/small/Langra/03362.jpg,9,1170,train
/kaggle/input/datasets/researchersajid/mangoclassify-12-native-mango-dataset-from-bd/MangoClassify-12/Langra/IMG_20250525_174535.jpg,Langra,/kaggle/working/small/Langra/03363.jpg,9,1167,test
/kaggle/input/datasets/researchersajid/mangoclassify-12-native-mango-dataset-from-bd/MangoClassify-12/Langra/IMG_20250525_174538.jpg,Langra,/kaggle/working/small/Langra/03364.jpg,9,1167,test
/kaggle/input/datasets/researchersajid/mangoclassify-12-native-mango-dataset-from-bd/MangoClassify-12/Langra/IMG_20250525_174544.jpg,Langra,/kaggle/working/small/Langra/03365.jpg,9,1239,test
/kaggle/input/datasets/researchersajid/mangoclassify-12-native-mango-dataset-from-bd/MangoClassify-12/Langra/IMG_20250525_174549.jpg,Langra,/kaggle/working/small/Langra/03366.jpg,9,1223,train
/kaggle/input/datasets/researchersajid/mangoclassify-12-native-mango-dataset-from-bd/MangoClassify-12/Langra/IMG_20250525_181823.jpg,Langra,/kaggle/working/small/Langra/03367.jpg,9,1172,test
/kaggle/input/datasets/researchersajid/mangoclassify-12-native-mango-dataset-from-bd/MangoClassify-12/Langra/IMG_20250525_181833.jpg,Langra,/kaggle/working/small/Langra/03368.jpg,9,1217,val
/kaggle/input/datasets/researchersajid/mangoclassify-12-native-mango-dataset-from-bd/MangoClassify-12/Langra/IMG_20250525_181840.jpg,Langra,/kaggle/working/small/Langra/03369.jpg,9,1184,train
/kaggle/input/datasets/researchersajid/mangoclassify-12-native-mango-dataset-from-bd/MangoClassify-12/Langra/IMG_20250525_181846.jpg,Langra,/kaggle/working/small/Langra/03370.jpg,9,1176,train
/kaggle/input/datasets/researchersajid/mangoclassify-12-native-mango-dataset-from-bd/MangoClassify-12/Langra/IMG_20250525_181850.jpg,Langra,/kaggle/working/small/Langra/03371.jpg,9,1203,train
/kaggle/input/datasets/researchersajid/mangoclassify-12-native-mango-dataset-from-bd/MangoClassify-12/Langra/IMG_20250525_181857.jpg,Langra,/kaggle/working/small/Langra/03372.jpg,9,1165,test
/kaggle/input/datasets/researchersajid/mangoclassify-12-native-mango-dataset-from-bd/MangoClassify-12/Langra/IMG_20250525_181905.jpg,Langra,/kaggle/working/small/Langra/03373.jpg,9,1164,train
/kaggle/input/datasets/researchersajid/mangoclassify-12-native-mango-dataset-from-bd/MangoClassify-12/Langra/IMG_20250525_181909.jpg,Langra,/kaggle/working/small/Langra/03374.jpg,9,1157,train
/kaggle/input/datasets/researchersajid/mangoclassify-12-native-mango-dataset-from-bd/MangoClassify-12/Langra/IMG_20250525_181915.jpg,Langra,/kaggle/working/small/Langra/03375.jpg,9,1162,train
/kaggle/input/datasets/researchersajid/mangoclassify-12-native-mango-dataset-from-bd/MangoClassify-12/Langra/IMG_20250525_181923.jpg,Langra,/kaggle/working/small/Langra/03376.jpg,9,1162,train
/kaggle/input/datasets/researchersajid/mangoclassify-12-native-mango-dataset-from-bd/MangoClassify-12/Langra/IMG_20250525_181929.jpg,Langra,/kaggle/working/small/Langra/03377.jpg,9,1187,train
/kaggle/input/datasets/researchersajid/mangoclassify-12-native-mango-dataset-from-bd/MangoClassify-12/Langra/IMG_20250525_181934.jpg,Langra,/kaggle/working/small/Langra/03378.jpg,9,1231,val
/kaggle/input/datasets/researchersajid/mangoclassify-12-native-mango-dataset-from-bd/MangoClassify-12/Langra/IMG_20250525_181942.jpg,Langra,/kaggle/working/small/Langra/03379.jpg,9,1162,train
/kaggle/input/datasets/researchersajid/mangoclassify-12-native-mango-dataset-from-bd/MangoClassify-12/Langra/IMG_20250525_181951.jpg,Langra,/kaggle/working/small/Langra/03380.jpg,9,1164,train
/kaggle/input/datasets/researchersajid/mangoclassify-12-native-mango-dataset-from-bd/MangoClassify-12/Langra/IMG_20250525_181956.jpg,Langra,/kaggle/working/small/Langra/03381.jpg,9,1229,train
/kaggle/input/datasets/researchersajid/mangoclassify-12-native-mango-dataset-from-bd/MangoClassify-12/Langra/IMG_20250525_182000.jpg,Langra,/kaggle/working/small/Langra/03382.jpg,9,1241,train
/kaggle/input/datasets/researchersajid/mangoclassify-12-native-mango-dataset-from-bd/MangoClassify-12/Langra/IMG_20250525_182005.jpg,Langra,/kaggle/working/small/Langra/03383.jpg,9,1162,train
/kaggle/input/datasets/researchersajid/mangoclassify-12-native-mango-dataset-from-bd/MangoClassify-12/Langra/IMG_20250525_182014.jpg,Langra,/kaggle/working/small/Langra/03384.jpg,9,1165,test
/kaggle/input/datasets/researchersajid/mangoclassify-12-native-mango-dataset-from-bd/MangoClassify-12/Langra/IMG_20250525_182019.jpg,Langra,/kaggle/working/small/Langra/03385.jpg,9,1270,val
/kaggle/input/datasets/researchersajid/mangoclassify-12-native-mango-dataset-from-bd/MangoClassify-12/Langra/IMG_20250525_182024.jpg,Langra,/kaggle/working/small/Langra/03386.jpg,9,1185,train
/kaggle/input/datasets/researchersajid/mangoclassify-12-native-mango-dataset-from-bd/MangoClassify-12/Langra/IMG_20250525_182031.jpg,Langra,/kaggle/working/small/Langra/03387.jpg,9,1185,train
/kaggle/input/datasets/researchersajid/mangoclassify-12-native-mango-dataset-from-bd/MangoClassify-12/Langra/IMG_20250525_182036.jpg,Langra,/kaggle/working/small/Langra/03388.jpg,9,1316,train
/kaggle/input/datasets/researchersajid/mangoclassify-12-native-mango-dataset-from-bd/MangoClassify-12/Langra/IMG_20250525_182045.jpg,Langra,/kaggle/working/small/Langra/03389.jpg,9,1229,train
/kaggle/input/datasets/researchersajid/mangoclassify-12-native-mango-dataset-from-bd/MangoClassify-12/Langra/IMG_20250525_182052.jpg,Langra,/kaggle/working/small/Langra/03390.jpg,9,1232,train
/kaggle/input/datasets/researchersajid/mangoclassify-12-native-mango-dataset-from-bd/MangoClassify-12/Langra/IMG_20250525_182100.jpg,Langra,/kaggle/working/small/Langra/03391.jpg,9,1229,train
/kaggle/input/datasets/researchersajid/mangoclassify-12-native-mango-dataset-from-bd/MangoClassify-12/Langra/IMG_20250525_182106.jpg,Langra,/kaggle/working/small/Langra/03392.jpg,9,1232,train
/kaggle/input/datasets/researchersajid/mangoclassify-12-native-mango-dataset-from-bd/MangoClassify-12/Langra/IMG_20250525_182113.jpg,Langra,/kaggle/working/small/Langra/03393.jpg,9,1232,train
/kaggle/input/datasets/researchersajid/mangoclassify-12-native-mango-dataset-from-bd/MangoClassify-12/Langra/IMG_20250525_182123.jpg,Langra,/kaggle/working/small/Langra/03394.jpg,9,1158,val
/kaggle/input/datasets/researchersajid/mangoclassify-12-native-mango-dataset-from-bd/MangoClassify-12/Langra/IMG_20250525_182132.jpg,Langra,/kaggle/working/small/Langra/03395.jpg,9,1247,val
/kaggle/input/datasets/researchersajid/mangoclassify-12-native-mango-dataset-from-bd/MangoClassify-12/Langra/IMG_20250525_182138.jpg,Langra,/kaggle/working/small/Langra/03396.jpg,9,1177,val
/kaggle/input/datasets/researchersajid/mangoclassify-12-native-mango-dataset-from-bd/MangoClassify-12/Langra/IMG_20250525_182142.jpg,Langra,/kaggle/working/small/Langra/03397.jpg,9,1151,train
/kaggle/input/datasets/researchersajid/mangoclassify-12-native-mango-dataset-from-bd/MangoClassify-12/Langra/IMG_20250525_182151.jpg,Langra,/kaggle/working/small/Langra/03398.jpg,9,1151,train
/kaggle/input/datasets/researchersajid/mangoclassify-12-native-mango-dataset-from-bd/MangoClassify-12/Langra/IMG_20250525_182155.jpg,Langra,/kaggle/working/small/Langra/03399.jpg,9,1151,train
/kaggle/input/datasets/researchersajid/mangoclassify-12-native-mango-dataset-from-bd/MangoClassify-12/Langra/IMG_20250525_182200.jpg,Langra,/kaggle/working/small/Langra/03400.jpg,9,1145,train
/kaggle/input/datasets/researchersajid/mangoclassify-12-native-mango-dataset-from-bd/MangoClassify-12/Langra/IMG_20250525_182207.jpg,Langra,/kaggle/working/small/Langra/03401.jpg,9,1145,train
/kaggle/input/datasets/researchersajid/mangoclassify-12-native-mango-dataset-from-bd/MangoClassify-12/Langra/IMG_20250525_182217.jpg,Langra,/kaggle/working/small/Langra/03402.jpg,9,1191,train
/kaggle/input/datasets/researchersajid/mangoclassify-12-native-mango-dataset-from-bd/MangoClassify-12/Langra/IMG_20250525_182229.jpg,Langra,/kaggle/working/small/Langra/03403.jpg,9,1157,train
/kaggle/input/datasets/researchersajid/mangoclassify-12-native-mango-dataset-from-bd/MangoClassify-12/Langra/IMG_20250525_182234.jpg,Langra,/kaggle/working/small/Langra/03404.jpg,9,1157,train
/kaggle/input/datasets/researchersajid/mangoclassify-12-native-mango-dataset-from-bd/MangoClassify-12/Langra/IMG_20250525_182239.jpg,Langra,/kaggle/working/small/Langra/03405.jpg,9,1191,train
/kaggle/input/datasets/researchersajid/mangoclassify-12-native-mango-dataset-from-bd/MangoClassify-12/Langra/IMG_20250525_182450.jpg,Langra,/kaggle/working/small/Langra/03406.jpg,9,1157,train
/kaggle/input/datasets/researchersajid/mangoclassify-12-native-mango-dataset-from-bd/MangoClassify-12/Langra/IMG_20250525_182458.jpg,Langra,/kaggle/working/small/Langra/03407.jpg,9,1165,test
/kaggle/input/datasets/researchersajid/mangoclassify-12-native-mango-dataset-from-bd/MangoClassify-12/Langra/IMG_20250525_182504.jpg,Langra,/kaggle/working/small/Langra/03408.jpg,9,1165,test
/kaggle/input/datasets/researchersajid/mangoclassify-12-native-mango-dataset-from-bd/MangoClassify-12/Langra/IMG_20250525_182514.jpg,Langra,/kaggle/working/small/Langra/03409.jpg,9,1231,val
/kaggle/input/datasets/researchersajid/mangoclassify-12-native-mango-dataset-from-bd/MangoClassify-12/Langra/IMG_20250525_182524.jpg,Langra,/kaggle/working/small/Langra/03410.jpg,9,1177,val
/kaggle/input/datasets/researchersajid/mangoclassify-12-native-mango-dataset-from-bd/MangoClassify-12/Langra/IMG_20250610_175046.jpg,Langra,/kaggle/working/small/Langra/03411.jpg,9,1172,test
/kaggle/input/datasets/researchersajid/mangoclassify-12-native-mango-dataset-from-bd/MangoClassify-12/Langra/IMG_20250610_175054.jpg,Langra,/kaggle/working/small/Langra/03412.jpg,9,1189,train
/kaggle/input/datasets/researchersajid/mangoclassify-12-native-mango-dataset-from-bd/MangoClassify-12/Langra/IMG_20250610_175115.jpg,Langra,/kaggle/working/small/Langra/03413.jpg,9,1293,test
/kaggle/input/datasets/researchersajid/mangoclassify-12-native-mango-dataset-from-bd/MangoClassify-12/Langra/IMG_20250610_175124.jpg,Langra,/kaggle/working/small/Langra/03414.jpg,9,1308,val
/kaggle/input/datasets/researchersajid/mangoclassify-12-native-mango-dataset-from-bd/MangoClassify-12/Langra/IMG_20250610_175137.jpg,Langra,/kaggle/working/small/Langra/03415.jpg,9,1161,train
/kaggle/input/datasets/researchersajid/mangoclassify-12-native-mango-dataset-from-bd/MangoClassify-12/Langra/IMG_20250610_175144.jpg,Langra,/kaggle/working/small/Langra/03416.jpg,9,1168,train
/kaggle/input/datasets/researchersajid/mangoclassify-12-native-mango-dataset-from-bd/MangoClassify-12/Langra/IMG_20250610_175150.jpg,Langra,/kaggle/working/small/Langra/03417.jpg,9,1161,train
/kaggle/input/datasets/researchersajid/mangoclassify-12-native-mango-dataset-from-bd/MangoClassify-12/Langra/IMG_20250610_175157.jpg,Langra,/kaggle/working/small/Langra/03418.jpg,9,1161,train
/kaggle/input/datasets/researchersajid/mangoclassify-12-native-mango-dataset-from-bd/MangoClassify-12/Langra/IMG_20250610_175238.jpg,Langra,/kaggle/working/small/Langra/03419.jpg,9,1147,train
/kaggle/input/datasets/researchersajid/mangoclassify-12-native-mango-dataset-from-bd/MangoClassify-12/Langra/IMG_20250610_175250.jpg,Langra,/kaggle/working/small/Langra/03420.jpg,9,1189,train
/kaggle/input/datasets/researchersajid/mangoclassify-12-native-mango-dataset-from-bd/MangoClassify-12/Langra/IMG_20250610_175303.jpg,Langra,/kaggle/working/small/Langra/03421.jpg,9,1189,train
/kaggle/input/datasets/researchersajid/mangoclassify-12-native-mango-dataset-from-bd/MangoClassify-12/Langra/IMG_20250610_175309.jpg,Langra,/kaggle/working/small/Langra/03422.jpg,9,1189,train
/kaggle/input/datasets/researchersajid/mangoclassify-12-native-mango-dataset-from-bd/MangoClassify-12/Langra/IMG_20250610_175351.jpg,Langra,/kaggle/working/small/Langra/03423.jpg,9,1150,train
/kaggle/input/datasets/researchersajid/mangoclassify-12-native-mango-dataset-from-bd/MangoClassify-12/Langra/IMG_20250610_175402.jpg,Langra,/kaggle/working/small/Langra/03424.jpg,9,1168,train
/kaggle/input/datasets/researchersajid/mangoclassify-12-native-mango-dataset-from-bd/MangoClassify-12/Langra/IMG_20250610_175410.jpg,Langra,/kaggle/working/small/Langra/03425.jpg,9,1161,train
/kaggle/input/datasets/researchersajid/mangoclassify-12-native-mango-dataset-from-bd/MangoClassify-12/Langra/IMG_20250610_175417.jpg,Langra,/kaggle/working/small/Langra/03426.jpg,9,1168,train
/kaggle/input/datasets/researchersajid/mangoclassify-12-native-mango-dataset-from-bd/MangoClassify-12/Langra/IMG_20250610_175434.jpg,Langra,/kaggle/working/small/Langra/03427.jpg,9,1147,train
/kaggle/input/datasets/researchersajid/mangoclassify-12-native-mango-dataset-from-bd/MangoClassify-12/Langra/IMG_20250610_175441.jpg,Langra,/kaggle/working/small/Langra/03428.jpg,9,1189,train
/kaggle/input/datasets/researchersajid/mangoclassify-12-native-mango-dataset-from-bd/MangoClassify-12/Langra/IMG_20250610_175452.jpg,Langra,/kaggle/working/small/Langra/03429.jpg,9,1255,train
/kaggle/input/datasets/researchersajid/mangoclassify-12-native-mango-dataset-from-bd/MangoClassify-12/Langra/IMG_20250610_175501.jpg,Langra,/kaggle/working/small/Langra/03430.jpg,9,1150,train
/kaggle/input/datasets/researchersajid/mangoclassify-12-native-mango-dataset-from-bd/MangoClassify-12/Langra/IMG_20250610_175530.jpg,Langra,/kaggle/working/small/Langra/03431.jpg,9,1209,train
/kaggle/input/datasets/researchersajid/mangoclassify-12-native-mango-dataset-from-bd/MangoClassify-12/Langra/IMG_20250610_175537.jpg,Langra,/kaggle/working/small/Langra/03432.jpg,9,1147,train
/kaggle/input/datasets/researchersajid/mangoclassify-12-native-mango-dataset-from-bd/MangoClassify-12/Langra/IMG_20250610_175543.jpg,Langra,/kaggle/working/small/Langra/03433.jpg,9,1150,train
/kaggle/input/datasets/researchersajid/mangoclassify-12-native-mango-dataset-from-bd/MangoClassify-12/Langra/IMG_20250610_175553.jpg,Langra,/kaggle/working/small/Langra/03434.jpg,9,1189,train
/kaggle/input/datasets/researchersajid/mangoclassify-12-native-mango-dataset-from-bd/MangoClassify-12/Langra/IMG_20250610_175604.jpg,Langra,/kaggle/working/small/Langra/03435.jpg,9,1279,train
/kaggle/input/datasets/researchersajid/mangoclassify-12-native-mango-dataset-from-bd/MangoClassify-12/Langra/IMG_20250610_175612.jpg,Langra,/kaggle/working/small/Langra/03436.jpg,9,1190,val
/kaggle/input/datasets/researchersajid/mangoclassify-12-native-mango-dataset-from-bd/MangoClassify-12/Langra/IMG_20250610_175628.jpg,Langra,/kaggle/working/small/Langra/03437.jpg,9,1147,train
/kaggle/input/datasets/researchersajid/mangoclassify-12-native-mango-dataset-from-bd/MangoClassify-12/Langra/IMG_20250610_175636.jpg,Langra,/kaggle/working/small/Langra/03438.jpg,9,1250,train
/kaggle/input/datasets/researchersajid/mangoclassify-12-native-mango-dataset-from-bd/MangoClassify-12/Langra/IMG_20250610_175700.jpg,Langra,/kaggle/working/small/Langra/03439.jpg,9,1168,train
/kaggle/input/datasets/researchersajid/mangoclassify-12-native-mango-dataset-from-bd/MangoClassify-12/Langra/IMG_20250610_175717.jpg,Langra,/kaggle/working/small/Langra/03440.jpg,9,1224,train
/kaggle/input/datasets/researchersajid/mangoclassify-12-native-mango-dataset-from-bd/MangoClassify-12/Langra/IMG_20250610_175727.jpg,Langra,/kaggle/working/small/Langra/03441.jpg,9,1224,train
/kaggle/input/datasets/researchersajid/mangoclassify-12-native-mango-dataset-from-bd/MangoClassify-12/Langra/IMG_20250610_175742.jpg,Langra,/kaggle/working/small/Langra/03442.jpg,9,1283,train
/kaggle/input/datasets/researchersajid/mangoclassify-12-native-mango-dataset-from-bd/MangoClassify-12/Langra/IMG_20250610_175748.jpg,Langra,/kaggle/working/small/Langra/03443.jpg,9,1224,train
/kaggle/input/datasets/researchersajid/mangoclassify-12-native-mango-dataset-from-bd/MangoClassify-12/Langra/IMG_20250610_175758.jpg,Langra,/kaggle/working/small/Langra/03444.jpg,9,1189,train
/kaggle/input/datasets/researchersajid/mangoclassify-12-native-mango-dataset-from-bd/MangoClassify-12/Langra/IMG_20250610_175804.jpg,Langra,/kaggle/working/small/Langra/03445.jpg,9,1156,train
/kaggle/input/datasets/researchersajid/mangoclassify-12-native-mango-dataset-from-bd/MangoClassify-12/Langra/IMG_20250610_175810.jpg,Langra,/kaggle/working/small/Langra/03446.jpg,9,1147,train
/kaggle/input/datasets/researchersajid/mangoclassify-12-native-mango-dataset-from-bd/MangoClassify-12/Langra/IMG_20250610_175816.jpg,Langra,/kaggle/working/small/Langra/03447.jpg,9,1287,val
/kaggle/input/datasets/researchersajid/mangoclassify-12-native-mango-dataset-from-bd/MangoClassify-12/Langra/IMG_20250610_175825.jpg,Langra,/kaggle/working/small/Langra/03448.jpg,9,1189,train
/kaggle/input/datasets/researchersajid/mangoclassify-12-native-mango-dataset-from-bd/MangoClassify-12/Langra/IMG_20250610_175832.jpg,Langra,/kaggle/working/small/Langra/03449.jpg,9,1189,train
/kaggle/input/datasets/researchersajid/mangoclassify-12-native-mango-dataset-from-bd/MangoClassify-12/Langra/IMG_20250610_175839.jpg,Langra,/kaggle/working/small/Langra/03450.jpg,9,1161,train
/kaggle/input/datasets/researchersajid/mangoclassify-12-native-mango-dataset-from-bd/MangoClassify-12/Langra/IMG_20250610_175847.jpg,Langra,/kaggle/working/small/Langra/03451.jpg,9,1161,train
/kaggle/input/datasets/researchersajid/mangoclassify-12-native-mango-dataset-from-bd/MangoClassify-12/Langra/IMG_20250610_175857.jpg,Langra,/kaggle/working/small/Langra/03452.jpg,9,1189,train
/kaggle/input/datasets/researchersajid/mangoclassify-12-native-mango-dataset-from-bd/MangoClassify-12/Langra/IMG_20250610_175903.jpg,Langra,/kaggle/working/small/Langra/03453.jpg,9,1243,train
/kaggle/input/datasets/researchersajid/mangoclassify-12-native-mango-dataset-from-bd/MangoClassify-12/Langra/IMG_20250610_175909.jpg,Langra,/kaggle/working/small/Langra/03454.jpg,9,1249,val
/kaggle/input/datasets/researchersajid/mangoclassify-12-native-mango-dataset-from-bd/MangoClassify-12/Langra/IMG_20250610_175915.jpg,Langra,/kaggle/working/small/Langra/03455.jpg,9,1293,test
/kaggle/input/datasets/researchersajid/mangoclassify-12-native-mango-dataset-from-bd/MangoClassify-12/Langra/IMG_20250610_175925.jpg,Langra,/kaggle/working/small/Langra/03456.jpg,9,1147,train
/kaggle/input/datasets/researchersajid/mangoclassify-12-native-mango-dataset-from-bd/MangoClassify-12/Langra/IMG_20250610_175931.jpg,Langra,/kaggle/working/small/Langra/03457.jpg,9,1189,train
/kaggle/input/datasets/researchersajid/mangoclassify-12-native-mango-dataset-from-bd/MangoClassify-12/Langra/IMG_20250610_175940.jpg,Langra,/kaggle/working/small/Langra/03458.jpg,9,1189,train
/kaggle/input/datasets/researchersajid/mangoclassify-12-native-mango-dataset-from-bd/MangoClassify-12/Langra/IMG_20250610_175946.jpg,Langra,/kaggle/working/small/Langra/03459.jpg,9,1147,train
/kaggle/input/datasets/researchersajid/mangoclassify-12-native-mango-dataset-from-bd/MangoClassify-12/Langra/IMG_20250610_175955.jpg,Langra,/kaggle/working/small/Langra/03460.jpg,9,1145,train
/kaggle/input/datasets/researchersajid/mangoclassify-12-native-mango-dataset-from-bd/MangoClassify-12/Langra/IMG_20250610_180000.jpg,Langra,/kaggle/working/small/Langra/03461.jpg,9,1150,train
/kaggle/input/datasets/researchersajid/mangoclassify-12-native-mango-dataset-from-bd/MangoClassify-12/Langra/IMG_20250628_172845.jpg,Langra,/kaggle/working/small/Langra/03462.jpg,9,1143,train
/kaggle/input/datasets/researchersajid/mangoclassify-12-native-mango-dataset-from-bd/MangoClassify-12/Langra/IMG_20250628_172849.jpg,Langra,/kaggle/working/small/Langra/03463.jpg,9,1143,train
/kaggle/input/datasets/researchersajid/mangoclassify-12-native-mango-dataset-from-bd/MangoClassify-12/Langra/IMG_20250628_172852.jpg,Langra,/kaggle/working/small/Langra/03464.jpg,9,1143,train
/kaggle/input/datasets/researchersajid/mangoclassify-12-native-mango-dataset-from-bd/MangoClassify-12/Langra/IMG_20250628_172856.jpg,Langra,/kaggle/working/small/Langra/03465.jpg,9,1272,val
/kaggle/input/datasets/researchersajid/mangoclassify-12-native-mango-dataset-from-bd/MangoClassify-12/Langra/IMG_20250628_172900.jpg,Langra,/kaggle/working/small/Langra/03466.jpg,9,1196,train
/kaggle/input/datasets/researchersajid/mangoclassify-12-native-mango-dataset-from-bd/MangoClassify-12/Langra/IMG_20250628_172906.jpg,Langra,/kaggle/working/small/Langra/03467.jpg,9,1143,train
/kaggle/input/datasets/researchersajid/mangoclassify-12-native-mango-dataset-from-bd/MangoClassify-12/Langra/IMG_20250628_172918.jpg,Langra,/kaggle/working/small/Langra/03468.jpg,9,1278,train
/kaggle/input/datasets/researchersajid/mangoclassify-12-native-mango-dataset-from-bd/MangoClassify-12/Langra/IMG_20250628_172922.jpg,Langra,/kaggle/working/small/Langra/03469.jpg,9,1153,test
/kaggle/input/datasets/researchersajid/mangoclassify-12-native-mango-dataset-from-bd/MangoClassify-12/Langra/IMG_20250628_172926.jpg,Langra,/kaggle/working/small/Langra/03470.jpg,9,1194,val
/kaggle/input/datasets/researchersajid/mangoclassify-12-native-mango-dataset-from-bd/MangoClassify-12/Langra/IMG_20250628_172930.jpg,Langra,/kaggle/working/small/Langra/03471.jpg,9,1194,val
/kaggle/input/datasets/researchersajid/mangoclassify-12-native-mango-dataset-from-bd/MangoClassify-12/Langra/IMG_20250628_172936.jpg,Langra,/kaggle/working/small/Langra/03472.jpg,9,1194,val
/kaggle/input/datasets/researchersajid/mangoclassify-12-native-mango-dataset-from-bd/MangoClassify-12/Langra/IMG_20250628_172940.jpg,Langra,/kaggle/working/small/Langra/03473.jpg,9,1262,train
/kaggle/input/datasets/researchersajid/mangoclassify-12-native-mango-dataset-from-bd/MangoClassify-12/Langra/IMG_20250628_172951.jpg,Langra,/kaggle/working/small/Langra/03474.jpg,9,1160,test
/kaggle/input/datasets/researchersajid/mangoclassify-12-native-mango-dataset-from-bd/MangoClassify-12/Langra/IMG_20250628_172954.jpg,Langra,/kaggle/working/small/Langra/03475.jpg,9,1152,val
/kaggle/input/datasets/researchersajid/mangoclassify-12-native-mango-dataset-from-bd/MangoClassify-12/Langra/IMG_20250628_172959.jpg,Langra,/kaggle/working/small/Langra/03476.jpg,9,1170,train
/kaggle/input/datasets/researchersajid/mangoclassify-12-native-mango-dataset-from-bd/MangoClassify-12/Langra/IMG_20250628_173004.jpg,Langra,/kaggle/working/small/Langra/03477.jpg,9,1183,test
/kaggle/input/datasets/researchersajid/mangoclassify-12-native-mango-dataset-from-bd/MangoClassify-12/Langra/IMG_20250628_173010.jpg,Langra,/kaggle/working/small/Langra/03478.jpg,9,1143,train
/kaggle/input/datasets/researchersajid/mangoclassify-12-native-mango-dataset-from-bd/MangoClassify-12/Langra/IMG_20250628_173017.jpg,Langra,/kaggle/working/small/Langra/03479.jpg,9,1160,test
/kaggle/input/datasets/researchersajid/mangoclassify-12-native-mango-dataset-from-bd/MangoClassify-12/Langra/IMG_20250628_173029.jpg,Langra,/kaggle/working/small/Langra/03480.jpg,9,1152,val
/kaggle/input/datasets/researchersajid/mangoclassify-12-native-mango-dataset-from-bd/MangoClassify-12/Langra/IMG_20250628_173033.jpg,Langra,/kaggle/working/small/Langra/03481.jpg,9,1152,val
/kaggle/input/datasets/researchersajid/mangoclassify-12-native-mango-dataset-from-bd/MangoClassify-12/Langra/IMG_20250628_173039.jpg,Langra,/kaggle/working/small/Langra/03482.jpg,9,1145,train
/kaggle/input/datasets/researchersajid/mangoclassify-12-native-mango-dataset-from-bd/MangoClassify-12/Langra/IMG_20250628_173043.jpg,Langra,/kaggle/working/small/Langra/03483.jpg,9,1152,val
/kaggle/input/datasets/researchersajid/mangoclassify-12-native-mango-dataset-from-bd/MangoClassify-12/Langra/IMG_20250628_173046.jpg,Langra,/kaggle/working/small/Langra/03484.jpg,9,1206,train
/kaggle/input/datasets/researchersajid/mangoclassify-12-native-mango-dataset-from-bd/MangoClassify-12/Langra/IMG_20250628_173100.jpg,Langra,/kaggle/working/small/Langra/03485.jpg,9,1199,train
/kaggle/input/datasets/researchersajid/mangoclassify-12-native-mango-dataset-from-bd/MangoClassify-12/Langra/IMG_20250628_173104.jpg,Langra,/kaggle/working/small/Langra/03486.jpg,9,1170,train
/kaggle/input/datasets/researchersajid/mangoclassify-12-native-mango-dataset-from-bd/MangoClassify-12/Langra/IMG_20250628_173109.jpg,Langra,/kaggle/working/small/Langra/03487.jpg,9,1170,train
/kaggle/input/datasets/researchersajid/mangoclassify-12-native-mango-dataset-from-bd/MangoClassify-12/Langra/IMG_20250628_173112.jpg,Langra,/kaggle/working/small/Langra/03488.jpg,9,1152,val
/kaggle/input/datasets/researchersajid/mangoclassify-12-native-mango-dataset-from-bd/MangoClassify-12/Langra/IMG_20250628_173116.jpg,Langra,/kaggle/working/small/Langra/03489.jpg,9,1152,val
/kaggle/input/datasets/researchersajid/mangoclassify-12-native-mango-dataset-from-bd/MangoClassify-12/Langra/IMG_20250628_173125.jpg,Langra,/kaggle/working/small/Langra/03490.jpg,9,1199,train
/kaggle/input/datasets/researchersajid/mangoclassify-12-native-mango-dataset-from-bd/MangoClassify-12/Langra/IMG_20250628_173147.jpg,Langra,/kaggle/working/small/Langra/03491.jpg,9,1149,train
/kaggle/input/datasets/researchersajid/mangoclassify-12-native-mango-dataset-from-bd/MangoClassify-12/Langra/IMG_20250628_173152.jpg,Langra,/kaggle/working/small/Langra/03492.jpg,9,1149,train
/kaggle/input/datasets/researchersajid/mangoclassify-12-native-mango-dataset-from-bd/MangoClassify-12/Langra/IMG_20250628_173156.jpg,Langra,/kaggle/working/small/Langra/03493.jpg,9,1292,train
/kaggle/input/datasets/researchersajid/mangoclassify-12-native-mango-dataset-from-bd/MangoClassify-12/Langra/IMG_20250628_173200.jpg,Langra,/kaggle/working/small/Langra/03494.jpg,9,1183,test
/kaggle/input/datasets/researchersajid/mangoclassify-12-native-mango-dataset-from-bd/MangoClassify-12/Langra/IMG_20250628_173204.jpg,Langra,/kaggle/working/small/Langra/03495.jpg,9,1183,test
/kaggle/input/datasets/researchersajid/mangoclassify-12-native-mango-dataset-from-bd/MangoClassify-12/Langra/IMG_20250628_173230.jpg,Langra,/kaggle/working/small/Langra/03496.jpg,9,1153,test
/kaggle/input/datasets/researchersajid/mangoclassify-12-native-mango-dataset-from-bd/MangoClassify-12/Langra/IMG_20250628_173233.jpg,Langra,/kaggle/working/small/Langra/03497.jpg,9,1152,val
/kaggle/input/datasets/researchersajid/mangoclassify-12-native-mango-dataset-from-bd/MangoClassify-12/Langra/IMG_20250628_173237.jpg,Langra,/kaggle/working/small/Langra/03498.jpg,9,1206,train
/kaggle/input/datasets/researchersajid/mangoclassify-12-native-mango-dataset-from-bd/MangoClassify-12/Langra/IMG_20250628_173242.jpg,Langra,/kaggle/working/small/Langra/03499.jpg,9,1183,test
/kaggle/input/datasets/researchersajid/mangoclassify-12-native-mango-dataset-from-bd/MangoClassify-12/Langra/IMG_20250628_173247.jpg,Langra,/kaggle/working/small/Langra/03500.jpg,9,1292,train
/kaggle/input/datasets/researchersajid/mangoclassify-12-native-mango-dataset-from-bd/MangoClassify-12/Langra/IMG_20250628_173307.jpg,Langra,/kaggle/working/small/Langra/03501.jpg,9,1152,val
/kaggle/input/datasets/researchersajid/mangoclassify-12-native-mango-dataset-from-bd/MangoClassify-12/Langra/IMG_20250628_173311.jpg,Langra,/kaggle/working/small/Langra/03502.jpg,9,1220,train
/kaggle/input/datasets/researchersajid/mangoclassify-12-native-mango-dataset-from-bd/MangoClassify-12/Langra/IMG_20250628_173314.jpg,Langra,/kaggle/working/small/Langra/03503.jpg,9,1314,train
/kaggle/input/datasets/researchersajid/mangoclassify-12-native-mango-dataset-from-bd/MangoClassify-12/Langra/IMG_20250628_173318.jpg,Langra,/kaggle/working/small/Langra/03504.jpg,9,1206,train
/kaggle/input/datasets/researchersajid/mangoclassify-12-native-mango-dataset-from-bd/MangoClassify-12/Langra/IMG_20250628_173332.jpg,Langra,/kaggle/working/small/Langra/03505.jpg,9,1143,train
/kaggle/input/datasets/researchersajid/mangoclassify-12-native-mango-dataset-from-bd/MangoClassify-12/Langra/IMG_20250628_173344.jpg,Langra,/kaggle/working/small/Langra/03506.jpg,9,1152,val
/kaggle/input/datasets/researchersajid/mangoclassify-12-native-mango-dataset-from-bd/MangoClassify-12/Langra/IMG_20250628_173347.jpg,Langra,/kaggle/working/small/Langra/03507.jpg,9,1143,train
/kaggle/input/datasets/researchersajid/mangoclassify-12-native-mango-dataset-from-bd/MangoClassify-12/Langra/IMG_20250628_173351.jpg,Langra,/kaggle/working/small/Langra/03508.jpg,9,1160,test
/kaggle/input/datasets/researchersajid/mangoclassify-12-native-mango-dataset-from-bd/MangoClassify-12/Langra/IMG_20250628_173356.jpg,Langra,/kaggle/working/small/Langra/03509.jpg,9,1183,test
/kaggle/input/datasets/researchersajid/mangoclassify-12-native-mango-dataset-from-bd/MangoClassify-12/Langra/IMG_20250628_173417.jpg,Langra,/kaggle/working/small/Langra/03510.jpg,9,1258,train
/kaggle/input/datasets/researchersajid/mangoclassify-12-native-mango-dataset-from-bd/MangoClassify-12/Langra/IMG_20250628_173421.jpg,Langra,/kaggle/working/small/Langra/03511.jpg,9,1220,train
/kaggle/input/datasets/researchersajid/mangoclassify-12-native-mango-dataset-from-bd/MangoClassify-12/Langra/IMG_20250628_173425.jpg,Langra,/kaggle/working/small/Langra/03512.jpg,9,1284,train
/kaggle/input/datasets/researchersajid/mangoclassify-12-native-mango-dataset-from-bd/MangoClassify-12/Langra/IMG_20250628_173429.jpg,Langra,/kaggle/working/small/Langra/03513.jpg,9,1153,test
/kaggle/input/datasets/researchersajid/mangoclassify-12-native-mango-dataset-from-bd/MangoClassify-12/Langra/IMG_20250628_173433.jpg,Langra,/kaggle/working/small/Langra/03514.jpg,9,1153,test
/kaggle/input/datasets/researchersajid/mangoclassify-12-native-mango-dataset-from-bd/MangoClassify-12/Langra/IMG_20250628_173438.jpg,Langra,/kaggle/working/small/Langra/03515.jpg,9,1220,train
/kaggle/input/datasets/researchersajid/mangoclassify-12-native-mango-dataset-from-bd/MangoClassify-12/Langra/IMG_20250628_173456.jpg,Langra,/kaggle/working/small/Langra/03516.jpg,9,1273,train
/kaggle/input/datasets/researchersajid/mangoclassify-12-native-mango-dataset-from-bd/MangoClassify-12/Langra/IMG_20250628_173500.jpg,Langra,/kaggle/working/small/Langra/03517.jpg,9,1300,test
/kaggle/input/datasets/researchersajid/mangoclassify-12-native-mango-dataset-from-bd/MangoClassify-12/Langra/IMG_20250628_173506.jpg,Langra,/kaggle/working/small/Langra/03518.jpg,9,1311,train
/kaggle/input/datasets/researchersajid/mangoclassify-12-native-mango-dataset-from-bd/MangoClassify-12/Langra/IMG_20250628_173512.jpg,Langra,/kaggle/working/small/Langra/03519.jpg,9,1152,val
/kaggle/input/datasets/researchersajid/mangoclassify-12-native-mango-dataset-from-bd/MangoClassify-12/Langra/IMG_20250628_173516.jpg,Langra,/kaggle/working/small/Langra/03520.jpg,9,1183,test
/kaggle/input/datasets/researchersajid/mangoclassify-12-native-mango-dataset-from-bd/MangoClassify-12/Langra/IMG_20250628_173520.jpg,Langra,/kaggle/working/small/Langra/03521.jpg,9,1155,train
/kaggle/input/datasets/researchersajid/mangoclassify-12-native-mango-dataset-from-bd/MangoClassify-12/Langra/IMG_20250628_173524.jpg,Langra,/kaggle/working/small/Langra/03522.jpg,9,1143,train
/kaggle/input/datasets/researchersajid/mangoclassify-12-native-mango-dataset-from-bd/MangoClassify-12/Langra/IMG_20250628_180458.jpg,Langra,/kaggle/working/small/Langra/03523.jpg,9,1178,train
/kaggle/input/datasets/researchersajid/mangoclassify-12-native-mango-dataset-from-bd/MangoClassify-12/Langra/IMG_20250628_180502.jpg,Langra,/kaggle/working/small/Langra/03524.jpg,9,1228,test
/kaggle/input/datasets/researchersajid/mangoclassify-12-native-mango-dataset-from-bd/MangoClassify-12/Langra/IMG_20250628_180506.jpg,Langra,/kaggle/working/small/Langra/03525.jpg,9,1228,test
/kaggle/input/datasets/researchersajid/mangoclassify-12-native-mango-dataset-from-bd/MangoClassify-12/Langra/IMG_20250628_180510.jpg,Langra,/kaggle/working/small/Langra/03526.jpg,9,1155,train
/kaggle/input/datasets/researchersajid/mangoclassify-12-native-mango-dataset-from-bd/MangoClassify-12/Langra/IMG_20250628_180514.jpg,Langra,/kaggle/working/small/Langra/03527.jpg,9,1290,train
/kaggle/input/datasets/researchersajid/mangoclassify-12-native-mango-dataset-from-bd/MangoClassify-12/Langra/IMG_20250628_180539.jpg,Langra,/kaggle/working/small/Langra/03528.jpg,9,1226,test
/kaggle/input/datasets/researchersajid/mangoclassify-12-native-mango-dataset-from-bd/MangoClassify-12/Langra/IMG_20250628_180544.jpg,Langra,/kaggle/working/small/Langra/03529.jpg,9,1285,train
/kaggle/input/datasets/researchersajid/mangoclassify-12-native-mango-dataset-from-bd/MangoClassify-12/Langra/IMG_20250628_180549.jpg,Langra,/kaggle/working/small/Langra/03530.jpg,9,1180,train
/kaggle/input/datasets/researchersajid/mangoclassify-12-native-mango-dataset-from-bd/MangoClassify-12/Langra/IMG_20250628_180553.jpg,Langra,/kaggle/working/small/Langra/03531.jpg,9,1192,train
/kaggle/input/datasets/researchersajid/mangoclassify-12-native-mango-dataset-from-bd/MangoClassify-12/Langra/IMG_20250628_180558.jpg,Langra,/kaggle/working/small/Langra/03532.jpg,9,1226,test
/kaggle/input/datasets/researchersajid/mangoclassify-12-native-mango-dataset-from-bd/MangoClassify-12/Langra/IMG_20250628_180610.jpg,Langra,/kaggle/working/small/Langra/03533.jpg,9,1205,val
/kaggle/input/datasets/researchersajid/mangoclassify-12-native-mango-dataset-from-bd/MangoClassify-12/Langra/IMG_20250628_180615.jpg,Langra,/kaggle/working/small/Langra/03534.jpg,9,1296,val
/kaggle/input/datasets/researchersajid/mangoclassify-12-native-mango-dataset-from-bd/MangoClassify-12/Langra/IMG_20250628_180619.jpg,Langra,/kaggle/working/small/Langra/03535.jpg,9,1301,train
/kaggle/input/datasets/researchersajid/mangoclassify-12-native-mango-dataset-from-bd/MangoClassify-12/Langra/IMG_20250628_180625.jpg,Langra,/kaggle/working/small/Langra/03536.jpg,9,1205,val
/kaggle/input/datasets/researchersajid/mangoclassify-12-native-mango-dataset-from-bd/MangoClassify-12/Langra/IMG_20250628_180630.jpg,Langra,/kaggle/working/small/Langra/03537.jpg,9,1182,val
/kaggle/input/datasets/researchersajid/mangoclassify-12-native-mango-dataset-from-bd/MangoClassify-12/Langra/IMG_20250628_180645.jpg,Langra,/kaggle/working/small/Langra/03538.jpg,9,1212,test
/kaggle/input/datasets/researchersajid/mangoclassify-12-native-mango-dataset-from-bd/MangoClassify-12/Langra/IMG_20250628_180704.jpg,Langra,/kaggle/working/small/Langra/03539.jpg,9,1163,train
/kaggle/input/datasets/researchersajid/mangoclassify-12-native-mango-dataset-from-bd/MangoClassify-12/Langra/IMG_20250628_180711.jpg,Langra,/kaggle/working/small/Langra/03540.jpg,9,1256,train
/kaggle/input/datasets/researchersajid/mangoclassify-12-native-mango-dataset-from-bd/MangoClassify-12/Langra/IMG_20250628_180716.jpg,Langra,/kaggle/working/small/Langra/03541.jpg,9,1318,val
/kaggle/input/datasets/researchersajid/mangoclassify-12-native-mango-dataset-from-bd/MangoClassify-12/Langra/IMG_20250628_180722.jpg,Langra,/kaggle/working/small/Langra/03542.jpg,9,1207,train
/kaggle/input/datasets/researchersajid/mangoclassify-12-native-mango-dataset-from-bd/MangoClassify-12/Langra/IMG_20250628_180730.jpg,Langra,/kaggle/working/small/Langra/03543.jpg,9,1256,train
/kaggle/input/datasets/researchersajid/mangoclassify-12-native-mango-dataset-from-bd/MangoClassify-12/Langra/IMG_20250628_180750.jpg,Langra,/kaggle/working/small/Langra/03544.jpg,9,1280,train
/kaggle/input/datasets/researchersajid/mangoclassify-12-native-mango-dataset-from-bd/MangoClassify-12/Langra/IMG_20250628_180755.jpg,Langra,/kaggle/working/small/Langra/03545.jpg,9,1182,val
/kaggle/input/datasets/researchersajid/mangoclassify-12-native-mango-dataset-from-bd/MangoClassify-12/Langra/IMG_20250628_180759.jpg,Langra,/kaggle/working/small/Langra/03546.jpg,9,1182,val
/kaggle/input/datasets/researchersajid/mangoclassify-12-native-mango-dataset-from-bd/MangoClassify-12/Langra/IMG_20250628_180805.jpg,Langra,/kaggle/working/small/Langra/03547.jpg,9,1182,val
/kaggle/input/datasets/researchersajid/mangoclassify-12-native-mango-dataset-from-bd/MangoClassify-12/Langra/IMG_20250628_180812.jpg,Langra,/kaggle/working/small/Langra/03548.jpg,9,1321,train
/kaggle/input/datasets/researchersajid/mangoclassify-12-native-mango-dataset-from-bd/MangoClassify-12/Langra/IMG_20250628_180839.jpg,Langra,/kaggle/working/small/Langra/03549.jpg,9,1303,train
/kaggle/input/datasets/researchersajid/mangoclassify-12-native-mango-dataset-from-bd/MangoClassify-12/Langra/IMG_20250628_180844.jpg,Langra,/kaggle/working/small/Langra/03550.jpg,9,1303,train
/kaggle/input/datasets/researchersajid/mangoclassify-12-native-mango-dataset-from-bd/MangoClassify-12/Langra/IMG_20250628_180848.jpg,Langra,/kaggle/working/small/Langra/03551.jpg,9,1271,train
/kaggle/input/datasets/researchersajid/mangoclassify-12-native-mango-dataset-from-bd/MangoClassify-12/Langra/IMG_20250628_180852.jpg,Langra,/kaggle/working/small/Langra/03552.jpg,9,1236,train
/kaggle/input/datasets/researchersajid/mangoclassify-12-native-mango-dataset-from-bd/MangoClassify-12/Langra/IMG_20250628_180857.jpg,Langra,/kaggle/working/small/Langra/03553.jpg,9,1295,train
/kaggle/input/datasets/researchersajid/mangoclassify-12-native-mango-dataset-from-bd/MangoClassify-12/Langra/IMG_20250628_180902.jpg,Langra,/kaggle/working/small/Langra/03554.jpg,9,1230,train
/kaggle/input/datasets/researchersajid/mangoclassify-12-native-mango-dataset-from-bd/MangoClassify-12/Langra/IMG_20250628_180918.jpg,Langra,/kaggle/working/small/Langra/03555.jpg,9,1195,test
/kaggle/input/datasets/researchersajid/mangoclassify-12-native-mango-dataset-from-bd/MangoClassify-12/Langra/IMG_20250628_180922.jpg,Langra,/kaggle/working/small/Langra/03556.jpg,9,1180,train
/kaggle/input/datasets/researchersajid/mangoclassify-12-native-mango-dataset-from-bd/MangoClassify-12/Langra/IMG_20250628_180926.jpg,Langra,/kaggle/working/small/Langra/03557.jpg,9,1180,train
/kaggle/input/datasets/researchersajid/mangoclassify-12-native-mango-dataset-from-bd/MangoClassify-12/Langra/IMG_20250628_180930.jpg,Langra,/kaggle/working/small/Langra/03558.jpg,9,1180,train
/kaggle/input/datasets/researchersajid/mangoclassify-12-native-mango-dataset-from-bd/MangoClassify-12/Langra/IMG_20250628_180935.jpg,Langra,/kaggle/working/small/Langra/03559.jpg,9,1195,test
/kaggle/input/datasets/researchersajid/mangoclassify-12-native-mango-dataset-from-bd/MangoClassify-12/Langra/IMG_20250628_180950.jpg,Langra,/kaggle/working/small/Langra/03560.jpg,9,1307,test
/kaggle/input/datasets/researchersajid/mangoclassify-12-native-mango-dataset-from-bd/MangoClassify-12/Langra/IMG_20250628_180954.jpg,Langra,/kaggle/working/small/Langra/03561.jpg,9,1226,test
/kaggle/input/datasets/researchersajid/mangoclassify-12-native-mango-dataset-from-bd/MangoClassify-12/Langra/IMG_20250628_181000.jpg,Langra,/kaggle/working/small/Langra/03562.jpg,9,1281,train
/kaggle/input/datasets/researchersajid/mangoclassify-12-native-mango-dataset-from-bd/MangoClassify-12/Langra/IMG_20250628_181005.jpg,Langra,/kaggle/working/small/Langra/03563.jpg,9,1180,train
/kaggle/input/datasets/researchersajid/mangoclassify-12-native-mango-dataset-from-bd/MangoClassify-12/Langra/IMG_20250628_181010.jpg,Langra,/kaggle/working/small/Langra/03564.jpg,9,1182,val
/kaggle/input/datasets/researchersajid/mangoclassify-12-native-mango-dataset-from-bd/MangoClassify-12/Langra/IMG_20250628_181028.jpg,Langra,/kaggle/working/small/Langra/03565.jpg,9,1163,train
/kaggle/input/datasets/researchersajid/mangoclassify-12-native-mango-dataset-from-bd/MangoClassify-12/Langra/IMG_20250628_181032.jpg,Langra,/kaggle/working/small/Langra/03566.jpg,9,1309,test
/kaggle/input/datasets/researchersajid/mangoclassify-12-native-mango-dataset-from-bd/MangoClassify-12/Langra/IMG_20250628_181036.jpg,Langra,/kaggle/working/small/Langra/03567.jpg,9,1309,test
/kaggle/input/datasets/researchersajid/mangoclassify-12-native-mango-dataset-from-bd/MangoClassify-12/Langra/IMG_20250628_181041.jpg,Langra,/kaggle/working/small/Langra/03568.jpg,9,1298,val
/kaggle/input/datasets/researchersajid/mangoclassify-12-native-mango-dataset-from-bd/MangoClassify-12/Langra/IMG_20250628_181047.jpg,Langra,/kaggle/working/small/Langra/03569.jpg,9,1298,val
/kaggle/input/datasets/researchersajid/mangoclassify-12-native-mango-dataset-from-bd/MangoClassify-12/Langra/IMG_20250628_181055.jpg,Langra,/kaggle/working/small/Langra/03570.jpg,9,1163,train
/kaggle/input/datasets/researchersajid/mangoclassify-12-native-mango-dataset-from-bd/MangoClassify-12/Langra/IMG_20250628_181243.jpg,Langra,/kaggle/working/small/Langra/03571.jpg,9,1200,val
/kaggle/input/datasets/researchersajid/mangoclassify-12-native-mango-dataset-from-bd/MangoClassify-12/Langra/IMG_20250628_181249.jpg,Langra,/kaggle/working/small/Langra/03572.jpg,9,1200,val
/kaggle/input/datasets/researchersajid/mangoclassify-12-native-mango-dataset-from-bd/MangoClassify-12/Langra/IMG_20250628_181253.jpg,Langra,/kaggle/working/small/Langra/03573.jpg,9,1179,train
/kaggle/input/datasets/researchersajid/mangoclassify-12-native-mango-dataset-from-bd/MangoClassify-12/Langra/IMG_20250628_181256.jpg,Langra,/kaggle/working/small/Langra/03574.jpg,9,1179,train
/kaggle/input/datasets/researchersajid/mangoclassify-12-native-mango-dataset-from-bd/MangoClassify-12/Langra/IMG_20250628_181300.jpg,Langra,/kaggle/working/small/Langra/03575.jpg,9,1235,train
/kaggle/input/datasets/researchersajid/mangoclassify-12-native-mango-dataset-from-bd/MangoClassify-12/Langra/IMG_20250628_181314.jpg,Langra,/kaggle/working/small/Langra/03576.jpg,9,1260,train
/kaggle/input/datasets/researchersajid/mangoclassify-12-native-mango-dataset-from-bd/MangoClassify-12/Langra/IMG_20250628_181319.jpg,Langra,/kaggle/working/small/Langra/03577.jpg,9,1260,train
/kaggle/input/datasets/researchersajid/mangoclassify-12-native-mango-dataset-from-bd/MangoClassify-12/Langra/IMG_20250628_181324.jpg,Langra,/kaggle/working/small/Langra/03578.jpg,9,1288,train
/kaggle/input/datasets/researchersajid/mangoclassify-12-native-mango-dataset-from-bd/MangoClassify-12/Langra/IMG_20250628_181327.jpg,Langra,/kaggle/working/small/Langra/03579.jpg,9,1245,test
/kaggle/input/datasets/researchersajid/mangoclassify-12-native-mango-dataset-from-bd/MangoClassify-12/Langra/IMG_20250628_181332.jpg,Langra,/kaggle/working/small/Langra/03580.jpg,9,1170,train
/kaggle/input/datasets/researchersajid/mangoclassify-12-native-mango-dataset-from-bd/MangoClassify-12/Langra/IMG_20250628_181337.jpg,Langra,/kaggle/working/small/Langra/03581.jpg,9,1170,train
/kaggle/input/datasets/researchersajid/mangoclassify-12-native-mango-dataset-from-bd/MangoClassify-12/RaniBhog/IMG-20250517-WA0005.jpeg,RaniBhog,/kaggle/working/small/RaniBhog/03582.jpg,10,1326,train
/kaggle/input/datasets/researchersajid/mangoclassify-12-native-mango-dataset-from-bd/MangoClassify-12/RaniBhog/IMG-20250517-WA0006.jpeg,RaniBhog,/kaggle/working/small/RaniBhog/03583.jpg,10,1353,train
/kaggle/input/datasets/researchersajid/mangoclassify-12-native-mango-dataset-from-bd/MangoClassify-12/RaniBhog/IMG-20250517-WA0007.jpeg,RaniBhog,/kaggle/working/small/RaniBhog/03584.jpg,10,1326,train
/kaggle/input/datasets/researchersajid/mangoclassify-12-native-mango-dataset-from-bd/MangoClassify-12/RaniBhog/IMG-20250517-WA0008.jpeg,RaniBhog,/kaggle/working/small/RaniBhog/03585.jpg,10,1353,train
/kaggle/input/datasets/researchersajid/mangoclassify-12-native-mango-dataset-from-bd/MangoClassify-12/RaniBhog/IMG-20250517-WA0009.jpeg,RaniBhog,/kaggle/working/small/RaniBhog/03586.jpg,10,1329,train
/kaggle/input/datasets/researchersajid/mangoclassify-12-native-mango-dataset-from-bd/MangoClassify-12/RaniBhog/IMG-20250517-WA0010.jpeg,RaniBhog,/kaggle/working/small/RaniBhog/03587.jpg,10,1335,val
/kaggle/input/datasets/researchersajid/mangoclassify-12-native-mango-dataset-from-bd/MangoClassify-12/RaniBhog/IMG-20250517-WA0011.jpeg,RaniBhog,/kaggle/working/small/RaniBhog/03588.jpg,10,1337,train
/kaggle/input/datasets/researchersajid/mangoclassify-12-native-mango-dataset-from-bd/MangoClassify-12/RaniBhog/IMG-20250517-WA0012.jpeg,RaniBhog,/kaggle/working/small/RaniBhog/03589.jpg,10,1337,train
/kaggle/input/datasets/researchersajid/mangoclassify-12-native-mango-dataset-from-bd/MangoClassify-12/RaniBhog/IMG-20250517-WA0014.jpeg,RaniBhog,/kaggle/working/small/RaniBhog/03590.jpg,10,1337,train
/kaggle/input/datasets/researchersajid/mangoclassify-12-native-mango-dataset-from-bd/MangoClassify-12/RaniBhog/IMG-20250517-WA0015.jpeg,RaniBhog,/kaggle/working/small/RaniBhog/03591.jpg,10,1337,train
/kaggle/input/datasets/researchersajid/mangoclassify-12-native-mango-dataset-from-bd/MangoClassify-12/RaniBhog/IMG-20250517-WA0016.jpeg,RaniBhog,/kaggle/working/small/RaniBhog/03592.jpg,10,1335,val
/kaggle/input/datasets/researchersajid/mangoclassify-12-native-mango-dataset-from-bd/MangoClassify-12/RaniBhog/IMG-20250517-WA0017.jpeg,RaniBhog,/kaggle/working/small/RaniBhog/03593.jpg,10,1373,test
/kaggle/input/datasets/researchersajid/mangoclassify-12-native-mango-dataset-from-bd/MangoClassify-12/RaniBhog/IMG-20250517-WA0018.jpeg,RaniBhog,/kaggle/working/small/RaniBhog/03594.jpg,10,1329,train
/kaggle/input/datasets/researchersajid/mangoclassify-12-native-mango-dataset-from-bd/MangoClassify-12/RaniBhog/IMG-20250517-WA0019.jpeg,RaniBhog,/kaggle/working/small/RaniBhog/03595.jpg,10,1330,val
/kaggle/input/datasets/researchersajid/mangoclassify-12-native-mango-dataset-from-bd/MangoClassify-12/RaniBhog/IMG-20250517-WA0021.jpeg,RaniBhog,/kaggle/working/small/RaniBhog/03596.jpg,10,1330,val
/kaggle/input/datasets/researchersajid/mangoclassify-12-native-mango-dataset-from-bd/MangoClassify-12/RaniBhog/IMG-20250517-WA0022_1750946066026.jpeg,RaniBhog,/kaggle/working/small/RaniBhog/03597.jpg,10,1329,train
/kaggle/input/datasets/researchersajid/mangoclassify-12-native-mango-dataset-from-bd/MangoClassify-12/RaniBhog/IMG-20250517-WA0023.jpeg,RaniBhog,/kaggle/working/small/RaniBhog/03598.jpg,10,1330,val
/kaggle/input/datasets/researchersajid/mangoclassify-12-native-mango-dataset-from-bd/MangoClassify-12/RaniBhog/IMG-20250517-WA0024.jpeg,RaniBhog,/kaggle/working/small/RaniBhog/03599.jpg,10,1352,train
/kaggle/input/datasets/researchersajid/mangoclassify-12-native-mango-dataset-from-bd/MangoClassify-12/RaniBhog/IMG-20250517-WA0024_1747508941698.jpg,RaniBhog,/kaggle/working/small/RaniBhog/03600.jpg,10,1357,train
/kaggle/input/datasets/researchersajid/mangoclassify-12-native-mango-dataset-from-bd/MangoClassify-12/RaniBhog/IMG-20250517-WA0025.jpeg,RaniBhog,/kaggle/working/small/RaniBhog/03601.jpg,10,1329,train
/kaggle/input/datasets/researchersajid/mangoclassify-12-native-mango-dataset-from-bd/MangoClassify-12/RaniBhog/IMG-20250517-WA0025_1747508941691.jpg,RaniBhog,/kaggle/working/small/RaniBhog/03602.jpg,10,1339,val
/kaggle/input/datasets/researchersajid/mangoclassify-12-native-mango-dataset-from-bd/MangoClassify-12/RaniBhog/IMG-20250517-WA0026.jpg,RaniBhog,/kaggle/working/small/RaniBhog/03603.jpg,10,1338,test
/kaggle/input/datasets/researchersajid/mangoclassify-12-native-mango-dataset-from-bd/MangoClassify-12/RaniBhog/IMG-20250517-WA0027.jpeg,RaniBhog,/kaggle/working/small/RaniBhog/03604.jpg,10,1352,train
/kaggle/input/datasets/researchersajid/mangoclassify-12-native-mango-dataset-from-bd/MangoClassify-12/RaniBhog/IMG-20250517-WA0027_1747508941641.jpg,RaniBhog,/kaggle/working/small/RaniBhog/03605.jpg,10,1338,test
/kaggle/input/datasets/researchersajid/mangoclassify-12-native-mango-dataset-from-bd/MangoClassify-12/RaniBhog/IMG-20250517-WA0028.jpeg,RaniBhog,/kaggle/working/small/RaniBhog/03606.jpg,10,1370,train
/kaggle/input/datasets/researchersajid/mangoclassify-12-native-mango-dataset-from-bd/MangoClassify-12/RaniBhog/IMG-20250517-WA0028_1747508941606.jpg,RaniBhog,/kaggle/working/small/RaniBhog/03607.jpg,10,1338,test
/kaggle/input/datasets/researchersajid/mangoclassify-12-native-mango-dataset-from-bd/MangoClassify-12/RaniBhog/IMG-20250517-WA0029.jpeg,RaniBhog,/kaggle/working/small/RaniBhog/03608.jpg,10,1352,train
/kaggle/input/datasets/researchersajid/mangoclassify-12-native-mango-dataset-from-bd/MangoClassify-12/RaniBhog/IMG-20250517-WA0029_1747508941611.jpg,RaniBhog,/kaggle/working/small/RaniBhog/03609.jpg,10,1332,train
/kaggle/input/datasets/researchersajid/mangoclassify-12-native-mango-dataset-from-bd/MangoClassify-12/RaniBhog/IMG-20250517-WA0030.jpeg,RaniBhog,/kaggle/working/small/RaniBhog/03610.jpg,10,1329,train
/kaggle/input/datasets/researchersajid/mangoclassify-12-native-mango-dataset-from-bd/MangoClassify-12/RaniBhog/IMG-20250517-WA0030_1747508941590.jpg,RaniBhog,/kaggle/working/small/RaniBhog/03611.jpg,10,1339,val
/kaggle/input/datasets/researchersajid/mangoclassify-12-native-mango-dataset-from-bd/MangoClassify-12/RaniBhog/IMG-20250517-WA0031.jpeg,RaniBhog,/kaggle/working/small/RaniBhog/03612.jpg,10,1331,train
/kaggle/input/datasets/researchersajid/mangoclassify-12-native-mango-dataset-from-bd/MangoClassify-12/RaniBhog/IMG-20250517-WA0031_1747508941522.jpg,RaniBhog,/kaggle/working/small/RaniBhog/03613.jpg,10,1338,test
/kaggle/input/datasets/researchersajid/mangoclassify-12-native-mango-dataset-from-bd/MangoClassify-12/RaniBhog/IMG-20250517-WA0032.jpeg,RaniBhog,/kaggle/working/small/RaniBhog/03614.jpg,10,1326,train
/kaggle/input/datasets/researchersajid/mangoclassify-12-native-mango-dataset-from-bd/MangoClassify-12/RaniBhog/IMG-20250517-WA0032_1747508941537.jpg,RaniBhog,/kaggle/working/small/RaniBhog/03615.jpg,10,1332,train
/kaggle/input/datasets/researchersajid/mangoclassify-12-native-mango-dataset-from-bd/MangoClassify-12/RaniBhog/IMG-20250517-WA0033.jpeg,RaniBhog,/kaggle/working/small/RaniBhog/03616.jpg,10,1326,train
/kaggle/input/datasets/researchersajid/mangoclassify-12-native-mango-dataset-from-bd/MangoClassify-12/RaniBhog/IMG-20250517-WA0033_1747508941531.jpg,RaniBhog,/kaggle/working/small/RaniBhog/03617.jpg,10,1336,test
/kaggle/input/datasets/researchersajid/mangoclassify-12-native-mango-dataset-from-bd/MangoClassify-12/RaniBhog/IMG-20250517-WA0034.jpeg,RaniBhog,/kaggle/working/small/RaniBhog/03618.jpg,10,1331,train
/kaggle/input/datasets/researchersajid/mangoclassify-12-native-mango-dataset-from-bd/MangoClassify-12/RaniBhog/IMG-20250517-WA0034_1747508941510.jpg,RaniBhog,/kaggle/working/small/RaniBhog/03619.jpg,10,1368,train
/kaggle/input/datasets/researchersajid/mangoclassify-12-native-mango-dataset-from-bd/MangoClassify-12/RaniBhog/IMG-20250517-WA0035.jpeg,RaniBhog,/kaggle/working/small/RaniBhog/03620.jpg,10,1331,train
/kaggle/input/datasets/researchersajid/mangoclassify-12-native-mango-dataset-from-bd/MangoClassify-12/RaniBhog/IMG-20250517-WA0035_1747508941371.jpg,RaniBhog,/kaggle/working/small/RaniBhog/03621.jpg,10,1336,test
/kaggle/input/datasets/researchersajid/mangoclassify-12-native-mango-dataset-from-bd/MangoClassify-12/RaniBhog/IMG-20250517-WA0036.jpg,RaniBhog,/kaggle/working/small/RaniBhog/03622.jpg,10,1343,train
/kaggle/input/datasets/researchersajid/mangoclassify-12-native-mango-dataset-from-bd/MangoClassify-12/RaniBhog/IMG-20250517-WA0037.jpg,RaniBhog,/kaggle/working/small/RaniBhog/03623.jpg,10,1343,train
/kaggle/input/datasets/researchersajid/mangoclassify-12-native-mango-dataset-from-bd/MangoClassify-12/RaniBhog/IMG-20250517-WA0038.jpg,RaniBhog,/kaggle/working/small/RaniBhog/03624.jpg,10,1336,test
/kaggle/input/datasets/researchersajid/mangoclassify-12-native-mango-dataset-from-bd/MangoClassify-12/RaniBhog/IMG-20250517-WA0039.jpg,RaniBhog,/kaggle/working/small/RaniBhog/03625.jpg,10,1371,test
/kaggle/input/datasets/researchersajid/mangoclassify-12-native-mango-dataset-from-bd/MangoClassify-12/RaniBhog/IMG-20250517-WA0040.jpg,RaniBhog,/kaggle/working/small/RaniBhog/03626.jpg,10,1365,train
/kaggle/input/datasets/researchersajid/mangoclassify-12-native-mango-dataset-from-bd/MangoClassify-12/RaniBhog/IMG-20250517-WA0041.jpg,RaniBhog,/kaggle/working/small/RaniBhog/03627.jpg,10,1359,train
/kaggle/input/datasets/researchersajid/mangoclassify-12-native-mango-dataset-from-bd/MangoClassify-12/RaniBhog/IMG-20250517-WA0042.jpg,RaniBhog,/kaggle/working/small/RaniBhog/03628.jpg,10,1362,test
/kaggle/input/datasets/researchersajid/mangoclassify-12-native-mango-dataset-from-bd/MangoClassify-12/RaniBhog/IMG-20250517-WA0050.jpg,RaniBhog,/kaggle/working/small/RaniBhog/03629.jpg,10,1358,train
/kaggle/input/datasets/researchersajid/mangoclassify-12-native-mango-dataset-from-bd/MangoClassify-12/RaniBhog/IMG-20250517-WA0051.jpg,RaniBhog,/kaggle/working/small/RaniBhog/03630.jpg,10,1376,test
/kaggle/input/datasets/researchersajid/mangoclassify-12-native-mango-dataset-from-bd/MangoClassify-12/RaniBhog/IMG-20250517-WA0052.jpg,RaniBhog,/kaggle/working/small/RaniBhog/03631.jpg,10,1372,train
/kaggle/input/datasets/researchersajid/mangoclassify-12-native-mango-dataset-from-bd/MangoClassify-12/RaniBhog/IMG-20250517-WA0053.jpg,RaniBhog,/kaggle/working/small/RaniBhog/03632.jpg,10,1364,train
/kaggle/input/datasets/researchersajid/mangoclassify-12-native-mango-dataset-from-bd/MangoClassify-12/RaniBhog/IMG-20250517-WA0054.jpg,RaniBhog,/kaggle/working/small/RaniBhog/03633.jpg,10,1377,train
/kaggle/input/datasets/researchersajid/mangoclassify-12-native-mango-dataset-from-bd/MangoClassify-12/RaniBhog/IMG20250517150510.jpg,RaniBhog,/kaggle/working/small/RaniBhog/03634.jpg,10,1329,train
/kaggle/input/datasets/researchersajid/mangoclassify-12-native-mango-dataset-from-bd/MangoClassify-12/RaniBhog/IMG20250517151414.jpg,RaniBhog,/kaggle/working/small/RaniBhog/03635.jpg,10,1327,train
/kaggle/input/datasets/researchersajid/mangoclassify-12-native-mango-dataset-from-bd/MangoClassify-12/RaniBhog/IMG20250517151426.jpg,RaniBhog,/kaggle/working/small/RaniBhog/03636.jpg,10,1327,train
/kaggle/input/datasets/researchersajid/mangoclassify-12-native-mango-dataset-from-bd/MangoClassify-12/RaniBhog/IMG20250517151449.jpg,RaniBhog,/kaggle/working/small/RaniBhog/03637.jpg,10,1327,train
/kaggle/input/datasets/researchersajid/mangoclassify-12-native-mango-dataset-from-bd/MangoClassify-12/RaniBhog/IMG20250517151500.jpg,RaniBhog,/kaggle/working/small/RaniBhog/03638.jpg,10,1327,train
/kaggle/input/datasets/researchersajid/mangoclassify-12-native-mango-dataset-from-bd/MangoClassify-12/RaniBhog/IMG20250517151510.jpg,RaniBhog,/kaggle/working/small/RaniBhog/03639.jpg,10,1379,train
/kaggle/input/datasets/researchersajid/mangoclassify-12-native-mango-dataset-from-bd/MangoClassify-12/RaniBhog/IMG20250517151520.jpg,RaniBhog,/kaggle/working/small/RaniBhog/03640.jpg,10,1327,train
/kaggle/input/datasets/researchersajid/mangoclassify-12-native-mango-dataset-from-bd/MangoClassify-12/RaniBhog/IMG20250517151545.jpg,RaniBhog,/kaggle/working/small/RaniBhog/03641.jpg,10,1328,test
/kaggle/input/datasets/researchersajid/mangoclassify-12-native-mango-dataset-from-bd/MangoClassify-12/RaniBhog/IMG20250517151552.jpg,RaniBhog,/kaggle/working/small/RaniBhog/03642.jpg,10,1328,test
/kaggle/input/datasets/researchersajid/mangoclassify-12-native-mango-dataset-from-bd/MangoClassify-12/RaniBhog/IMG20250517151600.jpg,RaniBhog,/kaggle/working/small/RaniBhog/03643.jpg,10,1369,train
/kaggle/input/datasets/researchersajid/mangoclassify-12-native-mango-dataset-from-bd/MangoClassify-12/RaniBhog/IMG20250517151611.jpg,RaniBhog,/kaggle/working/small/RaniBhog/03644.jpg,10,1363,val
/kaggle/input/datasets/researchersajid/mangoclassify-12-native-mango-dataset-from-bd/MangoClassify-12/RaniBhog/IMG20250517151618.jpg,RaniBhog,/kaggle/working/small/RaniBhog/03645.jpg,10,1328,test
/kaggle/input/datasets/researchersajid/mangoclassify-12-native-mango-dataset-from-bd/MangoClassify-12/RaniBhog/IMG_20250517_150319.jpg,RaniBhog,/kaggle/working/small/RaniBhog/03646.jpg,10,1375,val
/kaggle/input/datasets/researchersajid/mangoclassify-12-native-mango-dataset-from-bd/MangoClassify-12/RaniBhog/IMG_20250517_150326.jpg,RaniBhog,/kaggle/working/small/RaniBhog/03647.jpg,10,1381,train
/kaggle/input/datasets/researchersajid/mangoclassify-12-native-mango-dataset-from-bd/MangoClassify-12/RaniBhog/IMG_20250517_150350.jpg,RaniBhog,/kaggle/working/small/RaniBhog/03648.jpg,10,1334,train
/kaggle/input/datasets/researchersajid/mangoclassify-12-native-mango-dataset-from-bd/MangoClassify-12/RaniBhog/IMG_20250517_150421.jpg,RaniBhog,/kaggle/working/small/RaniBhog/03649.jpg,10,1360,train
/kaggle/input/datasets/researchersajid/mangoclassify-12-native-mango-dataset-from-bd/MangoClassify-12/RaniBhog/IMG_20250517_150427.jpg,RaniBhog,/kaggle/working/small/RaniBhog/03650.jpg,10,1374,train
/kaggle/input/datasets/researchersajid/mangoclassify-12-native-mango-dataset-from-bd/MangoClassify-12/RaniBhog/IMG_20250517_150446.jpg,RaniBhog,/kaggle/working/small/RaniBhog/03651.jpg,10,1361,val
/kaggle/input/datasets/researchersajid/mangoclassify-12-native-mango-dataset-from-bd/MangoClassify-12/RaniBhog/IMG_20250517_150513.jpg,RaniBhog,/kaggle/working/small/RaniBhog/03652.jpg,10,1347,train
/kaggle/input/datasets/researchersajid/mangoclassify-12-native-mango-dataset-from-bd/MangoClassify-12/RaniBhog/IMG_20250517_150520.jpg,RaniBhog,/kaggle/working/small/RaniBhog/03653.jpg,10,1347,train
/kaggle/input/datasets/researchersajid/mangoclassify-12-native-mango-dataset-from-bd/MangoClassify-12/RaniBhog/IMG_20250517_150532.jpg,RaniBhog,/kaggle/working/small/RaniBhog/03654.jpg,10,1378,train
/kaggle/input/datasets/researchersajid/mangoclassify-12-native-mango-dataset-from-bd/MangoClassify-12/RaniBhog/IMG_20250517_150539.jpg,RaniBhog,/kaggle/working/small/RaniBhog/03655.jpg,10,1349,test
/kaggle/input/datasets/researchersajid/mangoclassify-12-native-mango-dataset-from-bd/MangoClassify-12/RaniBhog/IMG_20250517_150614.jpg,RaniBhog,/kaggle/working/small/RaniBhog/03656.jpg,10,1342,train
/kaggle/input/datasets/researchersajid/mangoclassify-12-native-mango-dataset-from-bd/MangoClassify-12/RaniBhog/IMG_20250517_150620.jpg,RaniBhog,/kaggle/working/small/RaniBhog/03657.jpg,10,1348,train
/kaggle/input/datasets/researchersajid/mangoclassify-12-native-mango-dataset-from-bd/MangoClassify-12/RaniBhog/IMG_20250517_150644.jpg,RaniBhog,/kaggle/working/small/RaniBhog/03658.jpg,10,1355,test
/kaggle/input/datasets/researchersajid/mangoclassify-12-native-mango-dataset-from-bd/MangoClassify-12/RaniBhog/IMG_20250517_150700.jpg,RaniBhog,/kaggle/working/small/RaniBhog/03659.jpg,10,1356,train
/kaggle/input/datasets/researchersajid/mangoclassify-12-native-mango-dataset-from-bd/MangoClassify-12/RaniBhog/IMG_20250517_150712.jpg,RaniBhog,/kaggle/working/small/RaniBhog/03660.jpg,10,1367,test
/kaggle/input/datasets/researchersajid/mangoclassify-12-native-mango-dataset-from-bd/MangoClassify-12/RaniBhog/IMG_20250517_150745.jpg,RaniBhog,/kaggle/working/small/RaniBhog/03661.jpg,10,1380,train
/kaggle/input/datasets/researchersajid/mangoclassify-12-native-mango-dataset-from-bd/MangoClassify-12/RaniBhog/IMG_20250517_151335.jpg,RaniBhog,/kaggle/working/small/RaniBhog/03662.jpg,10,1366,train
/kaggle/input/datasets/researchersajid/mangoclassify-12-native-mango-dataset-from-bd/MangoClassify-12/RaniBhog/IMG_20250517_151350.jpg,RaniBhog,/kaggle/working/small/RaniBhog/03663.jpg,10,1346,train
/kaggle/input/datasets/researchersajid/mangoclassify-12-native-mango-dataset-from-bd/MangoClassify-12/RaniBhog/IMG_20250517_151429.jpg,RaniBhog,/kaggle/working/small/RaniBhog/03664.jpg,10,1350,train
/kaggle/input/datasets/researchersajid/mangoclassify-12-native-mango-dataset-from-bd/MangoClassify-12/RaniBhog/IMG_20250517_151458.jpg,RaniBhog,/kaggle/working/small/RaniBhog/03665.jpg,10,1341,train
/kaggle/input/datasets/researchersajid/mangoclassify-12-native-mango-dataset-from-bd/MangoClassify-12/RaniBhog/IMG_20250517_151505.jpg,RaniBhog,/kaggle/working/small/RaniBhog/03666.jpg,10,1354,train
/kaggle/input/datasets/researchersajid/mangoclassify-12-native-mango-dataset-from-bd/MangoClassify-12/RaniBhog/IMG_20250517_151511.jpg,RaniBhog,/kaggle/working/small/RaniBhog/03667.jpg,10,1345,train
/kaggle/input/datasets/researchersajid/mangoclassify-12-native-mango-dataset-from-bd/MangoClassify-12/RaniBhog/IMG_20250517_151526.jpg,RaniBhog,/kaggle/working/small/RaniBhog/03668.jpg,10,1334,train
/kaggle/input/datasets/researchersajid/mangoclassify-12-native-mango-dataset-from-bd/MangoClassify-12/RaniBhog/IMG_20250517_151531.jpg,RaniBhog,/kaggle/working/small/RaniBhog/03669.jpg,10,1340,train
/kaggle/input/datasets/researchersajid/mangoclassify-12-native-mango-dataset-from-bd/MangoClassify-12/RaniBhog/IMG_20250517_151555.jpg,RaniBhog,/kaggle/working/small/RaniBhog/03670.jpg,10,1333,train
/kaggle/input/datasets/researchersajid/mangoclassify-12-native-mango-dataset-from-bd/MangoClassify-12/RaniBhog/IMG_20250517_151617.jpg,RaniBhog,/kaggle/working/small/RaniBhog/03671.jpg,10,1344,val
/kaggle/input/datasets/researchersajid/mangoclassify-12-native-mango-dataset-from-bd/MangoClassify-12/RaniBhog/IMG_20250517_151623.jpg,RaniBhog,/kaggle/working/small/RaniBhog/03672.jpg,10,1351,train
/kaggle/input/datasets/researchersajid/mangoclassify-12-native-mango-dataset-from-bd/MangoClassify-12/RaniBhog/IMG_20250626_195424.jpg,RaniBhog,/kaggle/working/small/RaniBhog/03673.jpg,10,1338,test
/kaggle/input/datasets/researchersajid/mangoclassify-12-native-mango-dataset-from-bd/MangoClassify-12/Sundari/IMG20250517164150.jpg,Sundari,/kaggle/working/small/Sundari/03674.jpg,11,1417,train
/kaggle/input/datasets/researchersajid/mangoclassify-12-native-mango-dataset-from-bd/MangoClassify-12/Sundari/IMG20250517164209.jpg,Sundari,/kaggle/working/small/Sundari/03675.jpg,11,1417,train
/kaggle/input/datasets/researchersajid/mangoclassify-12-native-mango-dataset-from-bd/MangoClassify-12/Sundari/IMG20250517164214.jpg,Sundari,/kaggle/working/small/Sundari/03676.jpg,11,1397,train
/kaggle/input/datasets/researchersajid/mangoclassify-12-native-mango-dataset-from-bd/MangoClassify-12/Sundari/IMG20250517164223.jpg,Sundari,/kaggle/working/small/Sundari/03677.jpg,11,1389,train
/kaggle/input/datasets/researchersajid/mangoclassify-12-native-mango-dataset-from-bd/MangoClassify-12/Sundari/IMG20250517164229.jpg,Sundari,/kaggle/working/small/Sundari/03678.jpg,11,1501,train
/kaggle/input/datasets/researchersajid/mangoclassify-12-native-mango-dataset-from-bd/MangoClassify-12/Sundari/IMG20250517164239.jpg,Sundari,/kaggle/working/small/Sundari/03679.jpg,11,1404,train
/kaggle/input/datasets/researchersajid/mangoclassify-12-native-mango-dataset-from-bd/MangoClassify-12/Sundari/IMG20250517164247.jpg,Sundari,/kaggle/working/small/Sundari/03680.jpg,11,1384,train
/kaggle/input/datasets/researchersajid/mangoclassify-12-native-mango-dataset-from-bd/MangoClassify-12/Sundari/IMG20250517164256.jpg,Sundari,/kaggle/working/small/Sundari/03681.jpg,11,1470,train
/kaggle/input/datasets/researchersajid/mangoclassify-12-native-mango-dataset-from-bd/MangoClassify-12/Sundari/IMG20250517164304.jpg,Sundari,/kaggle/working/small/Sundari/03682.jpg,11,1485,train
/kaggle/input/datasets/researchersajid/mangoclassify-12-native-mango-dataset-from-bd/MangoClassify-12/Sundari/IMG20250517164320.jpg,Sundari,/kaggle/working/small/Sundari/03683.jpg,11,1390,train
/kaggle/input/datasets/researchersajid/mangoclassify-12-native-mango-dataset-from-bd/MangoClassify-12/Sundari/IMG20250517164327.jpg,Sundari,/kaggle/working/small/Sundari/03684.jpg,11,1393,train
/kaggle/input/datasets/researchersajid/mangoclassify-12-native-mango-dataset-from-bd/MangoClassify-12/Sundari/IMG20250517164331.jpg,Sundari,/kaggle/working/small/Sundari/03685.jpg,11,1459,train
/kaggle/input/datasets/researchersajid/mangoclassify-12-native-mango-dataset-from-bd/MangoClassify-12/Sundari/IMG20250517164355.jpg,Sundari,/kaggle/working/small/Sundari/03686.jpg,11,1390,train
/kaggle/input/datasets/researchersajid/mangoclassify-12-native-mango-dataset-from-bd/MangoClassify-12/Sundari/IMG20250517164402.jpg,Sundari,/kaggle/working/small/Sundari/03687.jpg,11,1388,train
/kaggle/input/datasets/researchersajid/mangoclassify-12-native-mango-dataset-from-bd/MangoClassify-12/Sundari/IMG20250517164412.jpg,Sundari,/kaggle/working/small/Sundari/03688.jpg,11,1432,test
/kaggle/input/datasets/researchersajid/mangoclassify-12-native-mango-dataset-from-bd/MangoClassify-12/Sundari/IMG20250517164417.jpg,Sundari,/kaggle/working/small/Sundari/03689.jpg,11,1423,train
/kaggle/input/datasets/researchersajid/mangoclassify-12-native-mango-dataset-from-bd/MangoClassify-12/Sundari/IMG20250517164423.jpg,Sundari,/kaggle/working/small/Sundari/03690.jpg,11,1392,test
/kaggle/input/datasets/researchersajid/mangoclassify-12-native-mango-dataset-from-bd/MangoClassify-12/Sundari/IMG20250517164430.jpg,Sundari,/kaggle/working/small/Sundari/03691.jpg,11,1460,train
/kaggle/input/datasets/researchersajid/mangoclassify-12-native-mango-dataset-from-bd/MangoClassify-12/Sundari/IMG20250517164436.jpg,Sundari,/kaggle/working/small/Sundari/03692.jpg,11,1423,train
/kaggle/input/datasets/researchersajid/mangoclassify-12-native-mango-dataset-from-bd/MangoClassify-12/Sundari/IMG20250517164441.jpg,Sundari,/kaggle/working/small/Sundari/03693.jpg,11,1390,train
/kaggle/input/datasets/researchersajid/mangoclassify-12-native-mango-dataset-from-bd/MangoClassify-12/Sundari/IMG20250517164451.jpg,Sundari,/kaggle/working/small/Sundari/03694.jpg,11,1422,train
/kaggle/input/datasets/researchersajid/mangoclassify-12-native-mango-dataset-from-bd/MangoClassify-12/Sundari/IMG20250517164457.jpg,Sundari,/kaggle/working/small/Sundari/03695.jpg,11,1422,train
/kaggle/input/datasets/researchersajid/mangoclassify-12-native-mango-dataset-from-bd/MangoClassify-12/Sundari/IMG20250517164458.jpg,Sundari,/kaggle/working/small/Sundari/03696.jpg,11,1422,train
/kaggle/input/datasets/researchersajid/mangoclassify-12-native-mango-dataset-from-bd/MangoClassify-12/Sundari/IMG20250517164507.jpg,Sundari,/kaggle/working/small/Sundari/03697.jpg,11,1422,train
/kaggle/input/datasets/researchersajid/mangoclassify-12-native-mango-dataset-from-bd/MangoClassify-12/Sundari/IMG20250517164514.jpg,Sundari,/kaggle/working/small/Sundari/03698.jpg,11,1457,train
/kaggle/input/datasets/researchersajid/mangoclassify-12-native-mango-dataset-from-bd/MangoClassify-12/Sundari/IMG20250517164521.jpg,Sundari,/kaggle/working/small/Sundari/03699.jpg,11,1382,train
/kaggle/input/datasets/researchersajid/mangoclassify-12-native-mango-dataset-from-bd/MangoClassify-12/Sundari/IMG20250517164535.jpg,Sundari,/kaggle/working/small/Sundari/03700.jpg,11,1427,val
/kaggle/input/datasets/researchersajid/mangoclassify-12-native-mango-dataset-from-bd/MangoClassify-12/Sundari/IMG20250517164537.jpg,Sundari,/kaggle/working/small/Sundari/03701.jpg,11,1427,val
/kaggle/input/datasets/researchersajid/mangoclassify-12-native-mango-dataset-from-bd/MangoClassify-12/Sundari/IMG20250517164543.jpg,Sundari,/kaggle/working/small/Sundari/03702.jpg,11,1481,val
/kaggle/input/datasets/researchersajid/mangoclassify-12-native-mango-dataset-from-bd/MangoClassify-12/Sundari/IMG20250517164553.jpg,Sundari,/kaggle/working/small/Sundari/03703.jpg,11,1432,test
/kaggle/input/datasets/researchersajid/mangoclassify-12-native-mango-dataset-from-bd/MangoClassify-12/Sundari/IMG20250517164559.jpg,Sundari,/kaggle/working/small/Sundari/03704.jpg,11,1487,train
/kaggle/input/datasets/researchersajid/mangoclassify-12-native-mango-dataset-from-bd/MangoClassify-12/Sundari/IMG20250517164605.jpg,Sundari,/kaggle/working/small/Sundari/03705.jpg,11,1432,test
/kaggle/input/datasets/researchersajid/mangoclassify-12-native-mango-dataset-from-bd/MangoClassify-12/Sundari/IMG20250517164610.jpg,Sundari,/kaggle/working/small/Sundari/03706.jpg,11,1414,train
/kaggle/input/datasets/researchersajid/mangoclassify-12-native-mango-dataset-from-bd/MangoClassify-12/Sundari/IMG20250517164620.jpg,Sundari,/kaggle/working/small/Sundari/03707.jpg,11,1462,train
/kaggle/input/datasets/researchersajid/mangoclassify-12-native-mango-dataset-from-bd/MangoClassify-12/Sundari/IMG20250517164625.jpg,Sundari,/kaggle/working/small/Sundari/03708.jpg,11,1498,train
/kaggle/input/datasets/researchersajid/mangoclassify-12-native-mango-dataset-from-bd/MangoClassify-12/Sundari/IMG20250517164629.jpg,Sundari,/kaggle/working/small/Sundari/03709.jpg,11,1393,train
/kaggle/input/datasets/researchersajid/mangoclassify-12-native-mango-dataset-from-bd/MangoClassify-12/Sundari/IMG20250517164634.jpg,Sundari,/kaggle/working/small/Sundari/03710.jpg,11,1428,test
/kaggle/input/datasets/researchersajid/mangoclassify-12-native-mango-dataset-from-bd/MangoClassify-12/Sundari/IMG20250517164638.jpg,Sundari,/kaggle/working/small/Sundari/03711.jpg,11,1463,train
/kaggle/input/datasets/researchersajid/mangoclassify-12-native-mango-dataset-from-bd/MangoClassify-12/Sundari/IMG20250517164649.jpg,Sundari,/kaggle/working/small/Sundari/03712.jpg,11,1424,test
/kaggle/input/datasets/researchersajid/mangoclassify-12-native-mango-dataset-from-bd/MangoClassify-12/Sundari/IMG20250517164656.jpg,Sundari,/kaggle/working/small/Sundari/03713.jpg,11,1490,train
/kaggle/input/datasets/researchersajid/mangoclassify-12-native-mango-dataset-from-bd/MangoClassify-12/Sundari/IMG20250517164701.jpg,Sundari,/kaggle/working/small/Sundari/03714.jpg,11,1418,train
/kaggle/input/datasets/researchersajid/mangoclassify-12-native-mango-dataset-from-bd/MangoClassify-12/Sundari/IMG20250517164707.jpg,Sundari,/kaggle/working/small/Sundari/03715.jpg,11,1424,test
/kaggle/input/datasets/researchersajid/mangoclassify-12-native-mango-dataset-from-bd/MangoClassify-12/Sundari/IMG20250517164713.jpg,Sundari,/kaggle/working/small/Sundari/03716.jpg,11,1484,val
/kaggle/input/datasets/researchersajid/mangoclassify-12-native-mango-dataset-from-bd/MangoClassify-12/Sundari/IMG20250517164718.jpg,Sundari,/kaggle/working/small/Sundari/03717.jpg,11,1418,train
/kaggle/input/datasets/researchersajid/mangoclassify-12-native-mango-dataset-from-bd/MangoClassify-12/Sundari/IMG20250517164725.jpg,Sundari,/kaggle/working/small/Sundari/03718.jpg,11,1383,train
/kaggle/input/datasets/researchersajid/mangoclassify-12-native-mango-dataset-from-bd/MangoClassify-12/Sundari/IMG20250517164730.jpg,Sundari,/kaggle/working/small/Sundari/03719.jpg,11,1468,train
/kaggle/input/datasets/researchersajid/mangoclassify-12-native-mango-dataset-from-bd/MangoClassify-12/Sundari/IMG20250517164744.jpg,Sundari,/kaggle/working/small/Sundari/03720.jpg,11,1393,train
/kaggle/input/datasets/researchersajid/mangoclassify-12-native-mango-dataset-from-bd/MangoClassify-12/Sundari/IMG20250517164750.jpg,Sundari,/kaggle/working/small/Sundari/03721.jpg,11,1388,train
/kaggle/input/datasets/researchersajid/mangoclassify-12-native-mango-dataset-from-bd/MangoClassify-12/Sundari/IMG20250517164755.jpg,Sundari,/kaggle/working/small/Sundari/03722.jpg,11,1390,train
/kaggle/input/datasets/researchersajid/mangoclassify-12-native-mango-dataset-from-bd/MangoClassify-12/Sundari/IMG20250517164801.jpg,Sundari,/kaggle/working/small/Sundari/03723.jpg,11,1390,train
/kaggle/input/datasets/researchersajid/mangoclassify-12-native-mango-dataset-from-bd/MangoClassify-12/Sundari/IMG20250517164806.jpg,Sundari,/kaggle/working/small/Sundari/03724.jpg,11,1388,train
/kaggle/input/datasets/researchersajid/mangoclassify-12-native-mango-dataset-from-bd/MangoClassify-12/Sundari/IMG20250517164810.jpg,Sundari,/kaggle/working/small/Sundari/03725.jpg,11,1393,train
/kaggle/input/datasets/researchersajid/mangoclassify-12-native-mango-dataset-from-bd/MangoClassify-12/Sundari/IMG20250517164813.jpg,Sundari,/kaggle/working/small/Sundari/03726.jpg,11,1389,train
/kaggle/input/datasets/researchersajid/mangoclassify-12-native-mango-dataset-from-bd/MangoClassify-12/Sundari/IMG20250517164818.jpg,Sundari,/kaggle/working/small/Sundari/03727.jpg,11,1491,val
/kaggle/input/datasets/researchersajid/mangoclassify-12-native-mango-dataset-from-bd/MangoClassify-12/Sundari/IMG20250517164833.jpg,Sundari,/kaggle/working/small/Sundari/03728.jpg,11,1499,train
/kaggle/input/datasets/researchersajid/mangoclassify-12-native-mango-dataset-from-bd/MangoClassify-12/Sundari/IMG20250517164846.jpg,Sundari,/kaggle/working/small/Sundari/03729.jpg,11,1486,train
/kaggle/input/datasets/researchersajid/mangoclassify-12-native-mango-dataset-from-bd/MangoClassify-12/Sundari/IMG20250517164913.jpg,Sundari,/kaggle/working/small/Sundari/03730.jpg,11,1390,train
/kaggle/input/datasets/researchersajid/mangoclassify-12-native-mango-dataset-from-bd/MangoClassify-12/Sundari/IMG20250517164919.jpg,Sundari,/kaggle/working/small/Sundari/03731.jpg,11,1433,val
/kaggle/input/datasets/researchersajid/mangoclassify-12-native-mango-dataset-from-bd/MangoClassify-12/Sundari/IMG20250517164926.jpg,Sundari,/kaggle/working/small/Sundari/03732.jpg,11,1445,train
/kaggle/input/datasets/researchersajid/mangoclassify-12-native-mango-dataset-from-bd/MangoClassify-12/Sundari/IMG20250517164931.jpg,Sundari,/kaggle/working/small/Sundari/03733.jpg,11,1390,train
/kaggle/input/datasets/researchersajid/mangoclassify-12-native-mango-dataset-from-bd/MangoClassify-12/Sundari/IMG20250517164937.jpg,Sundari,/kaggle/working/small/Sundari/03734.jpg,11,1493,train
/kaggle/input/datasets/researchersajid/mangoclassify-12-native-mango-dataset-from-bd/MangoClassify-12/Sundari/IMG20250517165032.jpg,Sundari,/kaggle/working/small/Sundari/03735.jpg,11,1432,test
/kaggle/input/datasets/researchersajid/mangoclassify-12-native-mango-dataset-from-bd/MangoClassify-12/Sundari/IMG20250517165038.jpg,Sundari,/kaggle/working/small/Sundari/03736.jpg,11,1424,test
/kaggle/input/datasets/researchersajid/mangoclassify-12-native-mango-dataset-from-bd/MangoClassify-12/Sundari/IMG20250517165044.jpg,Sundari,/kaggle/working/small/Sundari/03737.jpg,11,1432,test
/kaggle/input/datasets/researchersajid/mangoclassify-12-native-mango-dataset-from-bd/MangoClassify-12/Sundari/IMG20250517165049.jpg,Sundari,/kaggle/working/small/Sundari/03738.jpg,11,1420,train
/kaggle/input/datasets/researchersajid/mangoclassify-12-native-mango-dataset-from-bd/MangoClassify-12/Sundari/IMG20250517165054.jpg,Sundari,/kaggle/working/small/Sundari/03739.jpg,11,1424,test
/kaggle/input/datasets/researchersajid/mangoclassify-12-native-mango-dataset-from-bd/MangoClassify-12/Sundari/IMG20250517165109.jpg,Sundari,/kaggle/working/small/Sundari/03740.jpg,11,1389,train
/kaggle/input/datasets/researchersajid/mangoclassify-12-native-mango-dataset-from-bd/MangoClassify-12/Sundari/IMG20250517165113.jpg,Sundari,/kaggle/working/small/Sundari/03741.jpg,11,1473,test
/kaggle/input/datasets/researchersajid/mangoclassify-12-native-mango-dataset-from-bd/MangoClassify-12/Sundari/IMG20250517165119.jpg,Sundari,/kaggle/working/small/Sundari/03742.jpg,11,1382,train
/kaggle/input/datasets/researchersajid/mangoclassify-12-native-mango-dataset-from-bd/MangoClassify-12/Sundari/IMG20250517165127.jpg,Sundari,/kaggle/working/small/Sundari/03743.jpg,11,1389,train
/kaggle/input/datasets/researchersajid/mangoclassify-12-native-mango-dataset-from-bd/MangoClassify-12/Sundari/IMG20250517165134.jpg,Sundari,/kaggle/working/small/Sundari/03744.jpg,11,1482,train
/kaggle/input/datasets/researchersajid/mangoclassify-12-native-mango-dataset-from-bd/MangoClassify-12/Sundari/IMG20250517165153.jpg,Sundari,/kaggle/working/small/Sundari/03745.jpg,11,1403,train
/kaggle/input/datasets/researchersajid/mangoclassify-12-native-mango-dataset-from-bd/MangoClassify-12/Sundari/IMG20250517165159.jpg,Sundari,/kaggle/working/small/Sundari/03746.jpg,11,1503,test
/kaggle/input/datasets/researchersajid/mangoclassify-12-native-mango-dataset-from-bd/MangoClassify-12/Sundari/IMG20250517165206.jpg,Sundari,/kaggle/working/small/Sundari/03747.jpg,11,1466,train
/kaggle/input/datasets/researchersajid/mangoclassify-12-native-mango-dataset-from-bd/MangoClassify-12/Sundari/IMG20250517165210.jpg,Sundari,/kaggle/working/small/Sundari/03748.jpg,11,1403,train
/kaggle/input/datasets/researchersajid/mangoclassify-12-native-mango-dataset-from-bd/MangoClassify-12/Sundari/IMG20250517165224.jpg,Sundari,/kaggle/working/small/Sundari/03749.jpg,11,1467,train
/kaggle/input/datasets/researchersajid/mangoclassify-12-native-mango-dataset-from-bd/MangoClassify-12/Sundari/IMG20250517165231.jpg,Sundari,/kaggle/working/small/Sundari/03750.jpg,11,1461,train
/kaggle/input/datasets/researchersajid/mangoclassify-12-native-mango-dataset-from-bd/MangoClassify-12/Sundari/IMG20250517165235.jpg,Sundari,/kaggle/working/small/Sundari/03751.jpg,11,1474,train
/kaggle/input/datasets/researchersajid/mangoclassify-12-native-mango-dataset-from-bd/MangoClassify-12/Sundari/IMG20250517165239.jpg,Sundari,/kaggle/working/small/Sundari/03752.jpg,11,1393,train
/kaggle/input/datasets/researchersajid/mangoclassify-12-native-mango-dataset-from-bd/MangoClassify-12/Sundari/IMG20250517165243.jpg,Sundari,/kaggle/working/small/Sundari/03753.jpg,11,1467,train
/kaggle/input/datasets/researchersajid/mangoclassify-12-native-mango-dataset-from-bd/MangoClassify-12/Sundari/IMG20250517165259.jpg,Sundari,/kaggle/working/small/Sundari/03754.jpg,11,1480,train
/kaggle/input/datasets/researchersajid/mangoclassify-12-native-mango-dataset-from-bd/MangoClassify-12/Sundari/IMG20250517165304.jpg,Sundari,/kaggle/working/small/Sundari/03755.jpg,11,1397,train
/kaggle/input/datasets/researchersajid/mangoclassify-12-native-mango-dataset-from-bd/MangoClassify-12/Sundari/IMG20250517165309.jpg,Sundari,/kaggle/working/small/Sundari/03756.jpg,11,1390,train
/kaggle/input/datasets/researchersajid/mangoclassify-12-native-mango-dataset-from-bd/MangoClassify-12/Sundari/IMG20250517165313.jpg,Sundari,/kaggle/working/small/Sundari/03757.jpg,11,1488,train
/kaggle/input/datasets/researchersajid/mangoclassify-12-native-mango-dataset-from-bd/MangoClassify-12/Sundari/IMG20250517165329.jpg,Sundari,/kaggle/working/small/Sundari/03758.jpg,11,1391,train
/kaggle/input/datasets/researchersajid/mangoclassify-12-native-mango-dataset-from-bd/MangoClassify-12/Sundari/IMG20250517165334.jpg,Sundari,/kaggle/working/small/Sundari/03759.jpg,11,1463,train
/kaggle/input/datasets/researchersajid/mangoclassify-12-native-mango-dataset-from-bd/MangoClassify-12/Sundari/IMG20250517165344.jpg,Sundari,/kaggle/working/small/Sundari/03760.jpg,11,1452,train
/kaggle/input/datasets/researchersajid/mangoclassify-12-native-mango-dataset-from-bd/MangoClassify-12/Sundari/IMG20250517165350.jpg,Sundari,/kaggle/working/small/Sundari/03761.jpg,11,1391,train
/kaggle/input/datasets/researchersajid/mangoclassify-12-native-mango-dataset-from-bd/MangoClassify-12/Sundari/IMG20250517165403.jpg,Sundari,/kaggle/working/small/Sundari/03762.jpg,11,1397,train
/kaggle/input/datasets/researchersajid/mangoclassify-12-native-mango-dataset-from-bd/MangoClassify-12/Sundari/IMG20250517165407.jpg,Sundari,/kaggle/working/small/Sundari/03763.jpg,11,1397,train
/kaggle/input/datasets/researchersajid/mangoclassify-12-native-mango-dataset-from-bd/MangoClassify-12/Sundari/IMG20250517165415.jpg,Sundari,/kaggle/working/small/Sundari/03764.jpg,11,1464,train
/kaggle/input/datasets/researchersajid/mangoclassify-12-native-mango-dataset-from-bd/MangoClassify-12/Sundari/IMG20250517165422.jpg,Sundari,/kaggle/working/small/Sundari/03765.jpg,11,1478,test
/kaggle/input/datasets/researchersajid/mangoclassify-12-native-mango-dataset-from-bd/MangoClassify-12/Sundari/IMG20250517165443.jpg,Sundari,/kaggle/working/small/Sundari/03766.jpg,11,1384,train
/kaggle/input/datasets/researchersajid/mangoclassify-12-native-mango-dataset-from-bd/MangoClassify-12/Sundari/IMG20250517165449.jpg,Sundari,/kaggle/working/small/Sundari/03767.jpg,11,1384,train
/kaggle/input/datasets/researchersajid/mangoclassify-12-native-mango-dataset-from-bd/MangoClassify-12/Sundari/IMG20250517165455.jpg,Sundari,/kaggle/working/small/Sundari/03768.jpg,11,1384,train
/kaggle/input/datasets/researchersajid/mangoclassify-12-native-mango-dataset-from-bd/MangoClassify-12/Sundari/IMG20250517165501.jpg,Sundari,/kaggle/working/small/Sundari/03769.jpg,11,1390,train
/kaggle/input/datasets/researchersajid/mangoclassify-12-native-mango-dataset-from-bd/MangoClassify-12/Sundari/IMG20250517165521.jpg,Sundari,/kaggle/working/small/Sundari/03770.jpg,11,1389,train
/kaggle/input/datasets/researchersajid/mangoclassify-12-native-mango-dataset-from-bd/MangoClassify-12/Sundari/IMG20250517165527.jpg,Sundari,/kaggle/working/small/Sundari/03771.jpg,11,1393,train
/kaggle/input/datasets/researchersajid/mangoclassify-12-native-mango-dataset-from-bd/MangoClassify-12/Sundari/IMG20250517165535.jpg,Sundari,/kaggle/working/small/Sundari/03772.jpg,11,1391,train
/kaggle/input/datasets/researchersajid/mangoclassify-12-native-mango-dataset-from-bd/MangoClassify-12/Sundari/IMG20250517165542.jpg,Sundari,/kaggle/working/small/Sundari/03773.jpg,11,1463,train
/kaggle/input/datasets/researchersajid/mangoclassify-12-native-mango-dataset-from-bd/MangoClassify-12/Sundari/IMG20250517165547.jpg,Sundari,/kaggle/working/small/Sundari/03774.jpg,11,1472,test
/kaggle/input/datasets/researchersajid/mangoclassify-12-native-mango-dataset-from-bd/MangoClassify-12/Sundari/IMG20250517165602.jpg,Sundari,/kaggle/working/small/Sundari/03775.jpg,11,1391,train
/kaggle/input/datasets/researchersajid/mangoclassify-12-native-mango-dataset-from-bd/MangoClassify-12/Sundari/IMG20250517165610.jpg,Sundari,/kaggle/working/small/Sundari/03776.jpg,11,1404,train
/kaggle/input/datasets/researchersajid/mangoclassify-12-native-mango-dataset-from-bd/MangoClassify-12/Sundari/IMG20250517165624.jpg,Sundari,/kaggle/working/small/Sundari/03777.jpg,11,1391,train
/kaggle/input/datasets/researchersajid/mangoclassify-12-native-mango-dataset-from-bd/MangoClassify-12/Sundari/IMG20250517165630.jpg,Sundari,/kaggle/working/small/Sundari/03778.jpg,11,1427,val
/kaggle/input/datasets/researchersajid/mangoclassify-12-native-mango-dataset-from-bd/MangoClassify-12/Sundari/IMG20250517165648.jpg,Sundari,/kaggle/working/small/Sundari/03779.jpg,11,1428,test
/kaggle/input/datasets/researchersajid/mangoclassify-12-native-mango-dataset-from-bd/MangoClassify-12/Sundari/IMG20250517165654.jpg,Sundari,/kaggle/working/small/Sundari/03780.jpg,11,1393,train
/kaggle/input/datasets/researchersajid/mangoclassify-12-native-mango-dataset-from-bd/MangoClassify-12/Sundari/IMG20250517165712.jpg,Sundari,/kaggle/working/small/Sundari/03781.jpg,11,1446,train
/kaggle/input/datasets/researchersajid/mangoclassify-12-native-mango-dataset-from-bd/MangoClassify-12/Sundari/IMG_20250517_164224.jpg,Sundari,/kaggle/working/small/Sundari/03782.jpg,11,1392,test
/kaggle/input/datasets/researchersajid/mangoclassify-12-native-mango-dataset-from-bd/MangoClassify-12/Sundari/IMG_20250517_164229.jpg,Sundari,/kaggle/working/small/Sundari/03783.jpg,11,1406,test
/kaggle/input/datasets/researchersajid/mangoclassify-12-native-mango-dataset-from-bd/MangoClassify-12/Sundari/IMG_20250517_164234.jpg,Sundari,/kaggle/working/small/Sundari/03784.jpg,11,1429,train
/kaggle/input/datasets/researchersajid/mangoclassify-12-native-mango-dataset-from-bd/MangoClassify-12/Sundari/IMG_20250517_164239.jpg,Sundari,/kaggle/working/small/Sundari/03785.jpg,11,1406,test
/kaggle/input/datasets/researchersajid/mangoclassify-12-native-mango-dataset-from-bd/MangoClassify-12/Sundari/IMG_20250517_164245.jpg,Sundari,/kaggle/working/small/Sundari/03786.jpg,11,1406,test
/kaggle/input/datasets/researchersajid/mangoclassify-12-native-mango-dataset-from-bd/MangoClassify-12/Sundari/IMG_20250517_164301.jpg,Sundari,/kaggle/working/small/Sundari/03787.jpg,11,1431,val
/kaggle/input/datasets/researchersajid/mangoclassify-12-native-mango-dataset-from-bd/MangoClassify-12/Sundari/IMG_20250517_164310.jpg,Sundari,/kaggle/working/small/Sundari/03788.jpg,11,1450,train
/kaggle/input/datasets/researchersajid/mangoclassify-12-native-mango-dataset-from-bd/MangoClassify-12/Sundari/IMG_20250517_164314.jpg,Sundari,/kaggle/working/small/Sundari/03789.jpg,11,1444,train
/kaggle/input/datasets/researchersajid/mangoclassify-12-native-mango-dataset-from-bd/MangoClassify-12/Sundari/IMG_20250517_164321.jpg,Sundari,/kaggle/working/small/Sundari/03790.jpg,11,1471,val
/kaggle/input/datasets/researchersajid/mangoclassify-12-native-mango-dataset-from-bd/MangoClassify-12/Sundari/IMG_20250517_164328.jpg,Sundari,/kaggle/working/small/Sundari/03791.jpg,11,1458,train
/kaggle/input/datasets/researchersajid/mangoclassify-12-native-mango-dataset-from-bd/MangoClassify-12/Sundari/IMG_20250517_164335.jpg,Sundari,/kaggle/working/small/Sundari/03792.jpg,11,1455,test
/kaggle/input/datasets/researchersajid/mangoclassify-12-native-mango-dataset-from-bd/MangoClassify-12/Sundari/IMG_20250517_164343.jpg,Sundari,/kaggle/working/small/Sundari/03793.jpg,11,1416,val
/kaggle/input/datasets/researchersajid/mangoclassify-12-native-mango-dataset-from-bd/MangoClassify-12/Sundari/IMG_20250517_164352.jpg,Sundari,/kaggle/working/small/Sundari/03794.jpg,11,1406,test
/kaggle/input/datasets/researchersajid/mangoclassify-12-native-mango-dataset-from-bd/MangoClassify-12/Sundari/IMG_20250517_164359.jpg,Sundari,/kaggle/working/small/Sundari/03795.jpg,11,1400,train
/kaggle/input/datasets/researchersajid/mangoclassify-12-native-mango-dataset-from-bd/MangoClassify-12/Sundari/IMG_20250517_164408.jpg,Sundari,/kaggle/working/small/Sundari/03796.jpg,11,1396,train
/kaggle/input/datasets/researchersajid/mangoclassify-12-native-mango-dataset-from-bd/MangoClassify-12/Sundari/IMG_20250517_164416.jpg,Sundari,/kaggle/working/small/Sundari/03797.jpg,11,1416,val
/kaggle/input/datasets/researchersajid/mangoclassify-12-native-mango-dataset-from-bd/MangoClassify-12/Sundari/IMG_20250517_164420.jpg,Sundari,/kaggle/working/small/Sundari/03798.jpg,11,1416,val
/kaggle/input/datasets/researchersajid/mangoclassify-12-native-mango-dataset-from-bd/MangoClassify-12/Sundari/IMG_20250517_164430.jpg,Sundari,/kaggle/working/small/Sundari/03799.jpg,11,1429,train
/kaggle/input/datasets/researchersajid/mangoclassify-12-native-mango-dataset-from-bd/MangoClassify-12/Sundari/IMG_20250517_164434.jpg,Sundari,/kaggle/working/small/Sundari/03800.jpg,11,1400,train
/kaggle/input/datasets/researchersajid/mangoclassify-12-native-mango-dataset-from-bd/MangoClassify-12/Sundari/IMG_20250517_164438.jpg,Sundari,/kaggle/working/small/Sundari/03801.jpg,11,1451,train
/kaggle/input/datasets/researchersajid/mangoclassify-12-native-mango-dataset-from-bd/MangoClassify-12/Sundari/IMG_20250517_164446.jpg,Sundari,/kaggle/working/small/Sundari/03802.jpg,11,1421,test
/kaggle/input/datasets/researchersajid/mangoclassify-12-native-mango-dataset-from-bd/MangoClassify-12/Sundari/IMG_20250517_164454.jpg,Sundari,/kaggle/working/small/Sundari/03803.jpg,11,1451,train
/kaggle/input/datasets/researchersajid/mangoclassify-12-native-mango-dataset-from-bd/MangoClassify-12/Sundari/IMG_20250517_164506.jpg,Sundari,/kaggle/working/small/Sundari/03804.jpg,11,1497,train
/kaggle/input/datasets/researchersajid/mangoclassify-12-native-mango-dataset-from-bd/MangoClassify-12/Sundari/IMG_20250517_164515.jpg,Sundari,/kaggle/working/small/Sundari/03805.jpg,11,1405,train
/kaggle/input/datasets/researchersajid/mangoclassify-12-native-mango-dataset-from-bd/MangoClassify-12/Sundari/IMG_20250517_164522.jpg,Sundari,/kaggle/working/small/Sundari/03806.jpg,11,1476,test
/kaggle/input/datasets/researchersajid/mangoclassify-12-native-mango-dataset-from-bd/MangoClassify-12/Sundari/IMG_20250517_164525.jpg,Sundari,/kaggle/working/small/Sundari/03807.jpg,11,1476,test
/kaggle/input/datasets/researchersajid/mangoclassify-12-native-mango-dataset-from-bd/MangoClassify-12/Sundari/IMG_20250517_164533.jpg,Sundari,/kaggle/working/small/Sundari/03808.jpg,11,1405,train
/kaggle/input/datasets/researchersajid/mangoclassify-12-native-mango-dataset-from-bd/MangoClassify-12/Sundari/IMG_20250517_164546.jpg,Sundari,/kaggle/working/small/Sundari/03809.jpg,11,1394,val
/kaggle/input/datasets/researchersajid/mangoclassify-12-native-mango-dataset-from-bd/MangoClassify-12/Sundari/IMG_20250517_164550.jpg,Sundari,/kaggle/working/small/Sundari/03810.jpg,11,1484,val
/kaggle/input/datasets/researchersajid/mangoclassify-12-native-mango-dataset-from-bd/MangoClassify-12/Sundari/IMG_20250517_164553.jpg,Sundari,/kaggle/working/small/Sundari/03811.jpg,11,1406,test
/kaggle/input/datasets/researchersajid/mangoclassify-12-native-mango-dataset-from-bd/MangoClassify-12/Sundari/IMG_20250517_164604.jpg,Sundari,/kaggle/working/small/Sundari/03812.jpg,11,1394,val
/kaggle/input/datasets/researchersajid/mangoclassify-12-native-mango-dataset-from-bd/MangoClassify-12/Sundari/IMG_20250517_164609.jpg,Sundari,/kaggle/working/small/Sundari/03813.jpg,11,1395,train
/kaggle/input/datasets/researchersajid/mangoclassify-12-native-mango-dataset-from-bd/MangoClassify-12/Sundari/IMG_20250517_164614.jpg,Sundari,/kaggle/working/small/Sundari/03814.jpg,11,1395,train
/kaggle/input/datasets/researchersajid/mangoclassify-12-native-mango-dataset-from-bd/MangoClassify-12/Sundari/IMG_20250517_164625.jpg,Sundari,/kaggle/working/small/Sundari/03815.jpg,11,1419,train
/kaggle/input/datasets/researchersajid/mangoclassify-12-native-mango-dataset-from-bd/MangoClassify-12/Sundari/IMG_20250517_164636.jpg,Sundari,/kaggle/working/small/Sundari/03816.jpg,11,1383,train
/kaggle/input/datasets/researchersajid/mangoclassify-12-native-mango-dataset-from-bd/MangoClassify-12/Sundari/IMG_20250517_164642.jpg,Sundari,/kaggle/working/small/Sundari/03817.jpg,11,1453,train
/kaggle/input/datasets/researchersajid/mangoclassify-12-native-mango-dataset-from-bd/MangoClassify-12/Sundari/IMG_20250517_164647.jpg,Sundari,/kaggle/working/small/Sundari/03818.jpg,11,1477,train
/kaggle/input/datasets/researchersajid/mangoclassify-12-native-mango-dataset-from-bd/MangoClassify-12/Sundari/IMG_20250517_164649.jpg,Sundari,/kaggle/working/small/Sundari/03819.jpg,11,1477,train
/kaggle/input/datasets/researchersajid/mangoclassify-12-native-mango-dataset-from-bd/MangoClassify-12/Sundari/IMG_20250517_164700.jpg,Sundari,/kaggle/working/small/Sundari/03820.jpg,11,1465,val
/kaggle/input/datasets/researchersajid/mangoclassify-12-native-mango-dataset-from-bd/MangoClassify-12/Sundari/IMG_20250517_164710.jpg,Sundari,/kaggle/working/small/Sundari/03821.jpg,11,1494,train
/kaggle/input/datasets/researchersajid/mangoclassify-12-native-mango-dataset-from-bd/MangoClassify-12/Sundari/IMG_20250517_164716.jpg,Sundari,/kaggle/working/small/Sundari/03822.jpg,11,1400,train
/kaggle/input/datasets/researchersajid/mangoclassify-12-native-mango-dataset-from-bd/MangoClassify-12/Sundari/IMG_20250517_164720.jpg,Sundari,/kaggle/working/small/Sundari/03823.jpg,11,1385,train
/kaggle/input/datasets/researchersajid/mangoclassify-12-native-mango-dataset-from-bd/MangoClassify-12/Sundari/IMG_20250517_164723.jpg,Sundari,/kaggle/working/small/Sundari/03824.jpg,11,1495,test
/kaggle/input/datasets/researchersajid/mangoclassify-12-native-mango-dataset-from-bd/MangoClassify-12/Sundari/IMG_20250517_164731.jpg,Sundari,/kaggle/working/small/Sundari/03825.jpg,11,1391,train
/kaggle/input/datasets/researchersajid/mangoclassify-12-native-mango-dataset-from-bd/MangoClassify-12/Sundari/IMG_20250517_164744.jpg,Sundari,/kaggle/working/small/Sundari/03826.jpg,11,1386,val
/kaggle/input/datasets/researchersajid/mangoclassify-12-native-mango-dataset-from-bd/MangoClassify-12/Sundari/IMG_20250517_164750.jpg,Sundari,/kaggle/working/small/Sundari/03827.jpg,11,1386,val
/kaggle/input/datasets/researchersajid/mangoclassify-12-native-mango-dataset-from-bd/MangoClassify-12/Sundari/IMG_20250517_164757.jpg,Sundari,/kaggle/working/small/Sundari/03828.jpg,11,1492,train
/kaggle/input/datasets/researchersajid/mangoclassify-12-native-mango-dataset-from-bd/MangoClassify-12/Sundari/IMG_20250517_164804.jpg,Sundari,/kaggle/working/small/Sundari/03829.jpg,11,1439,train
/kaggle/input/datasets/researchersajid/mangoclassify-12-native-mango-dataset-from-bd/MangoClassify-12/Sundari/IMG_20250517_164807.jpg,Sundari,/kaggle/working/small/Sundari/03830.jpg,11,1413,train
/kaggle/input/datasets/researchersajid/mangoclassify-12-native-mango-dataset-from-bd/MangoClassify-12/Sundari/IMG_20250517_164812.jpg,Sundari,/kaggle/working/small/Sundari/03831.jpg,11,1421,test
/kaggle/input/datasets/researchersajid/mangoclassify-12-native-mango-dataset-from-bd/MangoClassify-12/Sundari/IMG_20250517_164821.jpg,Sundari,/kaggle/working/small/Sundari/03832.jpg,11,1496,train
/kaggle/input/datasets/researchersajid/mangoclassify-12-native-mango-dataset-from-bd/MangoClassify-12/Sundari/IMG_20250517_164826.jpg,Sundari,/kaggle/working/small/Sundari/03833.jpg,11,1438,val
/kaggle/input/datasets/researchersajid/mangoclassify-12-native-mango-dataset-from-bd/MangoClassify-12/Sundari/IMG_20250517_164835.jpg,Sundari,/kaggle/working/small/Sundari/03834.jpg,11,1437,train
/kaggle/input/datasets/researchersajid/mangoclassify-12-native-mango-dataset-from-bd/MangoClassify-12/Sundari/IMG_20250517_164845.jpg,Sundari,/kaggle/working/small/Sundari/03835.jpg,11,1434,train
/kaggle/input/datasets/researchersajid/mangoclassify-12-native-mango-dataset-from-bd/MangoClassify-12/Sundari/IMG_20250517_164848.jpg,Sundari,/kaggle/working/small/Sundari/03836.jpg,11,1402,train
/kaggle/input/datasets/researchersajid/mangoclassify-12-native-mango-dataset-from-bd/MangoClassify-12/Sundari/IMG_20250517_164900.jpg,Sundari,/kaggle/working/small/Sundari/03837.jpg,11,1401,train
/kaggle/input/datasets/researchersajid/mangoclassify-12-native-mango-dataset-from-bd/MangoClassify-12/Sundari/IMG_20250517_164912.jpg,Sundari,/kaggle/working/small/Sundari/03838.jpg,11,1475,train
/kaggle/input/datasets/researchersajid/mangoclassify-12-native-mango-dataset-from-bd/MangoClassify-12/Sundari/IMG_20250517_164917.jpg,Sundari,/kaggle/working/small/Sundari/03839.jpg,11,1423,train
/kaggle/input/datasets/researchersajid/mangoclassify-12-native-mango-dataset-from-bd/MangoClassify-12/Sundari/IMG_20250517_164921.jpg,Sundari,/kaggle/working/small/Sundari/03840.jpg,11,1398,test
/kaggle/input/datasets/researchersajid/mangoclassify-12-native-mango-dataset-from-bd/MangoClassify-12/Sundari/IMG_20250517_164931.jpg,Sundari,/kaggle/working/small/Sundari/03841.jpg,11,1500,train
/kaggle/input/datasets/researchersajid/mangoclassify-12-native-mango-dataset-from-bd/MangoClassify-12/Sundari/IMG_20250517_164935.jpg,Sundari,/kaggle/working/small/Sundari/03842.jpg,11,1475,train
/kaggle/input/datasets/researchersajid/mangoclassify-12-native-mango-dataset-from-bd/MangoClassify-12/Sundari/IMG_20250517_164943.jpg,Sundari,/kaggle/working/small/Sundari/03843.jpg,11,1412,train
/kaggle/input/datasets/researchersajid/mangoclassify-12-native-mango-dataset-from-bd/MangoClassify-12/Sundari/IMG_20250517_164946.jpg,Sundari,/kaggle/working/small/Sundari/03844.jpg,11,1443,train
/kaggle/input/datasets/researchersajid/mangoclassify-12-native-mango-dataset-from-bd/MangoClassify-12/Sundari/IMG_20250517_164949.jpg,Sundari,/kaggle/working/small/Sundari/03845.jpg,11,1412,train
/kaggle/input/datasets/researchersajid/mangoclassify-12-native-mango-dataset-from-bd/MangoClassify-12/Sundari/IMG_20250517_164955.jpg,Sundari,/kaggle/working/small/Sundari/03846.jpg,11,1489,train
/kaggle/input/datasets/researchersajid/mangoclassify-12-native-mango-dataset-from-bd/MangoClassify-12/Sundari/IMG_20250517_165018.jpg,Sundari,/kaggle/working/small/Sundari/03847.jpg,11,1408,train
/kaggle/input/datasets/researchersajid/mangoclassify-12-native-mango-dataset-from-bd/MangoClassify-12/Sundari/IMG_20250517_165027.jpg,Sundari,/kaggle/working/small/Sundari/03848.jpg,11,1407,val
/kaggle/input/datasets/researchersajid/mangoclassify-12-native-mango-dataset-from-bd/MangoClassify-12/Sundari/IMG_20250517_165035.jpg,Sundari,/kaggle/working/small/Sundari/03849.jpg,11,1479,train
/kaggle/input/datasets/researchersajid/mangoclassify-12-native-mango-dataset-from-bd/MangoClassify-12/Sundari/IMG_20250517_165044.jpg,Sundari,/kaggle/working/small/Sundari/03850.jpg,11,1447,train
/kaggle/input/datasets/researchersajid/mangoclassify-12-native-mango-dataset-from-bd/MangoClassify-12/Sundari/IMG_20250517_165054.jpg,Sundari,/kaggle/working/small/Sundari/03851.jpg,11,1426,train
/kaggle/input/datasets/researchersajid/mangoclassify-12-native-mango-dataset-from-bd/MangoClassify-12/Sundari/IMG_20250517_165100.jpg,Sundari,/kaggle/working/small/Sundari/03852.jpg,11,1435,train
/kaggle/input/datasets/researchersajid/mangoclassify-12-native-mango-dataset-from-bd/MangoClassify-12/Sundari/IMG_20250517_165106.jpg,Sundari,/kaggle/working/small/Sundari/03853.jpg,11,1401,train
/kaggle/input/datasets/researchersajid/mangoclassify-12-native-mango-dataset-from-bd/MangoClassify-12/Sundari/IMG_20250517_165111.jpg,Sundari,/kaggle/working/small/Sundari/03854.jpg,11,1408,train
/kaggle/input/datasets/researchersajid/mangoclassify-12-native-mango-dataset-from-bd/MangoClassify-12/Sundari/IMG_20250517_165120.jpg,Sundari,/kaggle/working/small/Sundari/03855.jpg,11,1414,train
/kaggle/input/datasets/researchersajid/mangoclassify-12-native-mango-dataset-from-bd/MangoClassify-12/Sundari/IMG_20250517_165124.jpg,Sundari,/kaggle/working/small/Sundari/03856.jpg,11,1440,train
/kaggle/input/datasets/researchersajid/mangoclassify-12-native-mango-dataset-from-bd/MangoClassify-12/Sundari/IMG_20250517_165128.jpg,Sundari,/kaggle/working/small/Sundari/03857.jpg,11,1409,train
/kaggle/input/datasets/researchersajid/mangoclassify-12-native-mango-dataset-from-bd/MangoClassify-12/Sundari/IMG_20250517_165131.jpg,Sundari,/kaggle/working/small/Sundari/03858.jpg,11,1436,train
/kaggle/input/datasets/researchersajid/mangoclassify-12-native-mango-dataset-from-bd/MangoClassify-12/Sundari/IMG_20250517_165154.jpg,Sundari,/kaggle/working/small/Sundari/03859.jpg,11,1441,train
/kaggle/input/datasets/researchersajid/mangoclassify-12-native-mango-dataset-from-bd/MangoClassify-12/Sundari/IMG_20250517_165203.jpg,Sundari,/kaggle/working/small/Sundari/03860.jpg,11,1396,train
/kaggle/input/datasets/researchersajid/mangoclassify-12-native-mango-dataset-from-bd/MangoClassify-12/Sundari/IMG_20250517_165205.jpg,Sundari,/kaggle/working/small/Sundari/03861.jpg,11,1449,train
/kaggle/input/datasets/researchersajid/mangoclassify-12-native-mango-dataset-from-bd/MangoClassify-12/Sundari/IMG_20250517_165208.jpg,Sundari,/kaggle/working/small/Sundari/03862.jpg,11,1396,train
/kaggle/input/datasets/researchersajid/mangoclassify-12-native-mango-dataset-from-bd/MangoClassify-12/Sundari/IMG_20250517_165211.jpg,Sundari,/kaggle/working/small/Sundari/03863.jpg,11,1421,test
/kaggle/input/datasets/researchersajid/mangoclassify-12-native-mango-dataset-from-bd/MangoClassify-12/Sundari/IMG_20250517_165214.jpg,Sundari,/kaggle/working/small/Sundari/03864.jpg,11,1441,train
/kaggle/input/datasets/researchersajid/mangoclassify-12-native-mango-dataset-from-bd/MangoClassify-12/Sundari/IMG_20250517_165230.jpg,Sundari,/kaggle/working/small/Sundari/03865.jpg,11,1483,train
/kaggle/input/datasets/researchersajid/mangoclassify-12-native-mango-dataset-from-bd/MangoClassify-12/Sundari/IMG_20250517_165234.jpg,Sundari,/kaggle/working/small/Sundari/03866.jpg,11,1442,test
/kaggle/input/datasets/researchersajid/mangoclassify-12-native-mango-dataset-from-bd/MangoClassify-12/Sundari/IMG_20250517_165237.jpg,Sundari,/kaggle/working/small/Sundari/03867.jpg,11,1385,train
/kaggle/input/datasets/researchersajid/mangoclassify-12-native-mango-dataset-from-bd/MangoClassify-12/Sundari/IMG_20250517_165242.jpg,Sundari,/kaggle/working/small/Sundari/03868.jpg,11,1469,train
/kaggle/input/datasets/researchersajid/mangoclassify-12-native-mango-dataset-from-bd/MangoClassify-12/Sundari/IMG_20250517_165246.jpg,Sundari,/kaggle/working/small/Sundari/03869.jpg,11,1415,train
/kaggle/input/datasets/researchersajid/mangoclassify-12-native-mango-dataset-from-bd/MangoClassify-12/Sundari/IMG_20250517_165249.jpg,Sundari,/kaggle/working/small/Sundari/03870.jpg,11,1442,test
/kaggle/input/datasets/researchersajid/mangoclassify-12-native-mango-dataset-from-bd/MangoClassify-12/Sundari/IMG_20250517_165259.jpg,Sundari,/kaggle/working/small/Sundari/03871.jpg,11,1425,test
/kaggle/input/datasets/researchersajid/mangoclassify-12-native-mango-dataset-from-bd/MangoClassify-12/Sundari/IMG_20250517_165306.jpg,Sundari,/kaggle/working/small/Sundari/03872.jpg,11,1411,train
/kaggle/input/datasets/researchersajid/mangoclassify-12-native-mango-dataset-from-bd/MangoClassify-12/Sundari/IMG_20250517_165311.jpg,Sundari,/kaggle/working/small/Sundari/03873.jpg,11,1425,test
/kaggle/input/datasets/researchersajid/mangoclassify-12-native-mango-dataset-from-bd/MangoClassify-12/Sundari/IMG_20250517_165315.jpg,Sundari,/kaggle/working/small/Sundari/03874.jpg,11,1402,train
/kaggle/input/datasets/researchersajid/mangoclassify-12-native-mango-dataset-from-bd/MangoClassify-12/Sundari/IMG_20250517_165319.jpg,Sundari,/kaggle/working/small/Sundari/03875.jpg,11,1454,train
/kaggle/input/datasets/researchersajid/mangoclassify-12-native-mango-dataset-from-bd/MangoClassify-12/Sundari/IMG_20250517_165349.jpg,Sundari,/kaggle/working/small/Sundari/03876.jpg,11,1401,train
/kaggle/input/datasets/researchersajid/mangoclassify-12-native-mango-dataset-from-bd/MangoClassify-12/Sundari/IMG_20250517_165353.jpg,Sundari,/kaggle/working/small/Sundari/03877.jpg,11,1401,train
/kaggle/input/datasets/researchersajid/mangoclassify-12-native-mango-dataset-from-bd/MangoClassify-12/Sundari/IMG_20250517_165359.jpg,Sundari,/kaggle/working/small/Sundari/03878.jpg,11,1421,test
/kaggle/input/datasets/researchersajid/mangoclassify-12-native-mango-dataset-from-bd/MangoClassify-12/Sundari/IMG_20250517_165403.jpg,Sundari,/kaggle/working/small/Sundari/03879.jpg,11,1392,test
/kaggle/input/datasets/researchersajid/mangoclassify-12-native-mango-dataset-from-bd/MangoClassify-12/Sundari/IMG_20250517_165409.jpg,Sundari,/kaggle/working/small/Sundari/03880.jpg,11,1401,train
/kaggle/input/datasets/researchersajid/mangoclassify-12-native-mango-dataset-from-bd/MangoClassify-12/Sundari/IMG_20250517_165414.jpg,Sundari,/kaggle/working/small/Sundari/03881.jpg,11,1502,train
/kaggle/input/datasets/researchersajid/mangoclassify-12-native-mango-dataset-from-bd/MangoClassify-12/Sundari/IMG_20250517_165421.jpg,Sundari,/kaggle/working/small/Sundari/03882.jpg,11,1430,val
/kaggle/input/datasets/researchersajid/mangoclassify-12-native-mango-dataset-from-bd/MangoClassify-12/Sundari/IMG_20250517_165449.jpg,Sundari,/kaggle/working/small/Sundari/03883.jpg,11,1402,train
/kaggle/input/datasets/researchersajid/mangoclassify-12-native-mango-dataset-from-bd/MangoClassify-12/Sundari/IMG_20250517_165501.jpg,Sundari,/kaggle/working/small/Sundari/03884.jpg,11,1456,val
/kaggle/input/datasets/researchersajid/mangoclassify-12-native-mango-dataset-from-bd/MangoClassify-12/Sundari/IMG_20250517_165510.jpg,Sundari,/kaggle/working/small/Sundari/03885.jpg,11,1448,train
/kaggle/input/datasets/researchersajid/mangoclassify-12-native-mango-dataset-from-bd/MangoClassify-12/Sundari/IMG_20250517_165515.jpg,Sundari,/kaggle/working/small/Sundari/03886.jpg,11,1410,val
/kaggle/input/datasets/researchersajid/mangoclassify-12-native-mango-dataset-from-bd/MangoClassify-12/Sundari/IMG_20250517_165530.jpg,Sundari,/kaggle/working/small/Sundari/03887.jpg,11,1399,train
/kaggle/input/datasets/researchersajid/mangoclassify-12-native-mango-dataset-from-bd/MangoClassify-12/Sundari/IMG_20250517_165548.jpg,Sundari,/kaggle/working/small/Sundari/03888.jpg,11,1383,train
/kaggle/input/datasets/researchersajid/mangoclassify-12-native-mango-dataset-from-bd/MangoClassify-12/Sundari/IMG_20250517_165551.jpg,Sundari,/kaggle/working/small/Sundari/03889.jpg,11,1383,train
/kaggle/input/datasets/researchersajid/mangoclassify-12-native-mango-dataset-from-bd/MangoClassify-12/Sundari/IMG_20250517_165557.jpg,Sundari,/kaggle/working/small/Sundari/03890.jpg,11,1383,train
/kaggle/input/datasets/researchersajid/mangoclassify-12-native-mango-dataset-from-bd/MangoClassify-12/Sundari/IMG_20250517_165606.jpg,Sundari,/kaggle/working/small/Sundari/03891.jpg,11,1383,train
/kaggle/input/datasets/researchersajid/mangoclassify-12-native-mango-dataset-from-bd/MangoClassify-12/Sundari/IMG_20250517_165610.jpg,Sundari,/kaggle/working/small/Sundari/03892.jpg,11,1398,test
/kaggle/input/datasets/researchersajid/mangoclassify-12-native-mango-dataset-from-bd/MangoClassify-12/Sundari/IMG_20250517_165621.jpg,Sundari,/kaggle/working/small/Sundari/03893.jpg,11,1398,test
/kaggle/input/datasets/researchersajid/mangoclassify-12-native-mango-dataset-from-bd/MangoClassify-12/Sundari/IMG_20250517_165628.jpg,Sundari,/kaggle/working/small/Sundari/03894.jpg,11,1398,test
/kaggle/input/datasets/researchersajid/mangoclassify-12-native-mango-dataset-from-bd/MangoClassify-12/Sundari/IMG_20250517_165646.jpg,Sundari,/kaggle/working/small/Sundari/03895.jpg,11,1387,train
/kaggle/input/datasets/researchersajid/mangoclassify-12-native-mango-dataset-from-bd/MangoClassify-12/Sundari/IMG_20250517_165649.jpg,Sundari,/kaggle/working/small/Sundari/03896.jpg,11,1387,train
/kaggle/input/datasets/researchersajid/mangoclassify-12-native-mango-dataset-from-bd/MangoClassify-12/Sundari/IMG_20250517_165658.jpg,Sundari,/kaggle/working/small/Sundari/03897.jpg,11,1387,train
/kaggle/input/datasets/researchersajid/mangoclassify-12-native-mango-dataset-from-bd/MangoClassify-12/Sundari/IMG_20250517_165702.jpg,Sundari,/kaggle/working/small/Sundari/03898.jpg,11,1399,train
/kaggle/input/datasets/researchersajid/mangoclassify-12-native-mango-dataset-from-bd/MangoClassify-12/Sundari/IMG_20250517_165706.jpg,Sundari,/kaggle/working/small/Sundari/03899.jpg,11,1411,train
